#ifdef VIETHUD_P4 /* 1.5x fonts for the P4 native-resolution UI (src/ui/UiScale.h) */
/******************************************************************************
 * LVGL v9 font: ASCII (0x20-0x7E) + full Vietnamese repertoire
 * Size: 21 px  Bpp: 4  Source: arial.ttf
 *
 * GENERATED by tools/fonts/gen_vn_font.py -- do NOT hand-edit. Re-run the
 * generator to change size/subset. bpp=4 PLAIN, TINY(ascii)+SPARSE(vn) cmaps
 * (the only combo this project's pinned lvgl 9.2.2 decoder renders correctly).
 ******************************************************************************/

#ifdef LV_LVGL_H_INCLUDE_SIMPLE
    #include "lvgl.h"
#else
    #include "lvgl/lvgl.h"
#endif

#ifndef LV_FONT_VN_21
#define LV_FONT_VN_21 1
#endif

#if LV_FONT_VN_21

/*-----------------
 *    BITMAPS
 *----------------*/
static LV_ATTRIBUTE_LARGE_CONST const uint8_t glyph_bitmap[] = {
    0x3f, 0xf1, 0x3f, 0xf1, 0x3f, 0xf1, 0x3f, 0xf1, 0x1f, 0xf0, 0x0f, 0xe0, 0x0e, 0xd0, 0x0d, 0xc0,
    0x0c, 0xb0, 0x0b, 0xa0, 0x0a, 0x90, 0x00, 0x00, 0x00, 0x00, 0x2f, 0xf0, 0x2f, 0xf0, 0x0f, 0xf1,
    0x9f, 0x70, 0xff, 0x19, 0xf7, 0x0f, 0xf0, 0x9f, 0x60, 0xcd, 0x06, 0xf4, 0x09, 0xa0, 0x3f, 0x10,
    0x00, 0x00, 0xda, 0x00, 0x2f, 0x60, 0x00, 0x02, 0xf6, 0x00, 0x5f, 0x30, 0x00, 0x05, 0xf3, 0x00,
    0x9e, 0x00, 0x00, 0x08, 0xe0, 0x00, 0xcb, 0x00, 0xcf, 0xff, 0xff, 0xff, 0xff, 0xf6, 0x68, 0x8f,
    0xb8, 0x8a, 0xfa, 0x83, 0x00, 0x3f, 0x50, 0x07, 0xf2, 0x00, 0x00, 0x6f, 0x20, 0x0a, 0xd0, 0x00,
    0x00, 0xae, 0x00, 0x0d, 0xa0, 0x00, 0xcf, 0xff, 0xff, 0xff, 0xff, 0xf6, 0x68, 0xfb, 0x88, 0xaf,
    0x98, 0x83, 0x04, 0xf4, 0x00, 0x7f, 0x10, 0x00, 0x07, 0xf1, 0x00, 0xad, 0x00, 0x00, 0x0a, 0xd0,
    0x00, 0xda, 0x00, 0x00, 0x0d, 0xa0, 0x01, 0xf7, 0x00, 0x00, 0x00, 0x00, 0x0c, 0x50, 0x00, 0x00,
    0x02, 0x9d, 0xfe, 0xb4, 0x00, 0x02, 0xef, 0xbd, 0xbe, 0xf5, 0x00, 0xaf, 0x60, 0xc5, 0x3f, 0xe0,
    0x0d, 0xe0, 0x0c, 0x50, 0xad, 0x20, 0xdf, 0x20, 0xc5, 0x00, 0x00, 0x09, 0xfc, 0x4c, 0x50, 0x00,
    0x00, 0x1c, 0xff, 0xfc, 0x71, 0x00, 0x00, 0x06, 0xcf, 0xff, 0xe5, 0x00, 0x00, 0x00, 0xc9, 0xbf,
    0xf3, 0x00, 0x00, 0x0c, 0x50, 0x9f, 0x82, 0xca, 0x00, 0xc5, 0x04, 0xfa, 0x1f, 0xe1, 0x0c, 0x50,
    0x5f, 0x90, 0xaf, 0x90, 0xc5, 0x1c, 0xf4, 0x02, 0xef, 0xcd, 0xbd, 0xf9, 0x00, 0x01, 0x8d, 0xff,
    0xc6, 0x00, 0x00, 0x00, 0x0c, 0x50, 0x00, 0x00, 0x00, 0x00, 0xc5, 0x00, 0x00, 0x05, 0xdf, 0xc3,
    0x00, 0x00, 0x09, 0xd0, 0x00, 0x02, 0xfa, 0x5c, 0xe1, 0x00, 0x03, 0xf5, 0x00, 0x00, 0x9f, 0x10,
    0x2f, 0x70, 0x00, 0xbc, 0x00, 0x00, 0x0b, 0xd0, 0x00, 0xf9, 0x00, 0x4f, 0x40, 0x00, 0x00, 0xbd,
    0x00, 0x0f, 0x90, 0x0c, 0xb0, 0x00, 0x00, 0x09, 0xf1, 0x03, 0xf6, 0x05, 0xf2, 0x00, 0x00, 0x00,
    0x3f, 0xa5, 0xce, 0x10, 0xd9, 0x00, 0x00, 0x00, 0x00, 0x5d, 0xfc, 0x30, 0x7e, 0x20, 0x8e, 0xea,
    0x10, 0x00, 0x00, 0x00, 0x1e, 0x80, 0x6f, 0x86, 0xeb, 0x00, 0x00, 0x00, 0x08, 0xe1, 0x0d, 0xb0,
    0x07, 0xf2, 0x00, 0x00, 0x02, 0xf6, 0x00, 0xf9, 0x00, 0x4f, 0x50, 0x00, 0x00, 0xad, 0x00, 0x0f,
    0x90, 0x04, 0xf5, 0x00, 0x00, 0x3f, 0x50, 0x00, 0xdb, 0x00, 0x7f, 0x20, 0x00, 0x0b, 0xc0, 0x00,
    0x07, 0xf8, 0x5e, 0xa0, 0x00, 0x04, 0xf4, 0x00, 0x00, 0x08, 0xee, 0xa1, 0x00, 0x00, 0x00, 0x6c,
    0xed, 0x60, 0x00, 0x00, 0x00, 0x09, 0xfc, 0x8d, 0xf7, 0x00, 0x00, 0x00, 0x1f, 0xd0, 0x01, 0xfd,
    0x00, 0x00, 0x00, 0x2f, 0xc0, 0x00, 0xee, 0x00, 0x00, 0x00, 0x0d, 0xf6, 0x07, 0xf9, 0x00, 0x00,
    0x00, 0x04, 0xff, 0xbf, 0xa0, 0x00, 0x00, 0x00, 0x01, 0xcf, 0xf7, 0x00, 0x00, 0x00, 0x00, 0x5e,
    0xfc, 0xfd, 0x10, 0x00, 0x00, 0x04, 0xfd, 0x30, 0xbf, 0xa0, 0x8c, 0x40, 0x0c, 0xf3, 0x00, 0x1d,
    0xf7, 0xdf, 0x20, 0x1f, 0xe0, 0x00, 0x02, 0xef, 0xfc, 0x00, 0x0f, 0xf2, 0x00, 0x00, 0x6f, 0xf5,
    0x00, 0x0a, 0xfc, 0x10, 0x05, 0xef, 0xfd, 0x10, 0x01, 0xdf, 0xfc, 0xdf, 0xf7, 0x8f, 0xc2, 0x00,
    0x18, 0xdf, 0xea, 0x30, 0x07, 0xc2, 0x1f, 0xf0, 0x1f, 0xf0, 0x1f, 0xf0, 0x0d, 0xc0, 0x0b, 0x90,
    0x00, 0x07, 0xd1, 0x00, 0x2e, 0x50, 0x00, 0xbc, 0x00, 0x04, 0xf5, 0x00, 0x0b, 0xe0, 0x00, 0x1f,
    0xa0, 0x00, 0x5f, 0x70, 0x00, 0x8f, 0x50, 0x00, 0xaf, 0x30, 0x00, 0xbf, 0x30, 0x00, 0xaf, 0x40,
    0x00, 0x8f, 0x50, 0x00, 0x6f, 0x80, 0x00, 0x1f, 0xb0, 0x00, 0x0b, 0xf1, 0x00, 0x04, 0xf7, 0x00,
    0x00, 0xbd, 0x00, 0x00, 0x3f, 0x60, 0x00, 0x07, 0xe1, 0x7d, 0x10, 0x00, 0x0d, 0x90, 0x00, 0x05,
    0xf4, 0x00, 0x00, 0xdb, 0x00, 0x00, 0x7f, 0x30, 0x00, 0x3f, 0x90, 0x00, 0x0f, 0xd0, 0x00, 0x0c,
    0xf1, 0x00, 0x0b, 0xf2, 0x00, 0x0a, 0xf3, 0x00, 0x0b, 0xf3, 0x00, 0x0c, 0xf1, 0x00, 0x0f, 0xd0,
    0x00, 0x4f, 0x90, 0x00, 0x8f, 0x30, 0x00, 0xeb, 0x00, 0x05, 0xf4, 0x00, 0x0d, 0xa0, 0x00, 0x7d,
    0x10, 0x00, 0x00, 0x0a, 0xb0, 0x00, 0x2c, 0x59, 0xa4, 0xc3, 0x07, 0xee, 0xef, 0x91, 0x00, 0x3f,
    0xf4, 0x00, 0x01, 0xda, 0x9e, 0x20, 0x02, 0xb2, 0x1b, 0x30, 0x00, 0x00, 0xbf, 0x00, 0x00, 0x00,
    0x00, 0x0b, 0xf0, 0x00, 0x00, 0x00, 0x00, 0xbf, 0x00, 0x00, 0x00, 0x00, 0x0b, 0xf0, 0x00, 0x00,
    0xcf, 0xff, 0xff, 0xff, 0xff, 0x19, 0xbb, 0xbe, 0xfb, 0xbb, 0xb1, 0x00, 0x00, 0xbf, 0x00, 0x00,
    0x00, 0x00, 0x0b, 0xf0, 0x00, 0x00, 0x00, 0x00, 0xbf, 0x00, 0x00, 0x00, 0x00, 0x0b, 0xf0, 0x00,
    0x00, 0x2f, 0xf2, 0xff, 0x02, 0xe0, 0x9b, 0x1c, 0x20, 0x5f, 0xff, 0xff, 0x55, 0xff, 0xff, 0xf5,
    0x1f, 0xf0, 0x1f, 0xf0, 0x00, 0x00, 0xca, 0x00, 0x01, 0xf6, 0x00, 0x06, 0xf2, 0x00, 0x0a, 0xc0,
    0x00, 0x0e, 0x80, 0x00, 0x4f, 0x40, 0x00, 0x8e, 0x00, 0x00, 0xca, 0x00, 0x02, 0xf5, 0x00, 0x06,
    0xf1, 0x00, 0x0a, 0xc0, 0x00, 0x0e, 0x70, 0x00, 0x4f, 0x30, 0x00, 0x9e, 0x00, 0x00, 0xd9, 0x00,
    0x00, 0x00, 0x06, 0xce, 0xea, 0x20, 0x00, 0x08, 0xfd, 0x8a, 0xfe, 0x20, 0x03, 0xfc, 0x00, 0x04,
    0xfb, 0x00, 0x9f, 0x40, 0x00, 0x0b, 0xf2, 0x0d, 0xf0, 0x00, 0x00, 0x7f, 0x60, 0xfd, 0x00, 0x00,
    0x05, 0xf8, 0x1f, 0xc0, 0x00, 0x00, 0x4f, 0x92, 0xfc, 0x00, 0x00, 0x03, 0xfa, 0x1f, 0xc0, 0x00,
    0x00, 0x4f, 0x90, 0xfd, 0x00, 0x00, 0x05, 0xf8, 0x0d, 0xf0, 0x00, 0x00, 0x7f, 0x60, 0x9f, 0x40,
    0x00, 0x0b, 0xf2, 0x03, 0xfc, 0x10, 0x04, 0xfb, 0x00, 0x09, 0xfd, 0x8a, 0xfe, 0x20, 0x00, 0x06,
    0xcf, 0xea, 0x20, 0x00, 0x00, 0x00, 0xac, 0x00, 0x06, 0xfc, 0x00, 0x7f, 0xfc, 0x2b, 0xfb, 0xfc,
    0xbf, 0x91, 0xfc, 0x95, 0x00, 0xfc, 0x00, 0x00, 0xfc, 0x00, 0x00, 0xfc, 0x00, 0x00, 0xfc, 0x00,
    0x00, 0xfc, 0x00, 0x00, 0xfc, 0x00, 0x00, 0xfc, 0x00, 0x00, 0xfc, 0x00, 0x00, 0xfc, 0x00, 0x00,
    0xfc, 0x00, 0x18, 0xce, 0xec, 0x50, 0x00, 0x2e, 0xfb, 0x89, 0xef, 0x80, 0x0a, 0xf7, 0x00, 0x01,
    0xdf, 0x30, 0xce, 0x00, 0x00, 0x07, 0xf7, 0x00, 0x00, 0x00, 0x00, 0x6f, 0x80, 0x00, 0x00, 0x00,
    0x0b, 0xf5, 0x00, 0x00, 0x00, 0x06, 0xfd, 0x00, 0x00, 0x00, 0x05, 0xfe, 0x30, 0x00, 0x00, 0x06,
    0xfe, 0x40, 0x00, 0x00, 0x08, 0xfe, 0x30, 0x00, 0x00, 0x0a, 0xfc, 0x20, 0x00, 0x00, 0x0a, 0xfb,
    0x10, 0x00, 0x00, 0x07, 0xfc, 0x00, 0x00, 0x00, 0x01, 0xef, 0xcb, 0xbb, 0xbb, 0xb7, 0x5f, 0xff,
    0xff, 0xff, 0xff, 0x90, 0x00, 0x18, 0xde, 0xd9, 0x20, 0x00, 0x1c, 0xfb, 0x8a, 0xfe, 0x30, 0x08,
    0xf8, 0x00, 0x05, 0xfb, 0x00, 0x9e, 0x10, 0x00, 0x0e, 0xe0, 0x00, 0x00, 0x00, 0x02, 0xfd, 0x00,
    0x00, 0x00, 0x14, 0xdf, 0x50, 0x00, 0x00, 0x5f, 0xff, 0x60, 0x00, 0x00, 0x04, 0x89, 0xef, 0x80,
    0x00, 0x00, 0x00, 0x02, 0xdf, 0x40, 0x00, 0x00, 0x00, 0x06, 0xf9, 0x00, 0x00, 0x00, 0x00, 0x4f,
    0xa1, 0xcd, 0x00, 0x00, 0x07, 0xf8, 0x0b, 0xf7, 0x00, 0x03, 0xef, 0x20, 0x2e, 0xfb, 0x8a, 0xff,
    0x60, 0x00, 0x29, 0xdf, 0xea, 0x30, 0x00, 0x00, 0x00, 0x00, 0x3f, 0xa0, 0x00, 0x00, 0x00, 0x1d,
    0xfa, 0x00, 0x00, 0x00, 0x09, 0xff, 0xa0, 0x00, 0x00, 0x04, 0xfa, 0xfa, 0x00, 0x00, 0x01, 0xdc,
    0x3f, 0xa0, 0x00, 0x00, 0xaf, 0x23, 0xfa, 0x00, 0x00, 0x5f, 0x70, 0x3f, 0xa0, 0x00, 0x1e, 0xb0,
    0x03, 0xfa, 0x00, 0x0b, 0xe2, 0x00, 0x3f, 0xa0, 0x06, 0xf6, 0x00, 0x03, 0xfa, 0x00, 0xbf, 0xff,
    0xff, 0xff, 0xff, 0xa6, 0x88, 0x88, 0x89, 0xfc, 0x85, 0x00, 0x00, 0x00, 0x3f, 0xa0, 0x00, 0x00,
    0x00, 0x03, 0xfa, 0x00, 0x00, 0x00, 0x00, 0x3f, 0xa0, 0x00, 0x00, 0x7f, 0xff, 0xff, 0xff, 0x20,
    0x09, 0xfc, 0xbb, 0xbb, 0xb1, 0x00, 0xce, 0x00, 0x00, 0x00, 0x00, 0x0f, 0xc0, 0x00, 0x00, 0x00,
    0x03, 0xf9, 0x00, 0x00, 0x00, 0x00, 0x6f, 0x9a, 0xef, 0xc6, 0x00, 0x08, 0xff, 0xb8, 0xae, 0xf9,
    0x00, 0x9e, 0x60, 0x00, 0x2e, 0xf5, 0x00, 0x00, 0x00, 0x00, 0x6f, 0xa0, 0x00, 0x00, 0x00, 0x03,
    0xfc, 0x01, 0x20, 0x00, 0x00, 0x3f, 0xc1, 0xff, 0x10, 0x00, 0x07, 0xf8, 0x0a, 0xf8, 0x00, 0x03,
    0xef, 0x20, 0x2d, 0xfc, 0x8a, 0xff, 0x60, 0x00, 0x19, 0xdf, 0xea, 0x30, 0x00, 0x00, 0x04, 0xbe,
    0xfc, 0x50, 0x00, 0x06, 0xfe, 0x99, 0xef, 0x60, 0x02, 0xfd, 0x20, 0x02, 0xef, 0x10, 0x8f, 0x40,
    0x00, 0x08, 0xe4, 0x0d, 0xe0, 0x00, 0x00, 0x00, 0x01, 0xfb, 0x29, 0xef, 0xc5, 0x00, 0x2f, 0xce,
    0xd9, 0x9e, 0xf8, 0x03, 0xff, 0xb1, 0x00, 0x2e, 0xf3, 0x3f, 0xf3, 0x00, 0x00, 0x7f, 0x82, 0xfe,
    0x00, 0x00, 0x04, 0xfa, 0x0e, 0xf0, 0x00, 0x00, 0x4f, 0xa0, 0xbf, 0x40, 0x00, 0x07, 0xf7, 0x04,
    0xfc, 0x10, 0x02, 0xee, 0x20, 0x08, 0xfe, 0x99, 0xef, 0x60, 0x00, 0x05, 0xce, 0xeb, 0x40, 0x00,
    0xff, 0xff, 0xff, 0xff, 0xfb, 0xbb, 0xbb, 0xbb, 0xbe, 0xf9, 0x00, 0x00, 0x00, 0x3f, 0xc0, 0x00,
    0x00, 0x01, 0xdf, 0x20, 0x00, 0x00, 0x08, 0xf7, 0x00, 0x00, 0x00, 0x2f, 0xd0, 0x00, 0x00, 0x00,
    0xaf, 0x60, 0x00, 0x00, 0x02, 0xfe, 0x00, 0x00, 0x00, 0x08, 0xf8, 0x00, 0x00, 0x00, 0x0d, 0xf2,
    0x00, 0x00, 0x00, 0x2f, 0xc0, 0x00, 0x00, 0x00, 0x6f, 0x80, 0x00, 0x00, 0x00, 0x9f, 0x50, 0x00,
    0x00, 0x00, 0xbf, 0x20, 0x00, 0x00, 0x00, 0xdf, 0x10, 0x00, 0x00, 0x00, 0x07, 0xdf, 0xeb, 0x30,
    0x00, 0x0b, 0xfd, 0x8a, 0xff, 0x40, 0x05, 0xfc, 0x00, 0x04, 0xfd, 0x00, 0x8f, 0x60, 0x00, 0x0c,
    0xf2, 0x06, 0xf8, 0x00, 0x00, 0xef, 0x10, 0x1d, 0xf5, 0x12, 0xaf, 0x80, 0x00, 0x2c, 0xff, 0xff,
    0x70, 0x00, 0x1b, 0xfc, 0x89, 0xee, 0x60, 0x0a, 0xf8, 0x00, 0x02, 0xdf, 0x30, 0xfe, 0x00, 0x00,
    0x05, 0xf9, 0x2f, 0xc0, 0x00, 0x00, 0x3f, 0xb1, 0xfe, 0x00, 0x00, 0x05, 0xf9, 0x0a, 0xf8, 0x00,
    0x01, 0xdf, 0x40, 0x1d, 0xfc, 0x89, 0xef, 0x80, 0x00, 0x18, 0xdf, 0xeb, 0x50, 0x00, 0x00, 0x18,
    0xdf, 0xd9, 0x20, 0x00, 0x1c, 0xfd, 0x8a, 0xfe, 0x30, 0x08, 0xfb, 0x00, 0x03, 0xfc, 0x00, 0xef,
    0x20, 0x00, 0x09, 0xf4, 0x1f, 0xd0, 0x00, 0x00, 0x6f, 0x81, 0xfc, 0x00, 0x00, 0x05, 0xfa, 0x0e,
    0xf1, 0x00, 0x00, 0x8f, 0xb0, 0x9f, 0x90, 0x00, 0x3e, 0xfb, 0x01, 0xdf, 0xc8, 0xaf, 0xaf, 0xa0,
    0x01, 0x9e, 0xfc, 0x62, 0xf9, 0x00, 0x00, 0x00, 0x00, 0x5f, 0x60, 0xae, 0x10, 0x00, 0x0a, 0xf2,
    0x07, 0xf8, 0x00, 0x06, 0xfa, 0x00, 0x1d, 0xfb, 0x8b, 0xfc, 0x10, 0x00, 0x19, 0xde, 0xd8, 0x10,
    0x00, 0x2f, 0xf2, 0xff, 0x00, 0x00, 0x00, 0x00, 0x00, 0x00, 0x00, 0x00, 0x00, 0x00, 0x02, 0xff,
    0x2f, 0xf0, 0x2f, 0xf2, 0xff, 0x00, 0x00, 0x00, 0x00, 0x00, 0x00, 0x00, 0x00, 0x00, 0x00, 0x02,
    0xff, 0x2f, 0xf0, 0x2e, 0x09, 0xb1, 0xc2, 0x00, 0x00, 0x00, 0x00, 0x5b, 0x20, 0x00, 0x00, 0x28,
    0xef, 0xf2, 0x00, 0x05, 0xbf, 0xfe, 0x94, 0x02, 0x8e, 0xff, 0xb6, 0x10, 0x00, 0xdf, 0xd8, 0x20,
    0x00, 0x00, 0x0d, 0xfd, 0x72, 0x00, 0x00, 0x00, 0x28, 0xef, 0xfb, 0x51, 0x00, 0x00, 0x00, 0x5b,
    0xff, 0xe9, 0x30, 0x00, 0x00, 0x02, 0x8e, 0xff, 0x20, 0x00, 0x00, 0x00, 0x05, 0xb2, 0xcf, 0xff,
    0xff, 0xff, 0xff, 0x19, 0xbb, 0xbb, 0xbb, 0xbb, 0xb1, 0x00, 0x00, 0x00, 0x00, 0x00, 0x00, 0x00,
    0x00, 0x00, 0x00, 0x00, 0x00, 0x00, 0x00, 0x00, 0x00, 0x0c, 0xff, 0xff, 0xff, 0xff, 0xf1, 0x9b,
    0xbb, 0xbb, 0xbb, 0xbb, 0x10, 0xb7, 0x10, 0x00, 0x00, 0x00, 0x0d, 0xff, 0xa4, 0x00, 0x00, 0x00,
    0x28, 0xdf, 0xfd, 0x71, 0x00, 0x00, 0x00, 0x4a, 0xff, 0xfa, 0x40, 0x00, 0x00, 0x01, 0x6c, 0xff,
    0x20, 0x00, 0x00, 0x16, 0xcf, 0xf2, 0x00, 0x04, 0xae, 0xff, 0xa4, 0x02, 0x8d, 0xff, 0xd7, 0x10,
    0x00, 0xdf, 0xfa, 0x40, 0x00, 0x00, 0x0b, 0x71, 0x00, 0x00, 0x00, 0x00, 0x00, 0x18, 0xce, 0xec,
    0x60, 0x00, 0x2e, 0xfc, 0x89, 0xef, 0xa0, 0x0b, 0xf8, 0x00, 0x01, 0xdf, 0x50, 0xce, 0x10, 0x00,
    0x06, 0xf9, 0x00, 0x00, 0x00, 0x00, 0x5f, 0x80, 0x00, 0x00, 0x00, 0x1d, 0xf3, 0x00, 0x00, 0x00,
    0x2d, 0xf7, 0x00, 0x00, 0x00, 0x2e, 0xf6, 0x00, 0x00, 0x00, 0x0b, 0xf5, 0x00, 0x00, 0x00, 0x01,
    0xfc, 0x00, 0x00, 0x00, 0x00, 0x2f, 0xa0, 0x00, 0x00, 0x00, 0x00, 0x00, 0x00, 0x00, 0x00, 0x00,
    0x00, 0x00, 0x00, 0x00, 0x00, 0x04, 0xfc, 0x00, 0x00, 0x00, 0x00, 0x4f, 0xc0, 0x00, 0x00, 0x00,
    0x00, 0x01, 0x6a, 0xde, 0xfe, 0xc8, 0x20, 0x00, 0x00, 0x00, 0x00, 0x6e, 0xfd, 0xa8, 0x8a, 0xcf,
    0xf8, 0x00, 0x00, 0x00, 0x0a, 0xfc, 0x40, 0x00, 0x00, 0x03, 0xaf, 0xc1, 0x00, 0x00, 0x9f, 0x80,
    0x00, 0x00, 0x00, 0x00, 0x06, 0xf9, 0x00, 0x04, 0xf9, 0x00, 0x07, 0xde, 0xb3, 0x4f, 0x80, 0x8f,
    0x40, 0x0c, 0xd1, 0x01, 0xbf, 0xb8, 0xcf, 0xaf, 0x50, 0x1e, 0xa0, 0x3f, 0x50, 0x0a, 0xf8, 0x00,
    0x0b, 0xff, 0x20, 0x0a, 0xd0, 0x8f, 0x10, 0x3f, 0xc0, 0x00, 0x04, 0xfe, 0x00, 0x07, 0xf0, 0xbc,
    0x00, 0x9f, 0x50, 0x00, 0x02, 0xfa, 0x00, 0x08, 0xf0, 0xca, 0x00, 0xdf, 0x10, 0x00, 0x04, 0xf7,
    0x00, 0x0b, 0xd0, 0xca, 0x00, 0xee, 0x00, 0x00, 0x08, 0xf4, 0x00, 0x2f, 0x80, 0xbc, 0x00, 0xdf,
    0x10, 0x00, 0x1e, 0xf1, 0x00, 0xce, 0x10, 0x8f, 0x10, 0x8f, 0x80, 0x01, 0xbf, 0xe0, 0x1b, 0xf5,
    0x00, 0x3f, 0x70, 0x1e, 0xfa, 0x9e, 0xbf, 0xfc, 0xef, 0x60, 0x00, 0x0c, 0xe3, 0x02, 0xbe, 0xd7,
    0x08, 0xee, 0xa3, 0x00, 0x00, 0x03, 0xed, 0x30, 0x00, 0x00, 0x00, 0x00, 0x00, 0x1c, 0xf3, 0x00,
    0x4e, 0xf9, 0x30, 0x00, 0x00, 0x00, 0x27, 0xee, 0x40, 0x00, 0x02, 0xaf, 0xfd, 0xa9, 0x89, 0xad,
    0xff, 0xa2, 0x00, 0x00, 0x00, 0x02, 0x7a, 0xde, 0xfe, 0xdb, 0x72, 0x00, 0x00, 0x00, 0x00, 0x07,
    0xff, 0x20, 0x00, 0x00, 0x00, 0x00, 0x0c, 0xef, 0x80, 0x00, 0x00, 0x00, 0x00, 0x3f, 0x8e, 0xd0,
    0x00, 0x00, 0x00, 0x00, 0x9f, 0x39, 0xf5, 0x00, 0x00, 0x00, 0x01, 0xee, 0x04, 0xfb, 0x00, 0x00,
    0x00, 0x06, 0xf9, 0x00, 0xdf, 0x20, 0x00, 0x00, 0x0b, 0xf3, 0x00, 0x8f, 0x80, 0x00, 0x00, 0x2f,
    0xd0, 0x00, 0x2f, 0xe0, 0x00, 0x00, 0x8f, 0x70, 0x00, 0x0c, 0xf6, 0x00, 0x00, 0xef, 0xff, 0xff,
    0xff, 0xfc, 0x00, 0x04, 0xfe, 0xbb, 0xbb, 0xbb, 0xff, 0x30, 0x0a, 0xf7, 0x00, 0x00, 0x00, 0xaf,
    0x90, 0x1f, 0xf1, 0x00, 0x00, 0x00, 0x4f, 0xe1, 0x7f, 0xa0, 0x00, 0x00, 0x00, 0x0d, 0xf6, 0xdf,
    0x40, 0x00, 0x00, 0x00, 0x07, 0xfc, 0x7f, 0xff, 0xff, 0xfe, 0xa3, 0x00, 0x7f, 0xdb, 0xbb, 0xce,
    0xff, 0x50, 0x7f, 0x80, 0x00, 0x00, 0x6f, 0xd0, 0x7f, 0x80, 0x00, 0x00, 0x0d, 0xf2, 0x7f, 0x80,
    0x00, 0x00, 0x0e, 0xe1, 0x7f, 0x80, 0x00, 0x02, 0x9f, 0x70, 0x7f, 0xff, 0xff, 0xff, 0xf8, 0x00,
    0x7f, 0xdb, 0xbb, 0xcd, 0xff, 0x70, 0x7f, 0x80, 0x00, 0x00, 0x3d, 0xf5, 0x7f, 0x80, 0x00, 0x00,
    0x06, 0xfb, 0x7f, 0x80, 0x00, 0x00, 0x03, 0xfd, 0x7f, 0x80, 0x00, 0x00, 0x05, 0xfb, 0x7f, 0x80,
    0x00, 0x00, 0x2d, 0xf6, 0x7f, 0xdb, 0xbb, 0xbd, 0xff, 0xb0, 0x7f, 0xff, 0xff, 0xfe, 0xc7, 0x00,
    0x00, 0x02, 0x8c, 0xef, 0xd9, 0x20, 0x00, 0x00, 0x6e, 0xfb, 0x98, 0xcf, 0xe3, 0x00, 0x06, 0xfd,
    0x30, 0x00, 0x05, 0xfe, 0x20, 0x1e, 0xf2, 0x00, 0x00, 0x00, 0x8f, 0x90, 0x7f, 0x90, 0x00, 0x00,
    0x00, 0x1d, 0xa0, 0xbf, 0x50, 0x00, 0x00, 0x00, 0x00, 0x00, 0xdf, 0x20, 0x00, 0x00, 0x00, 0x00,
    0x00, 0xef, 0x20, 0x00, 0x00, 0x00, 0x00, 0x00, 0xdf, 0x30, 0x00, 0x00, 0x00, 0x00, 0x00, 0xbf,
    0x50, 0x00, 0x00, 0x00, 0x00, 0x00, 0x6f, 0x90, 0x00, 0x00, 0x00, 0x0c, 0xb2, 0x1e, 0xf2, 0x00,
    0x00, 0x00, 0x4f, 0xe0, 0x06, 0xfd, 0x30, 0x00, 0x04, 0xef, 0x60, 0x00, 0x7f, 0xfb, 0x89, 0xbf,
    0xf7, 0x00, 0x00, 0x03, 0x9c, 0xef, 0xd9, 0x30, 0x00, 0x6f, 0xff, 0xff, 0xfe, 0xb6, 0x00, 0x00,
    0x6f, 0xeb, 0xbb, 0xcd, 0xff, 0xc1, 0x00, 0x6f, 0x90, 0x00, 0x00, 0x3c, 0xfb, 0x00, 0x6f, 0x90,
    0x00, 0x00, 0x01, 0xef, 0x40, 0x6f, 0x90, 0x00, 0x00, 0x00, 0x7f, 0x90, 0x6f, 0x90, 0x00, 0x00,
    0x00, 0x3f, 0xd0, 0x6f, 0x90, 0x00, 0x00, 0x00, 0x1f, 0xf0, 0x6f, 0x90, 0x00, 0x00, 0x00, 0x0f,
    0xf0, 0x6f, 0x90, 0x00, 0x00, 0x00, 0x1f, 0xf0, 0x6f, 0x90, 0x00, 0x00, 0x00, 0x3f, 0xd0, 0x6f,
    0x90, 0x00, 0x00, 0x00, 0x8f, 0x90, 0x6f, 0x90, 0x00, 0x00, 0x01, 0xef, 0x40, 0x6f, 0x90, 0x00,
    0x00, 0x3c, 0xfa, 0x00, 0x6f, 0xeb, 0xbb, 0xcd, 0xff, 0xc1, 0x00, 0x6f, 0xff, 0xff, 0xfe, 0xb6,
    0x00, 0x00, 0x5f, 0xff, 0xff, 0xff, 0xff, 0xf8, 0x5f, 0xeb, 0xbb, 0xbb, 0xbb, 0xb6, 0x5f, 0xa0,
    0x00, 0x00, 0x00, 0x00, 0x5f, 0xa0, 0x00, 0x00, 0x00, 0x00, 0x5f, 0xa0, 0x00, 0x00, 0x00, 0x00,
    0x5f, 0xa0, 0x00, 0x00, 0x00, 0x00, 0x5f, 0xff, 0xff, 0xff, 0xff, 0xf0, 0x5f, 0xeb, 0xbb, 0xbb,
    0xbb, 0xb0, 0x5f, 0xa0, 0x00, 0x00, 0x00, 0x00, 0x5f, 0xa0, 0x00, 0x00, 0x00, 0x00, 0x5f, 0xa0,
    0x00, 0x00, 0x00, 0x00, 0x5f, 0xa0, 0x00, 0x00, 0x00, 0x00, 0x5f, 0xa0, 0x00, 0x00, 0x00, 0x00,
    0x5f, 0xeb, 0xbb, 0xbb, 0xbb, 0xba, 0x5f, 0xff, 0xff, 0xff, 0xff, 0xfd, 0x4f, 0xff, 0xff, 0xff,
    0xff, 0xd4, 0xfe, 0xbb, 0xbb, 0xbb, 0xba, 0x4f, 0xb0, 0x00, 0x00, 0x00, 0x04, 0xfb, 0x00, 0x00,
    0x00, 0x00, 0x4f, 0xb0, 0x00, 0x00, 0x00, 0x04, 0xfb, 0x00, 0x00, 0x00, 0x00, 0x4f, 0xff, 0xff,
    0xff, 0xfc, 0x04, 0xfe, 0xbb, 0xbb, 0xbb, 0x90, 0x4f, 0xb0, 0x00, 0x00, 0x00, 0x04, 0xfb, 0x00,
    0x00, 0x00, 0x00, 0x4f, 0xb0, 0x00, 0x00, 0x00, 0x04, 0xfb, 0x00, 0x00, 0x00, 0x00, 0x4f, 0xb0,
    0x00, 0x00, 0x00, 0x04, 0xfb, 0x00, 0x00, 0x00, 0x00, 0x4f, 0xb0, 0x00, 0x00, 0x00, 0x00, 0x00,
    0x01, 0x6b, 0xdf, 0xec, 0x71, 0x00, 0x00, 0x04, 0xdf, 0xd9, 0x89, 0xdf, 0xe3, 0x00, 0x03, 0xfe,
    0x50, 0x00, 0x00, 0x7f, 0xd1, 0x00, 0xdf, 0x50, 0x00, 0x00, 0x00, 0x9f, 0x70, 0x4f, 0xc0, 0x00,
    0x00, 0x00, 0x03, 0xd7, 0x09, 0xf7, 0x00, 0x00, 0x00, 0x00, 0x00, 0x00, 0xbf, 0x40, 0x00, 0x00,
    0x00, 0x00, 0x00, 0x0d, 0xf3, 0x00, 0x00, 0x5f, 0xff, 0xff, 0xf0, 0xcf, 0x40, 0x00, 0x04, 0xbb,
    0xbb, 0xff, 0x0a, 0xf6, 0x00, 0x00, 0x00, 0x00, 0x0e, 0xf0, 0x5f, 0xb0, 0x00, 0x00, 0x00, 0x00,
    0xef, 0x00, 0xdf, 0x50, 0x00, 0x00, 0x00, 0x0e, 0xf0, 0x03, 0xfe, 0x60, 0x00, 0x00, 0x29, 0xff,
    0x00, 0x03, 0xdf, 0xea, 0x89, 0xcf, 0xfd, 0x50, 0x00, 0x01, 0x5a, 0xdf, 0xed, 0x94, 0x00, 0x00,
    0x5f, 0xa0, 0x00, 0x00, 0x00, 0x8f, 0x75, 0xfa, 0x00, 0x00, 0x00, 0x08, 0xf7, 0x5f, 0xa0, 0x00,
    0x00, 0x00, 0x8f, 0x75, 0xfa, 0x00, 0x00, 0x00, 0x08, 0xf7, 0x5f, 0xa0, 0x00, 0x00, 0x00, 0x8f,
    0x75, 0xfa, 0x00, 0x00, 0x00, 0x08, 0xf7, 0x5f, 0xff, 0xff, 0xff, 0xff, 0xff, 0x75, 0xfe, 0xbb,
    0xbb, 0xbb, 0xbd, 0xf7, 0x5f, 0xa0, 0x00, 0x00, 0x00, 0x8f, 0x75, 0xfa, 0x00, 0x00, 0x00, 0x08,
    0xf7, 0x5f, 0xa0, 0x00, 0x00, 0x00, 0x8f, 0x75, 0xfa, 0x00, 0x00, 0x00, 0x08, 0xf7, 0x5f, 0xa0,
    0x00, 0x00, 0x00, 0x8f, 0x75, 0xfa, 0x00, 0x00, 0x00, 0x08, 0xf7, 0x5f, 0xa0, 0x00, 0x00, 0x00,
    0x8f, 0x70, 0x1f, 0xe1, 0xfe, 0x1f, 0xe1, 0xfe, 0x1f, 0xe1, 0xfe, 0x1f, 0xe1, 0xfe, 0x1f, 0xe1,
    0xfe, 0x1f, 0xe1, 0xfe, 0x1f, 0xe1, 0xfe, 0x1f, 0xe0, 0x00, 0x00, 0x00, 0x2f, 0xd0, 0x00, 0x00,
    0x02, 0xfd, 0x00, 0x00, 0x00, 0x2f, 0xd0, 0x00, 0x00, 0x02, 0xfd, 0x00, 0x00, 0x00, 0x2f, 0xd0,
    0x00, 0x00, 0x02, 0xfd, 0x00, 0x00, 0x00, 0x2f, 0xd0, 0x00, 0x00, 0x02, 0xfd, 0x00, 0x00, 0x00,
    0x2f, 0xd0, 0x00, 0x00, 0x02, 0xfd, 0x4d, 0x60, 0x00, 0x2f, 0xd5, 0xf9, 0x00, 0x03, 0xfb, 0x1f,
    0xe2, 0x00, 0xaf, 0x80, 0x9f, 0xfc, 0xef, 0xe1, 0x00, 0x7d, 0xfe, 0xa2, 0x00, 0x7f, 0x80, 0x00,
    0x00, 0x07, 0xfe, 0x37, 0xf8, 0x00, 0x00, 0x07, 0xfe, 0x30, 0x7f, 0x80, 0x00, 0x07, 0xfe, 0x30,
    0x07, 0xf8, 0x00, 0x06, 0xfe, 0x30, 0x00, 0x7f, 0x80, 0x06, 0xfe, 0x30, 0x00, 0x07, 0xf8, 0x06,
    0xfe, 0x30, 0x00, 0x00, 0x7f, 0x86, 0xff, 0xa0, 0x00, 0x00, 0x07, 0xfc, 0xfd, 0xef, 0x50, 0x00,
    0x00, 0x7f, 0xfd, 0x25, 0xfe, 0x20, 0x00, 0x07, 0xfd, 0x20, 0x09, 0xfc, 0x00, 0x00, 0x7f, 0x80,
    0x00, 0x1d, 0xf9, 0x00, 0x07, 0xf8, 0x00, 0x00, 0x3f, 0xf5, 0x00, 0x7f, 0x80, 0x00, 0x00, 0x7f,
    0xe2, 0x07, 0xf8, 0x00, 0x00, 0x00, 0xbf, 0xc0, 0x7f, 0x80, 0x00, 0x00, 0x01, 0xef, 0x90, 0x7f,
    0x80, 0x00, 0x00, 0x00, 0x7f, 0x80, 0x00, 0x00, 0x00, 0x7f, 0x80, 0x00, 0x00, 0x00, 0x7f, 0x80,
    0x00, 0x00, 0x00, 0x7f, 0x80, 0x00, 0x00, 0x00, 0x7f, 0x80, 0x00, 0x00, 0x00, 0x7f, 0x80, 0x00,
    0x00, 0x00, 0x7f, 0x80, 0x00, 0x00, 0x00, 0x7f, 0x80, 0x00, 0x00, 0x00, 0x7f, 0x80, 0x00, 0x00,
    0x00, 0x7f, 0x80, 0x00, 0x00, 0x00, 0x7f, 0x80, 0x00, 0x00, 0x00, 0x7f, 0x80, 0x00, 0x00, 0x00,
    0x7f, 0xdb, 0xbb, 0xbb, 0xbb, 0x7f, 0xff, 0xff, 0xff, 0xfe, 0x7f, 0xfb, 0x00, 0x00, 0x00, 0x00,
    0xef, 0xe7, 0xff, 0xf1, 0x00, 0x00, 0x00, 0x4f, 0xfe, 0x7f, 0xef, 0x60, 0x00, 0x00, 0x0a, 0xef,
    0xe7, 0xf9, 0xfb, 0x00, 0x00, 0x00, 0xea, 0xfe, 0x7f, 0x7b, 0xf1, 0x00, 0x00, 0x5f, 0x4f, 0xe7,
    0xf7, 0x6f, 0x60, 0x00, 0x0a, 0xe0, 0xfe, 0x7f, 0x71, 0xfb, 0x00, 0x01, 0xe9, 0x0f, 0xe7, 0xf7,
    0x0b, 0xf1, 0x00, 0x5f, 0x30, 0xfe, 0x7f, 0x70, 0x6f, 0x60, 0x0b, 0xd0, 0x0f, 0xe7, 0xf7, 0x01,
    0xfb, 0x01, 0xf8, 0x00, 0xfe, 0x7f, 0x70, 0x0b, 0xf1, 0x6f, 0x30, 0x0f, 0xe7, 0xf7, 0x00, 0x6f,
    0x6b, 0xd0, 0x00, 0xfe, 0x7f, 0x70, 0x01, 0xfc, 0xf7, 0x00, 0x0f, 0xe7, 0xf7, 0x00, 0x0a, 0xff,
    0x20, 0x00, 0xfe, 0x7f, 0x70, 0x00, 0x5f, 0xc0, 0x00, 0x0f, 0xe0, 0x6f, 0xe1, 0x00, 0x00, 0x00,
    0x7f, 0x76, 0xff, 0xa0, 0x00, 0x00, 0x07, 0xf7, 0x6f, 0xff, 0x50, 0x00, 0x00, 0x7f, 0x76, 0xfc,
    0xfe, 0x10, 0x00, 0x07, 0xf7, 0x6f, 0x8a, 0xfa, 0x00, 0x00, 0x7f, 0x76, 0xf8, 0x1e, 0xf5, 0x00,
    0x07, 0xf7, 0x6f, 0x80, 0x5f, 0xe1, 0x00, 0x7f, 0x76, 0xf8, 0x00, 0x9f, 0xa0, 0x07, 0xf7, 0x6f,
    0x80, 0x01, 0xdf, 0x50, 0x7f, 0x76, 0xf8, 0x00, 0x04, 0xfe, 0x17, 0xf7, 0x6f, 0x80, 0x00, 0x09,
    0xfa, 0x7f, 0x76, 0xf8, 0x00, 0x00, 0x1d, 0xfc, 0xf7, 0x6f, 0x80, 0x00, 0x00, 0x4f, 0xff, 0x76,
    0xf8, 0x00, 0x00, 0x00, 0x9f, 0xf7, 0x6f, 0x80, 0x00, 0x00, 0x01, 0xdf, 0x70, 0x00, 0x01, 0x8c,
    0xee, 0xd9, 0x30, 0x00, 0x00, 0x05, 0xef, 0xc9, 0x8a, 0xff, 0x90, 0x00, 0x05, 0xfe, 0x40, 0x00,
    0x02, 0xbf, 0xb0, 0x01, 0xef, 0x30, 0x00, 0x00, 0x00, 0xcf, 0x60, 0x7f, 0x90, 0x00, 0x00, 0x00,
    0x04, 0xfc, 0x0b, 0xf4, 0x00, 0x00, 0x00, 0x00, 0x0e, 0xf2, 0xef, 0x20, 0x00, 0x00, 0x00, 0x00,
    0xbf, 0x4e, 0xf1, 0x00, 0x00, 0x00, 0x00, 0x0a, 0xf5, 0xdf, 0x20, 0x00, 0x00, 0x00, 0x00, 0xbf,
    0x4b, 0xf4, 0x00, 0x00, 0x00, 0x00, 0x0d, 0xf2, 0x6f, 0x90, 0x00, 0x00, 0x00, 0x03, 0xfc, 0x01,
    0xef, 0x30, 0x00, 0x00, 0x00, 0xcf, 0x60, 0x04, 0xfe, 0x40, 0x00, 0x01, 0xbf, 0xb0, 0x00, 0x04,
    0xef, 0xc8, 0x8a, 0xef, 0x91, 0x00, 0x00, 0x01, 0x7c, 0xee, 0xd9, 0x40, 0x00, 0x00, 0x6f, 0xff,
    0xff, 0xfe, 0xd9, 0x20, 0x06, 0xfe, 0xbb, 0xbb, 0xce, 0xfe, 0x20, 0x6f, 0x90, 0x00, 0x00, 0x1a,
    0xfb, 0x06, 0xf9, 0x00, 0x00, 0x00, 0x2f, 0xf0, 0x6f, 0x90, 0x00, 0x00, 0x00, 0xff, 0x16, 0xf9,
    0x00, 0x00, 0x00, 0x4f, 0xe0, 0x6f, 0x90, 0x00, 0x01, 0x5d, 0xf8, 0x06, 0xff, 0xff, 0xff, 0xff,
    0xfb, 0x00, 0x6f, 0xeb, 0xbb, 0xba, 0x84, 0x00, 0x06, 0xf9, 0x00, 0x00, 0x00, 0x00, 0x00, 0x6f,
    0x90, 0x00, 0x00, 0x00, 0x00, 0x06, 0xf9, 0x00, 0x00, 0x00, 0x00, 0x00, 0x6f, 0x90, 0x00, 0x00,
    0x00, 0x00, 0x06, 0xf9, 0x00, 0x00, 0x00, 0x00, 0x00, 0x6f, 0x90, 0x00, 0x00, 0x00, 0x00, 0x00,
    0x00, 0x00, 0x28, 0xce, 0xec, 0x93, 0x00, 0x00, 0x00, 0x06, 0xff, 0xb8, 0x8b, 0xff, 0x80, 0x00,
    0x00, 0x6f, 0xd3, 0x00, 0x00, 0x2c, 0xf9, 0x00, 0x02, 0xee, 0x20, 0x00, 0x00, 0x01, 0xdf, 0x40,
    0x08, 0xf7, 0x00, 0x00, 0x00, 0x00, 0x5f, 0xb0, 0x0d, 0xf3, 0x00, 0x00, 0x00, 0x00, 0x1f, 0xf1,
    0x0f, 0xf0, 0x00, 0x00, 0x00, 0x00, 0x0d, 0xf3, 0x1f, 0xf0, 0x00, 0x00, 0x00, 0x00, 0x0c, 0xf4,
    0x0f, 0xf0, 0x00, 0x00, 0x00, 0x00, 0x0d, 0xf3, 0x0d, 0xf3, 0x00, 0x00, 0x00, 0x00, 0x1f, 0xf1,
    0x08, 0xf8, 0x00, 0x00, 0x00, 0x00, 0x5f, 0xc0, 0x02, 0xee, 0x20, 0x00, 0x9b, 0x51, 0xdf, 0x50,
    0x00, 0x6f, 0xd3, 0x00, 0x2a, 0xfe, 0xf9, 0x00, 0x00, 0x06, 0xff, 0xb8, 0x8b, 0xff, 0xf6, 0x00,
    0x00, 0x00, 0x28, 0xce, 0xed, 0x94, 0xaf, 0xa1, 0x00, 0x00, 0x00, 0x00, 0x00, 0x00, 0x04, 0xc4,
    0x5f, 0xff, 0xff, 0xff, 0xec, 0x70, 0x00, 0x5f, 0xc8, 0x88, 0x88, 0xae, 0xfb, 0x00, 0x5f, 0xa0,
    0x00, 0x00, 0x02, 0xef, 0x50, 0x5f, 0xa0, 0x00, 0x00, 0x00, 0x8f, 0x90, 0x5f, 0xa0, 0x00, 0x00,
    0x00, 0x6f, 0xa0, 0x5f, 0xa0, 0x00, 0x00, 0x00, 0xbf, 0x70, 0x5f, 0xa0, 0x00, 0x01, 0x39, 0xfd,
    0x10, 0x5f, 0xff, 0xff, 0xff, 0xff, 0xb2, 0x00, 0x5f, 0xc8, 0x88, 0xbf, 0xd3, 0x00, 0x00, 0x5f,
    0xa0, 0x00, 0x07, 0xfd, 0x20, 0x00, 0x5f, 0xa0, 0x00, 0x00, 0x9f, 0xd1, 0x00, 0x5f, 0xa0, 0x00,
    0x00, 0x1d, 0xf9, 0x00, 0x5f, 0xa0, 0x00, 0x00, 0x04, 0xff, 0x40, 0x5f, 0xa0, 0x00, 0x00, 0x00,
    0x9f, 0xd1, 0x5f, 0xa0, 0x00, 0x00, 0x00, 0x1d, 0xf9, 0x00, 0x03, 0x9d, 0xfe, 0xd9, 0x20, 0x00,
    0x06, 0xff, 0xec, 0xce, 0xff, 0x60, 0x02, 0xfe, 0x50, 0x00, 0x06, 0xff, 0x20, 0x6f, 0x80, 0x00,
    0x00, 0x09, 0xe5, 0x06, 0xf9, 0x00, 0x00, 0x00, 0x00, 0x00, 0x2f, 0xf8, 0x20, 0x00, 0x00, 0x00,
    0x00, 0x5e, 0xff, 0xda, 0x62, 0x00, 0x00, 0x00, 0x17, 0xcf, 0xff, 0xfb, 0x30, 0x00, 0x00, 0x00,
    0x14, 0x8d, 0xfe, 0x30, 0x00, 0x00, 0x00, 0x00, 0x09, 0xfa, 0x0d, 0xd0, 0x00, 0x00, 0x00, 0x1f,
    0xd0, 0xcf, 0x50, 0x00, 0x00, 0x03, 0xfc, 0x05, 0xfe, 0x61, 0x00, 0x03, 0xdf, 0x60, 0x07, 0xff,
    0xfc, 0xcd, 0xff, 0x90, 0x00, 0x03, 0x9d, 0xef, 0xda, 0x40, 0x00, 0x8f, 0xff, 0xff, 0xff, 0xff,
    0xff, 0x66, 0xbb, 0xbb, 0xdf, 0xdb, 0xbb, 0xb5, 0x00, 0x00, 0x08, 0xf7, 0x00, 0x00, 0x00, 0x00,
    0x00, 0x8f, 0x70, 0x00, 0x00, 0x00, 0x00, 0x08, 0xf7, 0x00, 0x00, 0x00, 0x00, 0x00, 0x8f, 0x70,
    0x00, 0x00, 0x00, 0x00, 0x08, 0xf7, 0x00, 0x00, 0x00, 0x00, 0x00, 0x8f, 0x70, 0x00, 0x00, 0x00,
    0x00, 0x08, 0xf7, 0x00, 0x00, 0x00, 0x00, 0x00, 0x8f, 0x70, 0x00, 0x00, 0x00, 0x00, 0x08, 0xf7,
    0x00, 0x00, 0x00, 0x00, 0x00, 0x8f, 0x70, 0x00, 0x00, 0x00, 0x00, 0x08, 0xf7, 0x00, 0x00, 0x00,
    0x00, 0x00, 0x8f, 0x70, 0x00, 0x00, 0x00, 0x00, 0x08, 0xf7, 0x00, 0x00, 0x00, 0x5f, 0xa0, 0x00,
    0x00, 0x00, 0x8f, 0x75, 0xfa, 0x00, 0x00, 0x00, 0x08, 0xf7, 0x5f, 0xa0, 0x00, 0x00, 0x00, 0x8f,
    0x75, 0xfa, 0x00, 0x00, 0x00, 0x08, 0xf7, 0x5f, 0xa0, 0x00, 0x00, 0x00, 0x8f, 0x75, 0xfa, 0x00,
    0x00, 0x00, 0x08, 0xf7, 0x5f, 0xa0, 0x00, 0x00, 0x00, 0x8f, 0x75, 0xfa, 0x00, 0x00, 0x00, 0x08,
    0xf7, 0x5f, 0xa0, 0x00, 0x00, 0x00, 0x8f, 0x74, 0xfa, 0x00, 0x00, 0x00, 0x08, 0xf6, 0x3f, 0xc0,
    0x00, 0x00, 0x00, 0xaf, 0x50, 0xef, 0x20, 0x00, 0x00, 0x1e, 0xf1, 0x09, 0xfc, 0x20, 0x00, 0x1b,
    0xfa, 0x00, 0x1c, 0xff, 0xdc, 0xdf, 0xfc, 0x10, 0x00, 0x06, 0xbe, 0xfe, 0xc6, 0x10, 0x00, 0xbf,
    0x60, 0x00, 0x00, 0x00, 0x06, 0xfa, 0x5f, 0xc0, 0x00, 0x00, 0x00, 0x0b, 0xf4, 0x0e, 0xf2, 0x00,
    0x00, 0x00, 0x2f, 0xd0, 0x08, 0xf8, 0x00, 0x00, 0x00, 0x7f, 0x70, 0x02, 0xfd, 0x00, 0x00, 0x00,
    0xdf, 0x10, 0x00, 0xcf, 0x30, 0x00, 0x04, 0xfa, 0x00, 0x00, 0x6f, 0x90, 0x00, 0x09, 0xf4, 0x00,
    0x00, 0x1e, 0xe0, 0x00, 0x1e, 0xd0, 0x00, 0x00, 0x09, 0xf4, 0x00, 0x5f, 0x80, 0x00, 0x00, 0x03,
    0xfa, 0x00, 0xbf, 0x20, 0x00, 0x00, 0x00, 0xce, 0x12, 0xfb, 0x00, 0x00, 0x00, 0x00, 0x7f, 0x57,
    0xf5, 0x00, 0x00, 0x00, 0x00, 0x1f, 0xac, 0xe0, 0x00, 0x00, 0x00, 0x00, 0x0a, 0xff, 0x80, 0x00,
    0x00, 0x00, 0x00, 0x04, 0xff, 0x20, 0x00, 0x00, 0x9f, 0x60, 0x00, 0x00, 0x6f, 0xf4, 0x00, 0x00,
    0x08, 0xf7, 0x5f, 0xa0, 0x00, 0x00, 0xaf, 0xf9, 0x00, 0x00, 0x0c, 0xf2, 0x1f, 0xd0, 0x00, 0x00,
    0xeb, 0xed, 0x00, 0x00, 0x1f, 0xd0, 0x0c, 0xf2, 0x00, 0x04, 0xf7, 0xaf, 0x20, 0x00, 0x4f, 0x90,
    0x08, 0xf5, 0x00, 0x08, 0xf3, 0x6f, 0x70, 0x00, 0x8f, 0x50, 0x04, 0xf9, 0x00, 0x0c, 0xe0, 0x1f,
    0xb0, 0x00, 0xbf, 0x10, 0x01, 0xfc, 0x00, 0x1f, 0xa0, 0x0c, 0xf1, 0x00, 0xfc, 0x00, 0x00, 0xbf,
    0x10, 0x6f, 0x60, 0x08, 0xf4, 0x04, 0xf8, 0x00, 0x00, 0x7f, 0x40, 0xaf, 0x10, 0x04, 0xf8, 0x07,
    0xf4, 0x00, 0x00, 0x3f, 0x80, 0xec, 0x00, 0x00, 0xec, 0x0b, 0xe0, 0x00, 0x00, 0x0e, 0xb3, 0xf8,
    0x00, 0x00, 0xbf, 0x1e, 0xb0, 0x00, 0x00, 0x0a, 0xe7, 0xf4, 0x00, 0x00, 0x6f, 0x7f, 0x60, 0x00,
    0x00, 0x06, 0xfc, 0xe0, 0x00, 0x00, 0x2f, 0xdf, 0x20, 0x00, 0x00, 0x02, 0xff, 0xa0, 0x00, 0x00,
    0x0d, 0xfd, 0x00, 0x00, 0x00, 0x00, 0xdf, 0x60, 0x00, 0x00, 0x09, 0xf9, 0x00, 0x00, 0x0c, 0xf7,
    0x00, 0x00, 0x00, 0x2e, 0xe2, 0x03, 0xff, 0x30, 0x00, 0x00, 0xcf, 0x50, 0x00, 0x7f, 0xd1, 0x00,
    0x09, 0xf9, 0x00, 0x00, 0x0b, 0xf9, 0x00, 0x5f, 0xc0, 0x00, 0x00, 0x01, 0xef, 0x52, 0xee, 0x20,
    0x00, 0x00, 0x00, 0x5f, 0xec, 0xf5, 0x00, 0x00, 0x00, 0x00, 0x09, 0xff, 0x90, 0x00, 0x00, 0x00,
    0x00, 0x05, 0xff, 0x80, 0x00, 0x00, 0x00, 0x00, 0x2e, 0xef, 0xf3, 0x00, 0x00, 0x00, 0x00, 0xcf,
    0x67, 0xfd, 0x10, 0x00, 0x00, 0x08, 0xfb, 0x00, 0xbf, 0xa0, 0x00, 0x00, 0x5f, 0xe1, 0x00, 0x2e,
    0xf5, 0x00, 0x02, 0xef, 0x40, 0x00, 0x05, 0xfe, 0x20, 0x0c, 0xf8, 0x00, 0x00, 0x00, 0xaf, 0xc0,
    0x8f, 0xc0, 0x00, 0x00, 0x00, 0x1d, 0xf8, 0x9f, 0xc0, 0x00, 0x00, 0x00, 0x0c, 0xf8, 0x1e, 0xf6,
    0x00, 0x00, 0x00, 0x6f, 0xc0, 0x05, 0xfe, 0x10, 0x00, 0x01, 0xef, 0x30, 0x00, 0xaf, 0xa0, 0x00,
    0x0a, 0xf8, 0x00, 0x00, 0x2e, 0xf4, 0x00, 0x4f, 0xc0, 0x00, 0x00, 0x06, 0xfc, 0x00, 0xdf, 0x30,
    0x00, 0x00, 0x00, 0xbf, 0x67, 0xf8, 0x00, 0x00, 0x00, 0x00, 0x2e, 0xee, 0xc0, 0x00, 0x00, 0x00,
    0x00, 0x07, 0xff, 0x30, 0x00, 0x00, 0x00, 0x00, 0x02, 0xfd, 0x00, 0x00, 0x00, 0x00, 0x00, 0x02,
    0xfd, 0x00, 0x00, 0x00, 0x00, 0x00, 0x02, 0xfd, 0x00, 0x00, 0x00, 0x00, 0x00, 0x02, 0xfd, 0x00,
    0x00, 0x00, 0x00, 0x00, 0x02, 0xfd, 0x00, 0x00, 0x00, 0x00, 0x00, 0x02, 0xfd, 0x00, 0x00, 0x00,
    0x0b, 0xff, 0xff, 0xff, 0xff, 0xff, 0x10, 0x8b, 0xbb, 0xbb, 0xbb, 0xdf, 0xf1, 0x00, 0x00, 0x00,
    0x00, 0x1d, 0xf7, 0x00, 0x00, 0x00, 0x00, 0x1c, 0xfa, 0x00, 0x00, 0x00, 0x00, 0x0a, 0xfc, 0x10,
    0x00, 0x00, 0x00, 0x07, 0xfe, 0x20, 0x00, 0x00, 0x00, 0x04, 0xff, 0x40, 0x00, 0x00, 0x00, 0x02,
    0xef, 0x60, 0x00, 0x00, 0x00, 0x01, 0xcf, 0x90, 0x00, 0x00, 0x00, 0x00, 0xaf, 0xc0, 0x00, 0x00,
    0x00, 0x00, 0x7f, 0xd1, 0x00, 0x00, 0x00, 0x00, 0x4f, 0xf3, 0x00, 0x00, 0x00, 0x00, 0x2e, 0xf5,
    0x00, 0x00, 0x00, 0x00, 0x08, 0xfe, 0xbb, 0xbb, 0xbb, 0xbb, 0xb4, 0x9f, 0xff, 0xff, 0xff, 0xff,
    0xff, 0x50, 0x9f, 0xff, 0x89, 0xfa, 0x84, 0x9f, 0x40, 0x09, 0xf4, 0x00, 0x9f, 0x40, 0x09, 0xf4,
    0x00, 0x9f, 0x40, 0x09, 0xf4, 0x00, 0x9f, 0x40, 0x09, 0xf4, 0x00, 0x9f, 0x40, 0x09, 0xf4, 0x00,
    0x9f, 0x40, 0x09, 0xf4, 0x00, 0x9f, 0x40, 0x09, 0xf4, 0x00, 0x9f, 0x40, 0x09, 0xfa, 0x84, 0x9f,
    0xff, 0x80, 0xd9, 0x00, 0x00, 0x9e, 0x00, 0x00, 0x4f, 0x30, 0x00, 0x0e, 0x70, 0x00, 0x0a, 0xc0,
    0x00, 0x06, 0xf1, 0x00, 0x02, 0xf5, 0x00, 0x00, 0xca, 0x00, 0x00, 0x8e, 0x00, 0x00, 0x4f, 0x40,
    0x00, 0x0e, 0x80, 0x00, 0x0a, 0xc0, 0x00, 0x06, 0xf2, 0x00, 0x01, 0xf6, 0x00, 0x00, 0xca, 0x9f,
    0xff, 0x74, 0x8a, 0xf7, 0x00, 0x6f, 0x70, 0x06, 0xf7, 0x00, 0x6f, 0x70, 0x06, 0xf7, 0x00, 0x6f,
    0x70, 0x06, 0xf7, 0x00, 0x6f, 0x70, 0x06, 0xf7, 0x00, 0x6f, 0x70, 0x06, 0xf7, 0x00, 0x6f, 0x70,
    0x06, 0xf7, 0x00, 0x6f, 0x70, 0x06, 0xf7, 0x00, 0x6f, 0x74, 0x8a, 0xf7, 0x9f, 0xff, 0x70, 0x00,
    0x01, 0xfd, 0x00, 0x00, 0x00, 0x08, 0xff, 0x50, 0x00, 0x00, 0x1e, 0xbd, 0xc0, 0x00, 0x00, 0x6f,
    0x57, 0xf4, 0x00, 0x00, 0xdd, 0x01, 0xfb, 0x00, 0x05, 0xf7, 0x00, 0xaf, 0x20, 0x0c, 0xf1, 0x00,
    0x3f, 0x90, 0x3f, 0xa0, 0x00, 0x0c, 0xf1, 0x5f, 0xff, 0xff, 0xff, 0xff, 0xff, 0xe2, 0x55, 0x55,
    0x55, 0x55, 0x55, 0x55, 0x0a, 0xf9, 0x00, 0x1d, 0xf2, 0x00, 0x2e, 0x80, 0x00, 0x18, 0xce, 0xfd,
    0x81, 0x00, 0x1d, 0xfb, 0x89, 0xdf, 0xb0, 0x08, 0xf7, 0x00, 0x01, 0xdf, 0x20, 0xae, 0x10, 0x00,
    0x0a, 0xf3, 0x00, 0x01, 0x46, 0x8b, 0xff, 0x30, 0x1a, 0xff, 0xfe, 0xbd, 0xf3, 0x0c, 0xfa, 0x52,
    0x00, 0xaf, 0x33, 0xfd, 0x00, 0x00, 0x0d, 0xf3, 0x2f, 0xd1, 0x00, 0x07, 0xff, 0x30, 0xbf, 0xd8,
    0x8c, 0xfc, 0xf5, 0x01, 0x9d, 0xfd, 0xa3, 0x4f, 0x90, 0x9f, 0x30, 0x00, 0x00, 0x00, 0x9f, 0x30,
    0x00, 0x00, 0x00, 0x9f, 0x30, 0x00, 0x00, 0x00, 0x9f, 0x30, 0x00, 0x00, 0x00, 0x9f, 0x49, 0xee,
    0xc6, 0x00, 0x9f, 0xee, 0x99, 0xef, 0x80, 0x9f, 0xe2, 0x00, 0x2d, 0xf3, 0x9f, 0x60, 0x00, 0x06,
    0xf8, 0x9f, 0x30, 0x00, 0x02, 0xfb, 0x9f, 0x10, 0x00, 0x01, 0xfc, 0x9f, 0x20, 0x00, 0x03, 0xfb,
    0x9f, 0x50, 0x00, 0x07, 0xf8, 0x9f, 0xd1, 0x00, 0x2e, 0xf2, 0x9f, 0xdd, 0x89, 0xef, 0x60, 0x9f,
    0x29, 0xee, 0xb4, 0x00, 0x00, 0x07, 0xce, 0xda, 0x20, 0x00, 0x1c, 0xfc, 0x9a, 0xfe, 0x20, 0x08,
    0xf9, 0x00, 0x05, 0xfb, 0x00, 0xdf, 0x10, 0x00, 0x0c, 0xc0, 0x1f, 0xc0, 0x00, 0x00, 0x00, 0x02,
    0xfb, 0x00, 0x00, 0x00, 0x00, 0x2f, 0xc0, 0x00, 0x00, 0x00, 0x00, 0xee, 0x10, 0x00, 0x0a, 0xd2,
    0x08, 0xf9, 0x00, 0x03, 0xed, 0x00, 0x1c, 0xfc, 0x89, 0xef, 0x30, 0x00, 0x18, 0xdf, 0xda, 0x30,
    0x00, 0x00, 0x00, 0x00, 0x00, 0xaf, 0x20, 0x00, 0x00, 0x00, 0x0a, 0xf2, 0x00, 0x00, 0x00, 0x00,
    0xaf, 0x20, 0x00, 0x00, 0x00, 0x0a, 0xf2, 0x00, 0x19, 0xdf, 0xc5, 0xaf, 0x20, 0x1d, 0xfb, 0x8b,
    0xfe, 0xf2, 0x09, 0xf7, 0x00, 0x07, 0xff, 0x20, 0xed, 0x00, 0x00, 0x0d, 0xf2, 0x3f, 0xa0, 0x00,
    0x00, 0x9f, 0x24, 0xf9, 0x00, 0x00, 0x08, 0xf2, 0x3f, 0xa0, 0x00, 0x00, 0x9f, 0x20, 0xee, 0x00,
    0x00, 0x0c, 0xf2, 0x09, 0xf8, 0x00, 0x06, 0xff, 0x20, 0x1c, 0xfc, 0x8b, 0xfe, 0xf2, 0x00, 0x18,
    0xdf, 0xd7, 0x8f, 0x20, 0x00, 0x07, 0xcf, 0xeb, 0x40, 0x00, 0x1c, 0xfd, 0x99, 0xef, 0x60, 0x08,
    0xf9, 0x00, 0x01, 0xdf, 0x20, 0xef, 0x10, 0x00, 0x06, 0xf8, 0x2f, 0xe8, 0x88, 0x88, 0x9f, 0xb3,
    0xff, 0xff, 0xff, 0xff, 0xfc, 0x2f, 0xc0, 0x00, 0x00, 0x00, 0x00, 0xee, 0x10, 0x00, 0x06, 0xe7,
    0x09, 0xfa, 0x00, 0x01, 0xdf, 0x30, 0x1c, 0xfd, 0x99, 0xef, 0x80, 0x00, 0x17, 0xcf, 0xeb, 0x50,
    0x00, 0x00, 0x4c, 0xee, 0x60, 0x0e, 0xf9, 0x83, 0x02, 0xfb, 0x00, 0x00, 0x3f, 0xa0, 0x00, 0xcf,
    0xff, 0xfc, 0x06, 0x9f, 0xc8, 0x60, 0x03, 0xfa, 0x00, 0x00, 0x3f, 0xa0, 0x00, 0x03, 0xfa, 0x00,
    0x00, 0x3f, 0xa0, 0x00, 0x03, 0xfa, 0x00, 0x00, 0x3f, 0xa0, 0x00, 0x03, 0xfa, 0x00, 0x00, 0x3f,
    0xa0, 0x00, 0x03, 0xfa, 0x00, 0x00, 0x00, 0x19, 0xdf, 0xc6, 0x6f, 0x40, 0x1d, 0xfc, 0x8b, 0xfd,
    0xf4, 0x09, 0xf8, 0x00, 0x06, 0xff, 0x41, 0xfd, 0x00, 0x00, 0x0c, 0xf4, 0x3f, 0xa0, 0x00, 0x00,
    0x9f, 0x45, 0xf9, 0x00, 0x00, 0x07, 0xf4, 0x4f, 0xa0, 0x00, 0x00, 0x8f, 0x41, 0xfd, 0x00, 0x00,
    0x0b, 0xf4, 0x0a, 0xf7, 0x00, 0x05, 0xff, 0x40, 0x1d, 0xfb, 0x8b, 0xfe, 0xf4, 0x00, 0x29, 0xef,
    0xc5, 0x9f, 0x30, 0x00, 0x00, 0x00, 0x0b, 0xf2, 0x0d, 0xc1, 0x00, 0x03, 0xfd, 0x00, 0x8f, 0xd9,
    0x8a, 0xee, 0x30, 0x00, 0x5b, 0xef, 0xd9, 0x20, 0x00, 0x9f, 0x40, 0x00, 0x00, 0x00, 0x9f, 0x40,
    0x00, 0x00, 0x00, 0x9f, 0x40, 0x00, 0x00, 0x00, 0x9f, 0x40, 0x00, 0x00, 0x00, 0x9f, 0x48, 0xdf,
    0xd8, 0x10, 0x9f, 0xee, 0x98, 0xdf, 0xa0, 0x9f, 0xd1, 0x00, 0x1e, 0xf1, 0x9f, 0x60, 0x00, 0x0a,
    0xf3, 0x9f, 0x40, 0x00, 0x09, 0xf4, 0x9f, 0x40, 0x00, 0x09, 0xf4, 0x9f, 0x40, 0x00, 0x09, 0xf4,
    0x9f, 0x40, 0x00, 0x09, 0xf4, 0x9f, 0x40, 0x00, 0x09, 0xf4, 0x9f, 0x40, 0x00, 0x09, 0xf4, 0x9f,
    0x40, 0x00, 0x09, 0xf4, 0x9f, 0x49, 0xf4, 0x00, 0x00, 0x00, 0x9f, 0x49, 0xf4, 0x9f, 0x49, 0xf4,
    0x9f, 0x49, 0xf4, 0x9f, 0x49, 0xf4, 0x9f, 0x49, 0xf4, 0x9f, 0x40, 0x00, 0x9f, 0x30, 0x09, 0xf3,
    0x00, 0x00, 0x00, 0x00, 0x00, 0x00, 0x9f, 0x30, 0x09, 0xf3, 0x00, 0x9f, 0x30, 0x09, 0xf3, 0x00,
    0x9f, 0x30, 0x09, 0xf3, 0x00, 0x9f, 0x30, 0x09, 0xf3, 0x00, 0x9f, 0x30, 0x09, 0xf3, 0x00, 0x9f,
    0x30, 0x09, 0xf3, 0x00, 0xbf, 0x26, 0x9f, 0xe0, 0xce, 0xc3, 0x00, 0x9f, 0x40, 0x00, 0x00, 0x00,
    0x9f, 0x40, 0x00, 0x00, 0x00, 0x9f, 0x40, 0x00, 0x00, 0x00, 0x9f, 0x40, 0x00, 0x00, 0x00, 0x9f,
    0x40, 0x01, 0xcf, 0x70, 0x9f, 0x40, 0x1c, 0xf7, 0x00, 0x9f, 0x41, 0xcf, 0x70, 0x00, 0x9f, 0x4c,
    0xf6, 0x00, 0x00, 0x9f, 0xdf, 0xf2, 0x00, 0x00, 0x9f, 0xfa, 0xfb, 0x00, 0x00, 0x9f, 0x70, 0xbf,
    0x70, 0x00, 0x9f, 0x40, 0x2e, 0xe2, 0x00, 0x9f, 0x40, 0x07, 0xfb, 0x00, 0x9f, 0x40, 0x00, 0xcf,
    0x60, 0x9f, 0x40, 0x00, 0x3f, 0xe2, 0xaf, 0x3a, 0xf3, 0xaf, 0x3a, 0xf3, 0xaf, 0x3a, 0xf3, 0xaf,
    0x3a, 0xf3, 0xaf, 0x3a, 0xf3, 0xaf, 0x3a, 0xf3, 0xaf, 0x3a, 0xf3, 0xaf, 0x30, 0x9f, 0x18, 0xdf,
    0xc5, 0x04, 0xce, 0xd9, 0x10, 0x9f, 0xcd, 0x89, 0xff, 0x8f, 0xa8, 0xdf, 0x90, 0x9f, 0xd1, 0x00,
    0x6f, 0xf5, 0x00, 0x1e, 0xf0, 0x9f, 0x70, 0x00, 0x3f, 0xd0, 0x00, 0x0b, 0xf2, 0x9f, 0x40, 0x00,
    0x2f, 0xb0, 0x00, 0x0b, 0xf2, 0x9f, 0x40, 0x00, 0x2f, 0xb0, 0x00, 0x0b, 0xf2, 0x9f, 0x40, 0x00,
    0x2f, 0xb0, 0x00, 0x0b, 0xf2, 0x9f, 0x40, 0x00, 0x2f, 0xb0, 0x00, 0x0b, 0xf2, 0x9f, 0x40, 0x00,
    0x2f, 0xb0, 0x00, 0x0b, 0xf2, 0x9f, 0x40, 0x00, 0x2f, 0xb0, 0x00, 0x0b, 0xf2, 0x9f, 0x40, 0x00,
    0x2f, 0xb0, 0x00, 0x0b, 0xf2, 0x9f, 0x18, 0xdf, 0xd8, 0x10, 0x9f, 0xce, 0x98, 0xdf, 0xa0, 0x9f,
    0xd1, 0x00, 0x1e, 0xf1, 0x9f, 0x60, 0x00, 0x0a, 0xf3, 0x9f, 0x40, 0x00, 0x09, 0xf3, 0x9f, 0x40,
    0x00, 0x09, 0xf4, 0x9f, 0x40, 0x00, 0x09, 0xf4, 0x9f, 0x40, 0x00, 0x09, 0xf4, 0x9f, 0x40, 0x00,
    0x09, 0xf4, 0x9f, 0x40, 0x00, 0x09, 0xf4, 0x9f, 0x40, 0x00, 0x09, 0xf4, 0x00, 0x18, 0xdf, 0xeb,
    0x40, 0x00, 0x1d, 0xfc, 0x9a, 0xef, 0x70, 0x0a, 0xf9, 0x00, 0x02, 0xdf, 0x41, 0xfe, 0x00, 0x00,
    0x06, 0xfa, 0x3f, 0xa0, 0x00, 0x00, 0x2f, 0xd4, 0xf9, 0x00, 0x00, 0x00, 0xfd, 0x3f, 0xb0, 0x00,
    0x00, 0x1f, 0xc1, 0xfe, 0x10, 0x00, 0x05, 0xf9, 0x0a, 0xf9, 0x00, 0x02, 0xdf, 0x40, 0x1d, 0xfc,
    0x8a, 0xef, 0x80, 0x00, 0x18, 0xdf, 0xeb, 0x40, 0x00, 0x9f, 0x29, 0xee, 0xc5, 0x00, 0x9f, 0xce,
    0x99, 0xef, 0x80, 0x9f, 0xe2, 0x00, 0x2d, 0xf3, 0x9f, 0x70, 0x00, 0x06, 0xf8, 0x9f, 0x30, 0x00,
    0x03, 0xfb, 0x9f, 0x10, 0x00, 0x01, 0xfc, 0x9f, 0x20, 0x00, 0x02, 0xfb, 0x9f, 0x50, 0x00, 0x06,
    0xf8, 0x9f, 0xd1, 0x00, 0x2d, 0xf2, 0x9f, 0xee, 0x99, 0xef, 0x60, 0x9f, 0x59, 0xee, 0xb4, 0x00,
    0x9f, 0x40, 0x00, 0x00, 0x00, 0x9f, 0x40, 0x00, 0x00, 0x00, 0x9f, 0x40, 0x00, 0x00, 0x00, 0x9f,
    0x40, 0x00, 0x00, 0x00, 0x00, 0x19, 0xdf, 0xc4, 0x7f, 0x30, 0x1d, 0xfb, 0x8b, 0xfc, 0xf3, 0x0a,
    0xf8, 0x00, 0x07, 0xff, 0x31, 0xee, 0x00, 0x00, 0x0d, 0xf3, 0x3f, 0xb0, 0x00, 0x00, 0x9f, 0x34,
    0xfa, 0x00, 0x00, 0x08, 0xf3, 0x3f, 0xb0, 0x00, 0x00, 0x9f, 0x30, 0xee, 0x10, 0x00, 0x0c, 0xf3,
    0x08, 0xf9, 0x00, 0x06, 0xff, 0x30, 0x1c, 0xfc, 0x8b, 0xfe, 0xf3, 0x00, 0x18, 0xdf, 0xc5, 0xaf,
    0x30, 0x00, 0x00, 0x00, 0x0a, 0xf3, 0x00, 0x00, 0x00, 0x00, 0xaf, 0x30, 0x00, 0x00, 0x00, 0x0a,
    0xf3, 0x00, 0x00, 0x00, 0x00, 0xaf, 0x30, 0xaf, 0x3c, 0xfc, 0x1a, 0xfe, 0xb8, 0xa0, 0xaf, 0xb0,
    0x00, 0x0a, 0xf6, 0x00, 0x00, 0xaf, 0x40, 0x00, 0x0a, 0xf3, 0x00, 0x00, 0xaf, 0x30, 0x00, 0x0a,
    0xf3, 0x00, 0x00, 0xaf, 0x30, 0x00, 0x0a, 0xf3, 0x00, 0x00, 0xaf, 0x30, 0x00, 0x00, 0x00, 0x6c,
    0xee, 0xc8, 0x10, 0x07, 0xfc, 0x88, 0xcf, 0xc0, 0x0e, 0xd0, 0x00, 0x0b, 0xd2, 0x0f, 0xe3, 0x00,
    0x00, 0x00, 0x09, 0xff, 0xc8, 0x40, 0x00, 0x00, 0x7d, 0xff, 0xfe, 0x70, 0x00, 0x00, 0x36, 0xaf,
    0xf6, 0x3d, 0x90, 0x00, 0x05, 0xfa, 0x0e, 0xe2, 0x00, 0x07, 0xf8, 0x06, 0xfe, 0x98, 0xaf, 0xd1,
    0x00, 0x5b, 0xef, 0xd9, 0x10, 0x00, 0x57, 0x00, 0x04, 0xf8, 0x00, 0x04, 0xf8, 0x00, 0x04, 0xf8,
    0x00, 0x9f, 0xff, 0xf6, 0x5a, 0xfc, 0x83, 0x04, 0xf8, 0x00, 0x04, 0xf8, 0x00, 0x04, 0xf8, 0x00,
    0x04, 0xf8, 0x00, 0x04, 0xf8, 0x00, 0x04, 0xf8, 0x00, 0x04, 0xf9, 0x00, 0x02, 0xfe, 0x83, 0x00,
    0x7e, 0xf9, 0xaf, 0x30, 0x00, 0x0a, 0xf3, 0xaf, 0x30, 0x00, 0x0a, 0xf3, 0xaf, 0x30, 0x00, 0x0a,
    0xf3, 0xaf, 0x30, 0x00, 0x0a, 0xf3, 0xaf, 0x30, 0x00, 0x0a, 0xf3, 0xaf, 0x30, 0x00, 0x0a, 0xf3,
    0xaf, 0x30, 0x00, 0x0b, 0xf3, 0x9f, 0x40, 0x00, 0x0d, 0xf3, 0x7f, 0x90, 0x00, 0x6f, 0xf3, 0x2e,
    0xfb, 0x8b, 0xfb, 0xf3, 0x03, 0xbe, 0xeb, 0x47, 0xf3, 0x8f, 0x60, 0x00, 0x00, 0xcf, 0x13, 0xfb,
    0x00, 0x00, 0x3f, 0xa0, 0x0c, 0xf2, 0x00, 0x08, 0xf5, 0x00, 0x6f, 0x70, 0x00, 0xde, 0x00, 0x01,
    0xfc, 0x00, 0x4f, 0x80, 0x00, 0x0a, 0xf2, 0x09, 0xf3, 0x00, 0x00, 0x4f, 0x80, 0xec, 0x00, 0x00,
    0x00, 0xec, 0x5f, 0x70, 0x00, 0x00, 0x08, 0xfc, 0xf1, 0x00, 0x00, 0x00, 0x2f, 0xfa, 0x00, 0x00,
    0x00, 0x00, 0xcf, 0x50, 0x00, 0x00, 0xcf, 0x20, 0x00, 0x7f, 0xa0, 0x00, 0x0e, 0xd7, 0xf6, 0x00,
    0x0b, 0xfe, 0x00, 0x04, 0xf8, 0x3f, 0xa0, 0x01, 0xfe, 0xf3, 0x00, 0x8f, 0x30, 0xde, 0x00, 0x4f,
    0x8f, 0x60, 0x0c, 0xe0, 0x09, 0xf3, 0x08, 0xf1, 0xfa, 0x02, 0xf9, 0x00, 0x4f, 0x70, 0xcb, 0x0c,
    0xe0, 0x6f, 0x40, 0x00, 0xeb, 0x1f, 0x70, 0x8f, 0x3a, 0xe0, 0x00, 0x0a, 0xf6, 0xf4, 0x04, 0xf7,
    0xea, 0x00, 0x00, 0x6f, 0xde, 0x00, 0x0e, 0xef, 0x50, 0x00, 0x01, 0xff, 0xb0, 0x00, 0xbf, 0xf1,
    0x00, 0x00, 0x0b, 0xf7, 0x00, 0x07, 0xfb, 0x00, 0x00, 0x3f, 0xe2, 0x00, 0x07, 0xfa, 0x00, 0x8f,
    0xb0, 0x03, 0xfd, 0x10, 0x00, 0xcf, 0x61, 0xdf, 0x40, 0x00, 0x02, 0xee, 0xaf, 0x80, 0x00, 0x00,
    0x06, 0xff, 0xc0, 0x00, 0x00, 0x00, 0x2f, 0xf8, 0x00, 0x00, 0x00, 0x0b, 0xfe, 0xf3, 0x00, 0x00,
    0x06, 0xfa, 0x3f, 0xd1, 0x00, 0x02, 0xee, 0x10, 0x8f, 0x90, 0x00, 0xcf, 0x60, 0x01, 0xdf, 0x50,
    0x7f, 0xb0, 0x00, 0x04, 0xfe, 0x10, 0x7f, 0x80, 0x00, 0x00, 0xbf, 0x22, 0xfd, 0x00, 0x00, 0x1f,
    0xb0, 0x0b, 0xf3, 0x00, 0x07, 0xf5, 0x00, 0x5f, 0x90, 0x00, 0xce, 0x10, 0x00, 0xee, 0x00, 0x2f,
    0x90, 0x00, 0x09, 0xf4, 0x08, 0xf3, 0x00, 0x00, 0x3f, 0x90, 0xdc, 0x00, 0x00, 0x00, 0xde, 0x3f,
    0x70, 0x00, 0x00, 0x07, 0xfb, 0xf1, 0x00, 0x00, 0x00, 0x2f, 0xfa, 0x00, 0x00, 0x00, 0x00, 0xbf,
    0x50, 0x00, 0x00, 0x00, 0x0b, 0xe0, 0x00, 0x00, 0x00, 0x04, 0xf8, 0x00, 0x00, 0x00, 0xbc, 0xfe,
    0x10, 0x00, 0x00, 0x0a, 0xec, 0x30, 0x00, 0x00, 0x00, 0x3f, 0xff, 0xff, 0xff, 0xfb, 0x01, 0x88,
    0x88, 0x77, 0xef, 0x70, 0x00, 0x00, 0x00, 0x8f, 0xa0, 0x00, 0x00, 0x00, 0x6f, 0xc0, 0x00, 0x00,
    0x00, 0x4f, 0xd1, 0x00, 0x00, 0x00, 0x3e, 0xe3, 0x00, 0x00, 0x00, 0x1d, 0xf5, 0x00, 0x00, 0x00,
    0x0c, 0xf7, 0x00, 0x00, 0x00, 0x0a, 0xfa, 0x00, 0x00, 0x00, 0x07, 0xfe, 0x77, 0x78, 0x88, 0x80,
    0x9f, 0xff, 0xff, 0xff, 0xff, 0x10, 0x00, 0x04, 0xcf, 0x80, 0x01, 0xef, 0xf8, 0x00, 0x3f, 0xb1,
    0x00, 0x04, 0xf7, 0x00, 0x00, 0x5f, 0x60, 0x00, 0x05, 0xf6, 0x00, 0x00, 0x7f, 0x50, 0x00, 0x3d,
    0xe1, 0x00, 0x6f, 0xd4, 0x00, 0x06, 0xfd, 0x30, 0x00, 0x04, 0xed, 0x00, 0x00, 0x08, 0xf4, 0x00,
    0x00, 0x5f, 0x60, 0x00, 0x05, 0xf6, 0x00, 0x00, 0x4f, 0x70, 0x00, 0x04, 0xf7, 0x00, 0x00, 0x3f,
    0xb1, 0x00, 0x00, 0xdf, 0xf8, 0x00, 0x03, 0xcf, 0x80, 0x1f, 0x81, 0xf8, 0x1f, 0x81, 0xf8, 0x1f,
    0x81, 0xf8, 0x1f, 0x81, 0xf8, 0x1f, 0x81, 0xf8, 0x1f, 0x81, 0xf8, 0x1f, 0x81, 0xf8, 0x1f, 0x81,
    0xf8, 0x1f, 0x81, 0xf8, 0x1f, 0x80, 0x8f, 0xc4, 0x00, 0x08, 0xff, 0xe1, 0x00, 0x01, 0xbf, 0x30,
    0x00, 0x07, 0xf4, 0x00, 0x00, 0x7f, 0x50, 0x00, 0x06, 0xf5, 0x00, 0x00, 0x5f, 0x70, 0x00, 0x01,
    0xed, 0x30, 0x00, 0x04, 0xdf, 0x60, 0x00, 0x3d, 0xf6, 0x00, 0x1e, 0xe4, 0x00, 0x04, 0xf8, 0x00,
    0x00, 0x6f, 0x50, 0x00, 0x06, 0xf5, 0x00, 0x00, 0x7f, 0x40, 0x00, 0x07, 0xf4, 0x00, 0x01, 0xcf,
    0x30, 0x08, 0xff, 0xd0, 0x00, 0x8f, 0xc3, 0x00, 0x00, 0x05, 0xce, 0xeb, 0x73, 0x02, 0x85, 0x2f,
    0xff, 0xff, 0xff, 0xff, 0xf6, 0x29, 0x31, 0x26, 0xae, 0xfd, 0x81, 0x00, 0x00, 0x2e, 0xf5, 0x00,
    0x00, 0x00, 0x00, 0x00, 0x04, 0xfb, 0x00, 0x00, 0x00, 0x00, 0x00, 0x00, 0x6f, 0x30, 0x00, 0x00,
    0x00, 0x00, 0x00, 0x00, 0x00, 0x00, 0x00, 0x00, 0x00, 0x07, 0xff, 0x20, 0x00, 0x00, 0x00, 0x00,
    0x0c, 0xef, 0x80, 0x00, 0x00, 0x00, 0x00, 0x3f, 0x8e, 0xd0, 0x00, 0x00, 0x00, 0x00, 0x9f, 0x39,
    0xf5, 0x00, 0x00, 0x00, 0x01, 0xee, 0x04, 0xfb, 0x00, 0x00, 0x00, 0x06, 0xf9, 0x00, 0xdf, 0x20,
    0x00, 0x00, 0x0b, 0xf3, 0x00, 0x8f, 0x80, 0x00, 0x00, 0x2f, 0xd0, 0x00, 0x2f, 0xe0, 0x00, 0x00,
    0x8f, 0x70, 0x00, 0x0c, 0xf6, 0x00, 0x00, 0xef, 0xff, 0xff, 0xff, 0xfc, 0x00, 0x04, 0xfe, 0xbb,
    0xbb, 0xbb, 0xff, 0x30, 0x0a, 0xf7, 0x00, 0x00, 0x00, 0xaf, 0x90, 0x1f, 0xf1, 0x00, 0x00, 0x00,
    0x4f, 0xe1, 0x7f, 0xa0, 0x00, 0x00, 0x00, 0x0d, 0xf6, 0xdf, 0x40, 0x00, 0x00, 0x00, 0x07, 0xfc,
    0x00, 0x00, 0x00, 0x5f, 0xd1, 0x00, 0x00, 0x00, 0x00, 0x00, 0xcf, 0x30, 0x00, 0x00, 0x00, 0x00,
    0x03, 0xf7, 0x00, 0x00, 0x00, 0x00, 0x00, 0x00, 0x00, 0x00, 0x00, 0x00, 0x00, 0x00, 0x07, 0xff,
    0x20, 0x00, 0x00, 0x00, 0x00, 0x0c, 0xef, 0x80, 0x00, 0x00, 0x00, 0x00, 0x3f, 0x8e, 0xd0, 0x00,
    0x00, 0x00, 0x00, 0x9f, 0x39, 0xf5, 0x00, 0x00, 0x00, 0x01, 0xee, 0x04, 0xfb, 0x00, 0x00, 0x00,
    0x06, 0xf9, 0x00, 0xdf, 0x20, 0x00, 0x00, 0x0b, 0xf3, 0x00, 0x8f, 0x80, 0x00, 0x00, 0x2f, 0xd0,
    0x00, 0x2f, 0xe0, 0x00, 0x00, 0x8f, 0x70, 0x00, 0x0c, 0xf6, 0x00, 0x00, 0xef, 0xff, 0xff, 0xff,
    0xfc, 0x00, 0x04, 0xfe, 0xbb, 0xbb, 0xbb, 0xff, 0x30, 0x0a, 0xf7, 0x00, 0x00, 0x00, 0xaf, 0x90,
    0x1f, 0xf1, 0x00, 0x00, 0x00, 0x4f, 0xe1, 0x7f, 0xa0, 0x00, 0x00, 0x00, 0x0d, 0xf6, 0xdf, 0x40,
    0x00, 0x00, 0x00, 0x07, 0xfc, 0x00, 0x00, 0x09, 0xfe, 0x20, 0x00, 0x00, 0x00, 0x00, 0x5f, 0xae,
    0xc1, 0x00, 0x00, 0x00, 0x02, 0xee, 0x16, 0xfa, 0x00, 0x00, 0x00, 0x00, 0x00, 0x00, 0x00, 0x00,
    0x00, 0x00, 0x00, 0x07, 0xff, 0x20, 0x00, 0x00, 0x00, 0x00, 0x0c, 0xef, 0x80, 0x00, 0x00, 0x00,
    0x00, 0x3f, 0x8e, 0xd0, 0x00, 0x00, 0x00, 0x00, 0x9f, 0x39, 0xf5, 0x00, 0x00, 0x00, 0x01, 0xee,
    0x04, 0xfb, 0x00, 0x00, 0x00, 0x06, 0xf9, 0x00, 0xdf, 0x20, 0x00, 0x00, 0x0b, 0xf3, 0x00, 0x8f,
    0x80, 0x00, 0x00, 0x2f, 0xd0, 0x00, 0x2f, 0xe0, 0x00, 0x00, 0x8f, 0x70, 0x00, 0x0c, 0xf6, 0x00,
    0x00, 0xef, 0xff, 0xff, 0xff, 0xfc, 0x00, 0x04, 0xfe, 0xbb, 0xbb, 0xbb, 0xff, 0x30, 0x0a, 0xf7,
    0x00, 0x00, 0x00, 0xaf, 0x90, 0x1f, 0xf1, 0x00, 0x00, 0x00, 0x4f, 0xe1, 0x7f, 0xa0, 0x00, 0x00,
    0x00, 0x0d, 0xf6, 0xdf, 0x40, 0x00, 0x00, 0x00, 0x07, 0xfc, 0x00, 0x00, 0x9d, 0xc7, 0x5e, 0x50,
    0x00, 0x00, 0x05, 0xf5, 0x6c, 0xea, 0x00, 0x00, 0x00, 0x00, 0x00, 0x00, 0x00, 0x00, 0x00, 0x00,
    0x00, 0x07, 0xff, 0x20, 0x00, 0x00, 0x00, 0x00, 0x0c, 0xef, 0x80, 0x00, 0x00, 0x00, 0x00, 0x3f,
    0x8e, 0xd0, 0x00, 0x00, 0x00, 0x00, 0x9f, 0x39, 0xf5, 0x00, 0x00, 0x00, 0x01, 0xee, 0x04, 0xfb,
    0x00, 0x00, 0x00, 0x06, 0xf9, 0x00, 0xdf, 0x20, 0x00, 0x00, 0x0b, 0xf3, 0x00, 0x8f, 0x80, 0x00,
    0x00, 0x2f, 0xd0, 0x00, 0x2f, 0xe0, 0x00, 0x00, 0x8f, 0x70, 0x00, 0x0c, 0xf6, 0x00, 0x00, 0xef,
    0xff, 0xff, 0xff, 0xfc, 0x00, 0x04, 0xfe, 0xbb, 0xbb, 0xbb, 0xff, 0x30, 0x0a, 0xf7, 0x00, 0x00,
    0x00, 0xaf, 0x90, 0x1f, 0xf1, 0x00, 0x00, 0x00, 0x4f, 0xe1, 0x7f, 0xa0, 0x00, 0x00, 0x00, 0x0d,
    0xf6, 0xdf, 0x40, 0x00, 0x00, 0x00, 0x07, 0xfc, 0x00, 0x00, 0xbf, 0x90, 0x00, 0x00, 0x00, 0x00,
    0x1d, 0xe1, 0x00, 0x00, 0x00, 0x00, 0x03, 0xf7, 0x00, 0x00, 0x00, 0x00, 0x00, 0x00, 0x00, 0x00,
    0x5f, 0xff, 0xff, 0xff, 0xff, 0xf8, 0x5f, 0xeb, 0xbb, 0xbb, 0xbb, 0xb6, 0x5f, 0xa0, 0x00, 0x00,
    0x00, 0x00, 0x5f, 0xa0, 0x00, 0x00, 0x00, 0x00, 0x5f, 0xa0, 0x00, 0x00, 0x00, 0x00, 0x5f, 0xa0,
    0x00, 0x00, 0x00, 0x00, 0x5f, 0xff, 0xff, 0xff, 0xff, 0xf0, 0x5f, 0xeb, 0xbb, 0xbb, 0xbb, 0xb0,
    0x5f, 0xa0, 0x00, 0x00, 0x00, 0x00, 0x5f, 0xa0, 0x00, 0x00, 0x00, 0x00, 0x5f, 0xa0, 0x00, 0x00,
    0x00, 0x00, 0x5f, 0xa0, 0x00, 0x00, 0x00, 0x00, 0x5f, 0xa0, 0x00, 0x00, 0x00, 0x00, 0x5f, 0xeb,
    0xbb, 0xbb, 0xbb, 0xba, 0x5f, 0xff, 0xff, 0xff, 0xff, 0xfd, 0x00, 0x00, 0x02, 0xff, 0x30, 0x00,
    0x00, 0x00, 0x08, 0xf6, 0x00, 0x00, 0x00, 0x00, 0x1e, 0xa0, 0x00, 0x00, 0x00, 0x00, 0x00, 0x00,
    0x00, 0x00, 0x5f, 0xff, 0xff, 0xff, 0xff, 0xf8, 0x5f, 0xeb, 0xbb, 0xbb, 0xbb, 0xb6, 0x5f, 0xa0,
    0x00, 0x00, 0x00, 0x00, 0x5f, 0xa0, 0x00, 0x00, 0x00, 0x00, 0x5f, 0xa0, 0x00, 0x00, 0x00, 0x00,
    0x5f, 0xa0, 0x00, 0x00, 0x00, 0x00, 0x5f, 0xff, 0xff, 0xff, 0xff, 0xf0, 0x5f, 0xeb, 0xbb, 0xbb,
    0xbb, 0xb0, 0x5f, 0xa0, 0x00, 0x00, 0x00, 0x00, 0x5f, 0xa0, 0x00, 0x00, 0x00, 0x00, 0x5f, 0xa0,
    0x00, 0x00, 0x00, 0x00, 0x5f, 0xa0, 0x00, 0x00, 0x00, 0x00, 0x5f, 0xa0, 0x00, 0x00, 0x00, 0x00,
    0x5f, 0xeb, 0xbb, 0xbb, 0xbb, 0xba, 0x5f, 0xff, 0xff, 0xff, 0xff, 0xfd, 0x00, 0x00, 0x3f, 0xf8,
    0x00, 0x00, 0x00, 0x01, 0xde, 0x9f, 0x50, 0x00, 0x00, 0x0a, 0xf6, 0x1d, 0xe2, 0x00, 0x00, 0x00,
    0x00, 0x00, 0x00, 0x00, 0x5f, 0xff, 0xff, 0xff, 0xff, 0xf8, 0x5f, 0xeb, 0xbb, 0xbb, 0xbb, 0xb6,
    0x5f, 0xa0, 0x00, 0x00, 0x00, 0x00, 0x5f, 0xa0, 0x00, 0x00, 0x00, 0x00, 0x5f, 0xa0, 0x00, 0x00,
    0x00, 0x00, 0x5f, 0xa0, 0x00, 0x00, 0x00, 0x00, 0x5f, 0xff, 0xff, 0xff, 0xff, 0xf0, 0x5f, 0xeb,
    0xbb, 0xbb, 0xbb, 0xb0, 0x5f, 0xa0, 0x00, 0x00, 0x00, 0x00, 0x5f, 0xa0, 0x00, 0x00, 0x00, 0x00,
    0x5f, 0xa0, 0x00, 0x00, 0x00, 0x00, 0x5f, 0xa0, 0x00, 0x00, 0x00, 0x00, 0x5f, 0xa0, 0x00, 0x00,
    0x00, 0x00, 0x5f, 0xeb, 0xbb, 0xbb, 0xbb, 0xba, 0x5f, 0xff, 0xff, 0xff, 0xff, 0xfd, 0x2e, 0xf4,
    0x00, 0x4f, 0xb0, 0x00, 0x7f, 0x30, 0x00, 0x00, 0x01, 0xfe, 0x00, 0x1f, 0xe0, 0x01, 0xfe, 0x00,
    0x1f, 0xe0, 0x01, 0xfe, 0x00, 0x1f, 0xe0, 0x01, 0xfe, 0x00, 0x1f, 0xe0, 0x01, 0xfe, 0x00, 0x1f,
    0xe0, 0x01, 0xfe, 0x00, 0x1f, 0xe0, 0x01, 0xfe, 0x00, 0x1f, 0xe0, 0x01, 0xfe, 0x00, 0x06, 0xfc,
    0x10, 0xde, 0x20, 0x5f, 0x50, 0x00, 0x00, 0x00, 0x1f, 0xe0, 0x01, 0xfe, 0x00, 0x1f, 0xe0, 0x01,
    0xfe, 0x00, 0x1f, 0xe0, 0x01, 0xfe, 0x00, 0x1f, 0xe0, 0x01, 0xfe, 0x00, 0x1f, 0xe0, 0x01, 0xfe,
    0x00, 0x1f, 0xe0, 0x01, 0xfe, 0x00, 0x1f, 0xe0, 0x01, 0xfe, 0x00, 0x1f, 0xe0, 0x00, 0x00, 0x00,
    0x2e, 0xf4, 0x00, 0x00, 0x00, 0x00, 0x00, 0x00, 0x4f, 0xb0, 0x00, 0x00, 0x00, 0x00, 0x00, 0x00,
    0x7f, 0x20, 0x00, 0x00, 0x00, 0x00, 0x00, 0x00, 0x00, 0x00, 0x00, 0x00, 0x00, 0x01, 0x8c, 0xee,
    0xd9, 0x30, 0x00, 0x00, 0x05, 0xef, 0xc9, 0x8a, 0xff, 0x90, 0x00, 0x05, 0xfe, 0x40, 0x00, 0x02,
    0xbf, 0xb0, 0x01, 0xef, 0x30, 0x00, 0x00, 0x00, 0xcf, 0x60, 0x7f, 0x90, 0x00, 0x00, 0x00, 0x04,
    0xfc, 0x0b, 0xf4, 0x00, 0x00, 0x00, 0x00, 0x0e, 0xf2, 0xef, 0x20, 0x00, 0x00, 0x00, 0x00, 0xbf,
    0x4e, 0xf1, 0x00, 0x00, 0x00, 0x00, 0x0a, 0xf5, 0xdf, 0x20, 0x00, 0x00, 0x00, 0x00, 0xbf, 0x4b,
    0xf4, 0x00, 0x00, 0x00, 0x00, 0x0d, 0xf2, 0x6f, 0x90, 0x00, 0x00, 0x00, 0x03, 0xfc, 0x01, 0xef,
    0x30, 0x00, 0x00, 0x00, 0xcf, 0x60, 0x04, 0xfe, 0x40, 0x00, 0x01, 0xbf, 0xb0, 0x00, 0x04, 0xef,
    0xc8, 0x8a, 0xef, 0x91, 0x00, 0x00, 0x01, 0x7c, 0xee, 0xd9, 0x40, 0x00, 0x00, 0x00, 0x00, 0x00,
    0x0d, 0xf5, 0x00, 0x00, 0x00, 0x00, 0x00, 0x06, 0xf9, 0x00, 0x00, 0x00, 0x00, 0x00, 0x00, 0xcc,
    0x00, 0x00, 0x00, 0x00, 0x00, 0x00, 0x00, 0x00, 0x00, 0x00, 0x00, 0x00, 0x01, 0x8c, 0xee, 0xd9,
    0x30, 0x00, 0x00, 0x05, 0xef, 0xc9, 0x8a, 0xff, 0x90, 0x00, 0x05, 0xfe, 0x40, 0x00, 0x02, 0xbf,
    0xb0, 0x01, 0xef, 0x30, 0x00, 0x00, 0x00, 0xcf, 0x60, 0x7f, 0x90, 0x00, 0x00, 0x00, 0x04, 0xfc,
    0x0b, 0xf4, 0x00, 0x00, 0x00, 0x00, 0x0e, 0xf2, 0xef, 0x20, 0x00, 0x00, 0x00, 0x00, 0xbf, 0x4e,
    0xf1, 0x00, 0x00, 0x00, 0x00, 0x0a, 0xf5, 0xdf, 0x20, 0x00, 0x00, 0x00, 0x00, 0xbf, 0x4b, 0xf4,
    0x00, 0x00, 0x00, 0x00, 0x0d, 0xf2, 0x6f, 0x90, 0x00, 0x00, 0x00, 0x03, 0xfc, 0x01, 0xef, 0x30,
    0x00, 0x00, 0x00, 0xcf, 0x60, 0x04, 0xfe, 0x40, 0x00, 0x01, 0xbf, 0xb0, 0x00, 0x04, 0xef, 0xc8,
    0x8a, 0xef, 0x91, 0x00, 0x00, 0x01, 0x7c, 0xee, 0xd9, 0x40, 0x00, 0x00, 0x00, 0x00, 0x04, 0xff,
    0x70, 0x00, 0x00, 0x00, 0x00, 0x01, 0xee, 0xaf, 0x40, 0x00, 0x00, 0x00, 0x00, 0xbf, 0x51, 0xee,
    0x20, 0x00, 0x00, 0x00, 0x00, 0x00, 0x00, 0x00, 0x00, 0x00, 0x00, 0x01, 0x8c, 0xee, 0xd9, 0x30,
    0x00, 0x00, 0x05, 0xef, 0xc9, 0x8a, 0xff, 0x90, 0x00, 0x05, 0xfe, 0x40, 0x00, 0x02, 0xbf, 0xb0,
    0x01, 0xef, 0x30, 0x00, 0x00, 0x00, 0xcf, 0x60, 0x7f, 0x90, 0x00, 0x00, 0x00, 0x04, 0xfc, 0x0b,
    0xf4, 0x00, 0x00, 0x00, 0x00, 0x0e, 0xf2, 0xef, 0x20, 0x00, 0x00, 0x00, 0x00, 0xbf, 0x4e, 0xf1,
    0x00, 0x00, 0x00, 0x00, 0x0a, 0xf5, 0xdf, 0x20, 0x00, 0x00, 0x00, 0x00, 0xbf, 0x4b, 0xf4, 0x00,
    0x00, 0x00, 0x00, 0x0d, 0xf2, 0x6f, 0x90, 0x00, 0x00, 0x00, 0x03, 0xfc, 0x01, 0xef, 0x30, 0x00,
    0x00, 0x00, 0xcf, 0x60, 0x04, 0xfe, 0x40, 0x00, 0x01, 0xbf, 0xb0, 0x00, 0x04, 0xef, 0xc8, 0x8a,
    0xef, 0x91, 0x00, 0x00, 0x01, 0x7c, 0xee, 0xd9, 0x40, 0x00, 0x00, 0x00, 0x00, 0x7d, 0xc8, 0x4d,
    0x80, 0x00, 0x00, 0x00, 0x2f, 0x75, 0xbe, 0xc2, 0x00, 0x00, 0x00, 0x00, 0x00, 0x00, 0x00, 0x00,
    0x00, 0x00, 0x00, 0x18, 0xce, 0xed, 0x93, 0x00, 0x00, 0x00, 0x5e, 0xfc, 0x98, 0xaf, 0xf9, 0x00,
    0x00, 0x5f, 0xe4, 0x00, 0x00, 0x2b, 0xfb, 0x00, 0x1e, 0xf3, 0x00, 0x00, 0x00, 0x0c, 0xf6, 0x07,
    0xf9, 0x00, 0x00, 0x00, 0x00, 0x4f, 0xc0, 0xbf, 0x40, 0x00, 0x00, 0x00, 0x00, 0xef, 0x2e, 0xf2,
    0x00, 0x00, 0x00, 0x00, 0x0b, 0xf4, 0xef, 0x10, 0x00, 0x00, 0x00, 0x00, 0xaf, 0x5d, 0xf2, 0x00,
    0x00, 0x00, 0x00, 0x0b, 0xf4, 0xbf, 0x40, 0x00, 0x00, 0x00, 0x00, 0xdf, 0x26, 0xf9, 0x00, 0x00,
    0x00, 0x00, 0x3f, 0xc0, 0x1e, 0xf3, 0x00, 0x00, 0x00, 0x0c, 0xf6, 0x00, 0x4f, 0xe4, 0x00, 0x00,
    0x1b, 0xfb, 0x00, 0x00, 0x4e, 0xfc, 0x88, 0xae, 0xf9, 0x10, 0x00, 0x00, 0x17, 0xce, 0xed, 0x94,
    0x00, 0x00, 0x00, 0x00, 0xbf, 0x90, 0x00, 0x00, 0x00, 0x00, 0x01, 0xdf, 0x10, 0x00, 0x00, 0x00,
    0x00, 0x03, 0xe8, 0x00, 0x00, 0x00, 0x00, 0x00, 0x00, 0x00, 0x00, 0x00, 0x5f, 0xa0, 0x00, 0x00,
    0x00, 0x8f, 0x75, 0xfa, 0x00, 0x00, 0x00, 0x08, 0xf7, 0x5f, 0xa0, 0x00, 0x00, 0x00, 0x8f, 0x75,
    0xfa, 0x00, 0x00, 0x00, 0x08, 0xf7, 0x5f, 0xa0, 0x00, 0x00, 0x00, 0x8f, 0x75, 0xfa, 0x00, 0x00,
    0x00, 0x08, 0xf7, 0x5f, 0xa0, 0x00, 0x00, 0x00, 0x8f, 0x75, 0xfa, 0x00, 0x00, 0x00, 0x08, 0xf7,
    0x5f, 0xa0, 0x00, 0x00, 0x00, 0x8f, 0x74, 0xfa, 0x00, 0x00, 0x00, 0x08, 0xf6, 0x3f, 0xc0, 0x00,
    0x00, 0x00, 0xaf, 0x50, 0xef, 0x20, 0x00, 0x00, 0x1e, 0xf1, 0x09, 0xfc, 0x20, 0x00, 0x1b, 0xfa,
    0x00, 0x1c, 0xff, 0xdc, 0xdf, 0xfc, 0x10, 0x00, 0x06, 0xbe, 0xfe, 0xc6, 0x10, 0x00, 0x00, 0x00,
    0x00, 0x9f, 0xa0, 0x00, 0x00, 0x00, 0x00, 0x1e, 0xd1, 0x00, 0x00, 0x00, 0x00, 0x07, 0xf3, 0x00,
    0x00, 0x00, 0x00, 0x00, 0x00, 0x00, 0x00, 0x00, 0x5f, 0xa0, 0x00, 0x00, 0x00, 0x8f, 0x75, 0xfa,
    0x00, 0x00, 0x00, 0x08, 0xf7, 0x5f, 0xa0, 0x00, 0x00, 0x00, 0x8f, 0x75, 0xfa, 0x00, 0x00, 0x00,
    0x08, 0xf7, 0x5f, 0xa0, 0x00, 0x00, 0x00, 0x8f, 0x75, 0xfa, 0x00, 0x00, 0x00, 0x08, 0xf7, 0x5f,
    0xa0, 0x00, 0x00, 0x00, 0x8f, 0x75, 0xfa, 0x00, 0x00, 0x00, 0x08, 0xf7, 0x5f, 0xa0, 0x00, 0x00,
    0x00, 0x8f, 0x74, 0xfa, 0x00, 0x00, 0x00, 0x08, 0xf6, 0x3f, 0xc0, 0x00, 0x00, 0x00, 0xaf, 0x50,
    0xef, 0x20, 0x00, 0x00, 0x1e, 0xf1, 0x09, 0xfc, 0x20, 0x00, 0x1b, 0xfa, 0x00, 0x1c, 0xff, 0xdc,
    0xdf, 0xfc, 0x10, 0x00, 0x06, 0xbe, 0xfe, 0xc6, 0x10, 0x00, 0x00, 0x00, 0x00, 0x3f, 0xe2, 0x00,
    0x00, 0x00, 0x00, 0x00, 0x9f, 0x50, 0x00, 0x00, 0x00, 0x00, 0x01, 0xf9, 0x00, 0x00, 0x00, 0x00,
    0x00, 0x00, 0x00, 0x00, 0x00, 0x00, 0x9f, 0xc0, 0x00, 0x00, 0x00, 0x0c, 0xf8, 0x1e, 0xf6, 0x00,
    0x00, 0x00, 0x6f, 0xc0, 0x05, 0xfe, 0x10, 0x00, 0x01, 0xef, 0x30, 0x00, 0xaf, 0xa0, 0x00, 0x0a,
    0xf8, 0x00, 0x00, 0x2e, 0xf4, 0x00, 0x4f, 0xc0, 0x00, 0x00, 0x06, 0xfc, 0x00, 0xdf, 0x30, 0x00,
    0x00, 0x00, 0xbf, 0x67, 0xf8, 0x00, 0x00, 0x00, 0x00, 0x2e, 0xee, 0xc0, 0x00, 0x00, 0x00, 0x00,
    0x07, 0xff, 0x30, 0x00, 0x00, 0x00, 0x00, 0x02, 0xfd, 0x00, 0x00, 0x00, 0x00, 0x00, 0x02, 0xfd,
    0x00, 0x00, 0x00, 0x00, 0x00, 0x02, 0xfd, 0x00, 0x00, 0x00, 0x00, 0x00, 0x02, 0xfd, 0x00, 0x00,
    0x00, 0x00, 0x00, 0x02, 0xfd, 0x00, 0x00, 0x00, 0x00, 0x00, 0x02, 0xfd, 0x00, 0x00, 0x00, 0x00,
    0x03, 0xef, 0x30, 0x00, 0x00, 0x00, 0x05, 0xfa, 0x00, 0x00, 0x00, 0x00, 0x08, 0xf2, 0x00, 0x00,
    0x00, 0x00, 0x00, 0x00, 0x00, 0x00, 0x18, 0xce, 0xfd, 0x81, 0x00, 0x1d, 0xfb, 0x89, 0xdf, 0xb0,
    0x08, 0xf7, 0x00, 0x01, 0xdf, 0x20, 0xae, 0x10, 0x00, 0x0a, 0xf3, 0x00, 0x01, 0x46, 0x8b, 0xff,
    0x30, 0x1a, 0xff, 0xfe, 0xbd, 0xf3, 0x0c, 0xfa, 0x52, 0x00, 0xaf, 0x33, 0xfd, 0x00, 0x00, 0x0d,
    0xf3, 0x2f, 0xd1, 0x00, 0x07, 0xff, 0x30, 0xbf, 0xd8, 0x8c, 0xfc, 0xf5, 0x01, 0x9d, 0xfd, 0xa3,
    0x4f, 0x90, 0x00, 0x00, 0x02, 0xff, 0x30, 0x00, 0x00, 0x00, 0x9f, 0x60, 0x00, 0x00, 0x00, 0x1e,
    0xa0, 0x00, 0x00, 0x00, 0x00, 0x00, 0x00, 0x00, 0x00, 0x18, 0xce, 0xfd, 0x81, 0x00, 0x1d, 0xfb,
    0x89, 0xdf, 0xb0, 0x08, 0xf7, 0x00, 0x01, 0xdf, 0x20, 0xae, 0x10, 0x00, 0x0a, 0xf3, 0x00, 0x01,
    0x46, 0x8b, 0xff, 0x30, 0x1a, 0xff, 0xfe, 0xbd, 0xf3, 0x0c, 0xfa, 0x52, 0x00, 0xaf, 0x33, 0xfd,
    0x00, 0x00, 0x0d, 0xf3, 0x2f, 0xd1, 0x00, 0x07, 0xff, 0x30, 0xbf, 0xd8, 0x8c, 0xfc, 0xf5, 0x01,
    0x9d, 0xfd, 0xa3, 0x4f, 0x90, 0x00, 0x00, 0x9f, 0xe2, 0x00, 0x00, 0x00, 0x5f, 0xae, 0xc1, 0x00,
    0x00, 0x2e, 0xe1, 0x6f, 0xa0, 0x00, 0x00, 0x00, 0x00, 0x00, 0x00, 0x00, 0x18, 0xce, 0xfd, 0x81,
    0x00, 0x1d, 0xfb, 0x89, 0xdf, 0xb0, 0x08, 0xf7, 0x00, 0x01, 0xdf, 0x20, 0xae, 0x10, 0x00, 0x0a,
    0xf3, 0x00, 0x01, 0x46, 0x8b, 0xff, 0x30, 0x1a, 0xff, 0xfe, 0xbd, 0xf3, 0x0c, 0xfa, 0x52, 0x00,
    0xaf, 0x33, 0xfd, 0x00, 0x00, 0x0d, 0xf3, 0x2f, 0xd1, 0x00, 0x07, 0xff, 0x30, 0xbf, 0xd8, 0x8c,
    0xfc, 0xf5, 0x01, 0x9d, 0xfd, 0xa3, 0x4f, 0x90, 0x00, 0x1b, 0xdb, 0x67, 0xf2, 0x00, 0x08, 0xe4,
    0x8d, 0xe8, 0x00, 0x00, 0x00, 0x00, 0x00, 0x00, 0x00, 0x01, 0x8c, 0xef, 0xd8, 0x10, 0x01, 0xdf,
    0xb8, 0x9d, 0xfb, 0x00, 0x8f, 0x70, 0x00, 0x1d, 0xf2, 0x0a, 0xe1, 0x00, 0x00, 0xaf, 0x30, 0x00,
    0x14, 0x68, 0xbf, 0xf3, 0x01, 0xaf, 0xff, 0xeb, 0xdf, 0x30, 0xcf, 0xa5, 0x20, 0x0a, 0xf3, 0x3f,
    0xd0, 0x00, 0x00, 0xdf, 0x32, 0xfd, 0x10, 0x00, 0x7f, 0xf3, 0x0b, 0xfd, 0x88, 0xcf, 0xcf, 0x50,
    0x19, 0xdf, 0xda, 0x34, 0xf9, 0x00, 0x07, 0xfd, 0x00, 0x00, 0x00, 0x00, 0x0a, 0xf5, 0x00, 0x00,
    0x00, 0x00, 0x1c, 0xc0, 0x00, 0x00, 0x00, 0x00, 0x00, 0x00, 0x00, 0x00, 0x07, 0xcf, 0xeb, 0x40,
    0x00, 0x1c, 0xfd, 0x99, 0xef, 0x60, 0x08, 0xf9, 0x00, 0x01, 0xdf, 0x20, 0xef, 0x10, 0x00, 0x06,
    0xf8, 0x2f, 0xe8, 0x88, 0x88, 0x9f, 0xb3, 0xff, 0xff, 0xff, 0xff, 0xfc, 0x2f, 0xc0, 0x00, 0x00,
    0x00, 0x00, 0xee, 0x10, 0x00, 0x06, 0xe7, 0x09, 0xfa, 0x00, 0x01, 0xdf, 0x30, 0x1c, 0xfd, 0x99,
    0xef, 0x80, 0x00, 0x17, 0xcf, 0xeb, 0x50, 0x00, 0x00, 0x00, 0x02, 0xff, 0x30, 0x00, 0x00, 0x00,
    0x8f, 0x60, 0x00, 0x00, 0x00, 0x1e, 0xa0, 0x00, 0x00, 0x00, 0x00, 0x00, 0x00, 0x00, 0x00, 0x07,
    0xcf, 0xeb, 0x40, 0x00, 0x1c, 0xfd, 0x99, 0xef, 0x60, 0x08, 0xf9, 0x00, 0x01, 0xdf, 0x20, 0xef,
    0x10, 0x00, 0x06, 0xf8, 0x2f, 0xe8, 0x88, 0x88, 0x9f, 0xb3, 0xff, 0xff, 0xff, 0xff, 0xfc, 0x2f,
    0xc0, 0x00, 0x00, 0x00, 0x00, 0xee, 0x10, 0x00, 0x06, 0xe7, 0x09, 0xfa, 0x00, 0x01, 0xdf, 0x30,
    0x1c, 0xfd, 0x99, 0xef, 0x80, 0x00, 0x17, 0xcf, 0xeb, 0x50, 0x00, 0x00, 0x00, 0x9f, 0xe2, 0x00,
    0x00, 0x00, 0x5f, 0xae, 0xc1, 0x00, 0x00, 0x2e, 0xe1, 0x6f, 0xa0, 0x00, 0x00, 0x00, 0x00, 0x00,
    0x00, 0x00, 0x07, 0xcf, 0xeb, 0x40, 0x00, 0x1c, 0xfd, 0x99, 0xef, 0x60, 0x08, 0xf9, 0x00, 0x01,
    0xdf, 0x20, 0xef, 0x10, 0x00, 0x06, 0xf8, 0x2f, 0xe8, 0x88, 0x88, 0x9f, 0xb3, 0xff, 0xff, 0xff,
    0xff, 0xfc, 0x2f, 0xc0, 0x00, 0x00, 0x00, 0x00, 0xee, 0x10, 0x00, 0x06, 0xe7, 0x09, 0xfa, 0x00,
    0x01, 0xdf, 0x30, 0x1c, 0xfd, 0x99, 0xef, 0x80, 0x00, 0x17, 0xcf, 0xeb, 0x50, 0x00, 0x4f, 0xf1,
    0x00, 0x7f, 0x80, 0x00, 0xae, 0x10, 0x00, 0x00, 0x00, 0xfd, 0x00, 0x0f, 0xd0, 0x00, 0xfd, 0x00,
    0x0f, 0xd0, 0x00, 0xfd, 0x00, 0x0f, 0xd0, 0x00, 0xfd, 0x00, 0x0f, 0xd0, 0x00, 0xfd, 0x00, 0x0f,
    0xd0, 0x00, 0xfd, 0x00, 0x00, 0xef, 0x50, 0x6f, 0x90, 0x0d, 0xc0, 0x00, 0x00, 0x00, 0x0f, 0xd0,
    0x00, 0xfd, 0x00, 0x0f, 0xd0, 0x00, 0xfd, 0x00, 0x0f, 0xd0, 0x00, 0xfd, 0x00, 0x0f, 0xd0, 0x00,
    0xfd, 0x00, 0x0f, 0xd0, 0x00, 0xfd, 0x00, 0x0f, 0xd0, 0x00, 0x00, 0x06, 0xfd, 0x00, 0x00, 0x00,
    0x00, 0x09, 0xf5, 0x00, 0x00, 0x00, 0x00, 0x0c, 0xc0, 0x00, 0x00, 0x00, 0x00, 0x00, 0x00, 0x00,
    0x00, 0x18, 0xdf, 0xeb, 0x40, 0x00, 0x1d, 0xfc, 0x9a, 0xef, 0x70, 0x0a, 0xf9, 0x00, 0x02, 0xdf,
    0x41, 0xfe, 0x00, 0x00, 0x06, 0xfa, 0x3f, 0xa0, 0x00, 0x00, 0x2f, 0xd4, 0xf9, 0x00, 0x00, 0x00,
    0xfd, 0x3f, 0xb0, 0x00, 0x00, 0x1f, 0xc1, 0xfe, 0x10, 0x00, 0x05, 0xf9, 0x0a, 0xf9, 0x00, 0x02,
    0xdf, 0x40, 0x1d, 0xfc, 0x8a, 0xef, 0x80, 0x00, 0x18, 0xdf, 0xeb, 0x40, 0x00, 0x00, 0x00, 0x02,
    0xff, 0x30, 0x00, 0x00, 0x00, 0x8f, 0x60, 0x00, 0x00, 0x00, 0x1e, 0xa0, 0x00, 0x00, 0x00, 0x00,
    0x00, 0x00, 0x00, 0x00, 0x18, 0xdf, 0xeb, 0x40, 0x00, 0x1d, 0xfc, 0x9a, 0xef, 0x70, 0x0a, 0xf9,
    0x00, 0x02, 0xdf, 0x41, 0xfe, 0x00, 0x00, 0x06, 0xfa, 0x3f, 0xa0, 0x00, 0x00, 0x2f, 0xd4, 0xf9,
    0x00, 0x00, 0x00, 0xfd, 0x3f, 0xb0, 0x00, 0x00, 0x1f, 0xc1, 0xfe, 0x10, 0x00, 0x05, 0xf9, 0x0a,
    0xf9, 0x00, 0x02, 0xdf, 0x40, 0x1d, 0xfc, 0x8a, 0xef, 0x80, 0x00, 0x18, 0xdf, 0xeb, 0x40, 0x00,
    0x00, 0x00, 0x9f, 0xe2, 0x00, 0x00, 0x00, 0x5f, 0xae, 0xd1, 0x00, 0x00, 0x2e, 0xe1, 0x5f, 0xa0,
    0x00, 0x00, 0x00, 0x00, 0x00, 0x00, 0x00, 0x18, 0xdf, 0xeb, 0x40, 0x00, 0x1d, 0xfc, 0x9a, 0xef,
    0x70, 0x0a, 0xf9, 0x00, 0x02, 0xdf, 0x41, 0xfe, 0x00, 0x00, 0x06, 0xfa, 0x3f, 0xa0, 0x00, 0x00,
    0x2f, 0xd4, 0xf9, 0x00, 0x00, 0x00, 0xfd, 0x3f, 0xb0, 0x00, 0x00, 0x1f, 0xc1, 0xfe, 0x10, 0x00,
    0x05, 0xf9, 0x0a, 0xf9, 0x00, 0x02, 0xdf, 0x40, 0x1d, 0xfc, 0x8a, 0xef, 0x80, 0x00, 0x18, 0xdf,
    0xeb, 0x40, 0x00, 0x00, 0x1b, 0xdb, 0x66, 0xf2, 0x00, 0x08, 0xe4, 0x8d, 0xe8, 0x00, 0x00, 0x00,
    0x00, 0x00, 0x00, 0x00, 0x01, 0x8d, 0xfe, 0xb4, 0x00, 0x01, 0xdf, 0xc9, 0xae, 0xf7, 0x00, 0xaf,
    0x90, 0x00, 0x2d, 0xf4, 0x1f, 0xe0, 0x00, 0x00, 0x6f, 0xa3, 0xfa, 0x00, 0x00, 0x02, 0xfd, 0x4f,
    0x90, 0x00, 0x00, 0x0f, 0xd3, 0xfb, 0x00, 0x00, 0x01, 0xfc, 0x1f, 0xe1, 0x00, 0x00, 0x5f, 0x90,
    0xaf, 0x90, 0x00, 0x2d, 0xf4, 0x01, 0xdf, 0xc8, 0xae, 0xf8, 0x00, 0x01, 0x8d, 0xfe, 0xb4, 0x00,
    0x00, 0x1e, 0xf5, 0x00, 0x00, 0x00, 0x03, 0xfc, 0x00, 0x00, 0x00, 0x00, 0x6f, 0x40, 0x00, 0x00,
    0x00, 0x00, 0x00, 0x00, 0xaf, 0x30, 0x00, 0x0a, 0xf3, 0xaf, 0x30, 0x00, 0x0a, 0xf3, 0xaf, 0x30,
    0x00, 0x0a, 0xf3, 0xaf, 0x30, 0x00, 0x0a, 0xf3, 0xaf, 0x30, 0x00, 0x0a, 0xf3, 0xaf, 0x30, 0x00,
    0x0a, 0xf3, 0xaf, 0x30, 0x00, 0x0b, 0xf3, 0x9f, 0x40, 0x00, 0x0d, 0xf3, 0x7f, 0x90, 0x00, 0x6f,
    0xf3, 0x2e, 0xfb, 0x8b, 0xfb, 0xf3, 0x03, 0xbe, 0xeb, 0x47, 0xf3, 0x00, 0x00, 0x3f, 0xe2, 0x00,
    0x00, 0x00, 0xaf, 0x50, 0x00, 0x00, 0x02, 0xf8, 0x00, 0x00, 0x00, 0x00, 0x00, 0x00, 0x00, 0xaf,
    0x30, 0x00, 0x0a, 0xf3, 0xaf, 0x30, 0x00, 0x0a, 0xf3, 0xaf, 0x30, 0x00, 0x0a, 0xf3, 0xaf, 0x30,
    0x00, 0x0a, 0xf3, 0xaf, 0x30, 0x00, 0x0a, 0xf3, 0xaf, 0x30, 0x00, 0x0a, 0xf3, 0xaf, 0x30, 0x00,
    0x0b, 0xf3, 0x9f, 0x40, 0x00, 0x0d, 0xf3, 0x7f, 0x90, 0x00, 0x6f, 0xf3, 0x2e, 0xfb, 0x8b, 0xfb,
    0xf3, 0x03, 0xbe, 0xeb, 0x47, 0xf3, 0x00, 0x00, 0x08, 0xfb, 0x00, 0x00, 0x00, 0x01, 0xed, 0x10,
    0x00, 0x00, 0x00, 0x7f, 0x30, 0x00, 0x00, 0x00, 0x00, 0x00, 0x00, 0x00, 0x7f, 0x80, 0x00, 0x00,
    0xbf, 0x22, 0xfd, 0x00, 0x00, 0x1f, 0xb0, 0x0b, 0xf3, 0x00, 0x07, 0xf5, 0x00, 0x5f, 0x90, 0x00,
    0xce, 0x10, 0x00, 0xee, 0x00, 0x2f, 0x90, 0x00, 0x09, 0xf4, 0x08, 0xf3, 0x00, 0x00, 0x3f, 0x90,
    0xdc, 0x00, 0x00, 0x00, 0xde, 0x3f, 0x70, 0x00, 0x00, 0x07, 0xfb, 0xf1, 0x00, 0x00, 0x00, 0x2f,
    0xfa, 0x00, 0x00, 0x00, 0x00, 0xbf, 0x50, 0x00, 0x00, 0x00, 0x0b, 0xe0, 0x00, 0x00, 0x00, 0x04,
    0xf8, 0x00, 0x00, 0x00, 0xbc, 0xfe, 0x10, 0x00, 0x00, 0x0a, 0xec, 0x30, 0x00, 0x00, 0x00, 0x00,
    0x00, 0xe6, 0x00, 0x7d, 0x00, 0x00, 0x00, 0x00, 0x9e, 0x88, 0xe8, 0x00, 0x00, 0x00, 0x00, 0x19,
    0xee, 0x90, 0x00, 0x00, 0x00, 0x00, 0x00, 0x00, 0x00, 0x00, 0x00, 0x00, 0x00, 0x07, 0xff, 0x20,
    0x00, 0x00, 0x00, 0x00, 0x0c, 0xef, 0x80, 0x00, 0x00, 0x00, 0x00, 0x3f, 0x8e, 0xd0, 0x00, 0x00,
    0x00, 0x00, 0x9f, 0x39, 0xf5, 0x00, 0x00, 0x00, 0x01, 0xee, 0x04, 0xfb, 0x00, 0x00, 0x00, 0x06,
    0xf9, 0x00, 0xdf, 0x20, 0x00, 0x00, 0x0b, 0xf3, 0x00, 0x8f, 0x80, 0x00, 0x00, 0x2f, 0xd0, 0x00,
    0x2f, 0xe0, 0x00, 0x00, 0x8f, 0x70, 0x00, 0x0c, 0xf6, 0x00, 0x00, 0xef, 0xff, 0xff, 0xff, 0xfc,
    0x00, 0x04, 0xfe, 0xbb, 0xbb, 0xbb, 0xff, 0x30, 0x0a, 0xf7, 0x00, 0x00, 0x00, 0xaf, 0x90, 0x1f,
    0xf1, 0x00, 0x00, 0x00, 0x4f, 0xe1, 0x7f, 0xa0, 0x00, 0x00, 0x00, 0x0d, 0xf6, 0xdf, 0x40, 0x00,
    0x00, 0x00, 0x07, 0xfc, 0x00, 0x0d, 0x60, 0x06, 0xe0, 0x00, 0x00, 0x8e, 0x88, 0xe9, 0x00, 0x00,
    0x01, 0x9e, 0xe9, 0x10, 0x00, 0x00, 0x00, 0x00, 0x00, 0x00, 0x00, 0x18, 0xce, 0xfd, 0x81, 0x00,
    0x1d, 0xfb, 0x89, 0xdf, 0xb0, 0x08, 0xf7, 0x00, 0x01, 0xdf, 0x20, 0xae, 0x10, 0x00, 0x0a, 0xf3,
    0x00, 0x01, 0x46, 0x8b, 0xff, 0x30, 0x1a, 0xff, 0xfe, 0xbd, 0xf3, 0x0c, 0xfa, 0x52, 0x00, 0xaf,
    0x33, 0xfd, 0x00, 0x00, 0x0d, 0xf3, 0x2f, 0xd1, 0x00, 0x07, 0xff, 0x30, 0xbf, 0xd8, 0x8c, 0xfc,
    0xf5, 0x01, 0x9d, 0xfd, 0xa3, 0x4f, 0x90, 0x00, 0x6f, 0xff, 0xff, 0xfe, 0xb6, 0x00, 0x00, 0x00,
    0x6f, 0xeb, 0xbb, 0xcd, 0xff, 0xc1, 0x00, 0x00, 0x6f, 0x90, 0x00, 0x00, 0x3c, 0xfb, 0x00, 0x00,
    0x6f, 0x90, 0x00, 0x00, 0x01, 0xef, 0x40, 0x00, 0x6f, 0x90, 0x00, 0x00, 0x00, 0x7f, 0x90, 0x00,
    0x6f, 0x90, 0x00, 0x00, 0x00, 0x3f, 0xd0, 0x00, 0x6f, 0x90, 0x00, 0x00, 0x00, 0x1f, 0xf0, 0x0f,
    0xff, 0xff, 0xff, 0xb0, 0x00, 0x0f, 0xf0, 0x05, 0x9f, 0xb5, 0x55, 0x40, 0x00, 0x1f, 0xe0, 0x00,
    0x6f, 0x90, 0x00, 0x00, 0x00, 0x3f, 0xd0, 0x00, 0x6f, 0x90, 0x00, 0x00, 0x00, 0x8f, 0x90, 0x00,
    0x6f, 0x90, 0x00, 0x00, 0x01, 0xef, 0x30, 0x00, 0x6f, 0x90, 0x00, 0x00, 0x3c, 0xfa, 0x00, 0x00,
    0x6f, 0xeb, 0xbb, 0xcd, 0xff, 0xb1, 0x00, 0x00, 0x6f, 0xff, 0xff, 0xfe, 0xb6, 0x00, 0x00, 0x00,
    0x00, 0x00, 0x00, 0xaf, 0x20, 0x00, 0x00, 0x3f, 0xff, 0xff, 0xfa, 0x00, 0x00, 0x15, 0x55, 0xcf,
    0x74, 0x00, 0x00, 0x00, 0x00, 0xaf, 0x20, 0x00, 0x19, 0xdf, 0xc5, 0xaf, 0x20, 0x01, 0xdf, 0xb8,
    0xbf, 0xef, 0x20, 0x09, 0xf7, 0x00, 0x07, 0xff, 0x20, 0x0e, 0xd0, 0x00, 0x00, 0xdf, 0x20, 0x3f,
    0xa0, 0x00, 0x00, 0x9f, 0x20, 0x4f, 0x90, 0x00, 0x00, 0x8f, 0x20, 0x3f, 0xa0, 0x00, 0x00, 0x9f,
    0x20, 0x0e, 0xe0, 0x00, 0x00, 0xcf, 0x20, 0x09, 0xf8, 0x00, 0x06, 0xff, 0x20, 0x01, 0xcf, 0xc8,
    0xbf, 0xdf, 0x20, 0x00, 0x18, 0xdf, 0xc5, 0x8f, 0x20, 0x1b, 0xdb, 0x67, 0xf2, 0x8e, 0x48, 0xde,
    0x80, 0x00, 0x00, 0x00, 0x00, 0x00, 0x1f, 0xe0, 0x00, 0x00, 0x1f, 0xe0, 0x00, 0x00, 0x1f, 0xe0,
    0x00, 0x00, 0x1f, 0xe0, 0x00, 0x00, 0x1f, 0xe0, 0x00, 0x00, 0x1f, 0xe0, 0x00, 0x00, 0x1f, 0xe0,
    0x00, 0x00, 0x1f, 0xe0, 0x00, 0x00, 0x1f, 0xe0, 0x00, 0x00, 0x1f, 0xe0, 0x00, 0x00, 0x1f, 0xe0,
    0x00, 0x00, 0x1f, 0xe0, 0x00, 0x00, 0x1f, 0xe0, 0x00, 0x00, 0x1f, 0xe0, 0x00, 0x00, 0x1f, 0xe0,
    0x00, 0x09, 0xdb, 0x75, 0xe5, 0x5f, 0x57, 0xce, 0xa0, 0x00, 0x00, 0x00, 0x00, 0x00, 0x0f, 0xd0,
    0x00, 0x00, 0x0f, 0xd0, 0x00, 0x00, 0x0f, 0xd0, 0x00, 0x00, 0x0f, 0xd0, 0x00, 0x00, 0x0f, 0xd0,
    0x00, 0x00, 0x0f, 0xd0, 0x00, 0x00, 0x0f, 0xd0, 0x00, 0x00, 0x0f, 0xd0, 0x00, 0x00, 0x0f, 0xd0,
    0x00, 0x00, 0x0f, 0xd0, 0x00, 0x00, 0x0f, 0xd0, 0x00, 0x00, 0x01, 0xbe, 0xb6, 0x7f, 0x20, 0x00,
    0x00, 0x8e, 0x47, 0xce, 0x80, 0x00, 0x00, 0x00, 0x00, 0x00, 0x00, 0x00, 0x05, 0xfa, 0x00, 0x00,
    0x00, 0x08, 0xf7, 0x5f, 0xa0, 0x00, 0x00, 0x00, 0x8f, 0x75, 0xfa, 0x00, 0x00, 0x00, 0x08, 0xf7,
    0x5f, 0xa0, 0x00, 0x00, 0x00, 0x8f, 0x75, 0xfa, 0x00, 0x00, 0x00, 0x08, 0xf7, 0x5f, 0xa0, 0x00,
    0x00, 0x00, 0x8f, 0x75, 0xfa, 0x00, 0x00, 0x00, 0x08, 0xf7, 0x5f, 0xa0, 0x00, 0x00, 0x00, 0x8f,
    0x75, 0xfa, 0x00, 0x00, 0x00, 0x08, 0xf7, 0x4f, 0xa0, 0x00, 0x00, 0x00, 0x8f, 0x63, 0xfc, 0x00,
    0x00, 0x00, 0x0a, 0xf5, 0x0e, 0xf2, 0x00, 0x00, 0x01, 0xef, 0x10, 0x9f, 0xc2, 0x00, 0x01, 0xbf,
    0xa0, 0x01, 0xcf, 0xfd, 0xcd, 0xff, 0xc1, 0x00, 0x00, 0x6b, 0xef, 0xec, 0x61, 0x00, 0x01, 0xae,
    0xc7, 0x6f, 0x40, 0x06, 0xf4, 0x6c, 0xe9, 0x00, 0x00, 0x00, 0x00, 0x00, 0x00, 0xaf, 0x30, 0x00,
    0x0a, 0xf3, 0xaf, 0x30, 0x00, 0x0a, 0xf3, 0xaf, 0x30, 0x00, 0x0a, 0xf3, 0xaf, 0x30, 0x00, 0x0a,
    0xf3, 0xaf, 0x30, 0x00, 0x0a, 0xf3, 0xaf, 0x30, 0x00, 0x0a, 0xf3, 0xaf, 0x30, 0x00, 0x0b, 0xf3,
    0x9f, 0x40, 0x00, 0x0d, 0xf3, 0x7f, 0x90, 0x00, 0x6f, 0xf3, 0x2e, 0xfb, 0x8b, 0xfb, 0xf3, 0x03,
    0xbe, 0xeb, 0x47, 0xf3, 0x00, 0x02, 0x8c, 0xef, 0xda, 0x40, 0x00, 0x7f, 0x80, 0x05, 0xef, 0xff,
    0xff, 0xff, 0xb1, 0x07, 0xf8, 0x05, 0xff, 0xa4, 0x11, 0x38, 0xef, 0xc0, 0x08, 0x61, 0xef, 0x70,
    0x00, 0x00, 0x03, 0xef, 0x82, 0xc1, 0x7f, 0xb0, 0x00, 0x00, 0x00, 0x05, 0xfe, 0xb2, 0x0b, 0xf5,
    0x00, 0x00, 0x00, 0x00, 0x0e, 0xf3, 0x00, 0xdf, 0x20, 0x00, 0x00, 0x00, 0x00, 0xbf, 0x50, 0x0e,
    0xf1, 0x00, 0x00, 0x00, 0x00, 0x0a, 0xf5, 0x00, 0xdf, 0x20, 0x00, 0x00, 0x00, 0x00, 0xbf, 0x40,
    0x0b, 0xf5, 0x00, 0x00, 0x00, 0x00, 0x0e, 0xf2, 0x00, 0x6f, 0xb0, 0x00, 0x00, 0x00, 0x05, 0xfc,
    0x00, 0x01, 0xef, 0x70, 0x00, 0x00, 0x03, 0xef, 0x50, 0x00, 0x05, 0xff, 0xa4, 0x10, 0x27, 0xef,
    0xa0, 0x00, 0x00, 0x05, 0xef, 0xff, 0xff, 0xff, 0x90, 0x00, 0x00, 0x00, 0x01, 0x7c, 0xee, 0xd9,
    0x30, 0x00, 0x00, 0x00, 0x00, 0x18, 0xdf, 0xeb, 0x50, 0x0d, 0xf2, 0x01, 0xcf, 0xff, 0xff, 0xf8,
    0x0d, 0xf2, 0x09, 0xfd, 0x41, 0x27, 0xff, 0x40, 0xe1, 0x1f, 0xf2, 0x00, 0x00, 0x8f, 0x96, 0xa0,
    0x3f, 0xb0, 0x00, 0x00, 0x2f, 0xf9, 0x10, 0x4f, 0x90, 0x00, 0x00, 0x1f, 0xd0, 0x00, 0x3f, 0xb0,
    0x00, 0x00, 0x2f, 0xc0, 0x00, 0x1f, 0xf2, 0x00, 0x00, 0x8f, 0x90, 0x00, 0x09, 0xfd, 0x41, 0x27,
    0xff, 0x30, 0x00, 0x01, 0xdf, 0xff, 0xff, 0xf7, 0x00, 0x00, 0x00, 0x18, 0xdf, 0xeb, 0x40, 0x00,
    0x00, 0x5f, 0xa0, 0x00, 0x00, 0x00, 0x8f, 0x70, 0xdf, 0x15, 0xfa, 0x00, 0x00, 0x00, 0x08, 0xf7,
    0x0d, 0xf1, 0x5f, 0xa0, 0x00, 0x00, 0x00, 0x8f, 0x70, 0x0f, 0x05, 0xfa, 0x00, 0x00, 0x00, 0x08,
    0xf7, 0x02, 0xd0, 0x5f, 0xa0, 0x00, 0x00, 0x00, 0x8f, 0x72, 0xc6, 0x05, 0xfa, 0x00, 0x00, 0x00,
    0x08, 0xfe, 0xc5, 0x00, 0x5f, 0xa0, 0x00, 0x00, 0x00, 0x8f, 0x70, 0x00, 0x05, 0xfa, 0x00, 0x00,
    0x00, 0x08, 0xf7, 0x00, 0x00, 0x5f, 0xa0, 0x00, 0x00, 0x00, 0x8f, 0x70, 0x00, 0x04, 0xfb, 0x00,
    0x00, 0x00, 0x09, 0xf6, 0x00, 0x00, 0x3f, 0xd0, 0x00, 0x00, 0x00, 0xbf, 0x50, 0x00, 0x00, 0xef,
    0x40, 0x00, 0x00, 0x2f, 0xf2, 0x00, 0x00, 0x09, 0xfe, 0x62, 0x01, 0x5d, 0xfb, 0x00, 0x00, 0x00,
    0x1c, 0xff, 0xff, 0xff, 0xfd, 0x20, 0x00, 0x00, 0x00, 0x06, 0xbe, 0xfe, 0xc7, 0x10, 0x00, 0x00,
    0x00, 0xaf, 0x30, 0x00, 0x0a, 0xf3, 0x8f, 0x6a, 0xf3, 0x00, 0x00, 0xaf, 0x38, 0xf6, 0xaf, 0x30,
    0x00, 0x0a, 0xf3, 0x0a, 0x5a, 0xf3, 0x00, 0x00, 0xaf, 0x33, 0xc1, 0xaf, 0x30, 0x00, 0x0a, 0xfb,
    0xa2, 0x0a, 0xf3, 0x00, 0x00, 0xaf, 0x30, 0x00, 0xaf, 0x30, 0x00, 0x0b, 0xf3, 0x00, 0x09, 0xf5,
    0x00, 0x01, 0xef, 0x30, 0x00, 0x7f, 0xc3, 0x03, 0xcf, 0xf3, 0x00, 0x01, 0xef, 0xff, 0xfd, 0x9f,
    0x30, 0x00, 0x03, 0xbe, 0xea, 0x27, 0xf3, 0x00, 0x00, 0x00, 0x00, 0x07, 0xff, 0x20, 0x00, 0x00,
    0x00, 0x00, 0x0c, 0xef, 0x80, 0x00, 0x00, 0x00, 0x00, 0x3f, 0x8e, 0xd0, 0x00, 0x00, 0x00, 0x00,
    0x9f, 0x39, 0xf5, 0x00, 0x00, 0x00, 0x01, 0xee, 0x04, 0xfb, 0x00, 0x00, 0x00, 0x06, 0xf9, 0x00,
    0xdf, 0x20, 0x00, 0x00, 0x0b, 0xf3, 0x00, 0x8f, 0x80, 0x00, 0x00, 0x2f, 0xd0, 0x00, 0x2f, 0xe0,
    0x00, 0x00, 0x8f, 0x70, 0x00, 0x0c, 0xf6, 0x00, 0x00, 0xef, 0xff, 0xff, 0xff, 0xfc, 0x00, 0x04,
    0xfe, 0xbb, 0xbb, 0xbb, 0xff, 0x30, 0x0a, 0xf7, 0x00, 0x00, 0x00, 0xaf, 0x90, 0x1f, 0xf1, 0x00,
    0x00, 0x00, 0x4f, 0xe1, 0x7f, 0xa0, 0x00, 0x00, 0x00, 0x0d, 0xf6, 0xdf, 0x40, 0x00, 0x00, 0x00,
    0x07, 0xfc, 0x00, 0x00, 0x00, 0x00, 0x00, 0x00, 0x00, 0x00, 0x00, 0x03, 0xfe, 0x00, 0x00, 0x00,
    0x00, 0x00, 0x03, 0xfe, 0x00, 0x00, 0x00, 0x00, 0x18, 0xce, 0xfd, 0x81, 0x00, 0x1d, 0xfb, 0x89,
    0xdf, 0xb0, 0x08, 0xf7, 0x00, 0x01, 0xdf, 0x20, 0xae, 0x10, 0x00, 0x0a, 0xf3, 0x00, 0x01, 0x46,
    0x8b, 0xff, 0x30, 0x1a, 0xff, 0xfe, 0xbd, 0xf3, 0x0c, 0xfa, 0x52, 0x00, 0xaf, 0x33, 0xfd, 0x00,
    0x00, 0x0d, 0xf3, 0x2f, 0xd1, 0x00, 0x07, 0xff, 0x30, 0xbf, 0xd8, 0x8c, 0xfc, 0xf5, 0x01, 0x9d,
    0xfd, 0xa3, 0x4f, 0x90, 0x00, 0x00, 0x00, 0x00, 0x00, 0x00, 0x00, 0x5f, 0xc0, 0x00, 0x00, 0x00,
    0x05, 0xfc, 0x00, 0x00, 0x00, 0x00, 0x2f, 0xfd, 0x60, 0x00, 0x00, 0x00, 0x00, 0x00, 0x1b, 0xf2,
    0x00, 0x00, 0x00, 0x00, 0x00, 0xce, 0xa1, 0x00, 0x00, 0x00, 0x00, 0x00, 0x00, 0x00, 0x00, 0x00,
    0x00, 0x00, 0x07, 0xff, 0x20, 0x00, 0x00, 0x00, 0x00, 0x0c, 0xef, 0x80, 0x00, 0x00, 0x00, 0x00,
    0x3f, 0x8e, 0xd0, 0x00, 0x00, 0x00, 0x00, 0x9f, 0x39, 0xf5, 0x00, 0x00, 0x00, 0x01, 0xee, 0x04,
    0xfb, 0x00, 0x00, 0x00, 0x06, 0xf9, 0x00, 0xdf, 0x20, 0x00, 0x00, 0x0b, 0xf3, 0x00, 0x8f, 0x80,
    0x00, 0x00, 0x2f, 0xd0, 0x00, 0x2f, 0xe0, 0x00, 0x00, 0x8f, 0x70, 0x00, 0x0c, 0xf6, 0x00, 0x00,
    0xef, 0xff, 0xff, 0xff, 0xfc, 0x00, 0x04, 0xfe, 0xbb, 0xbb, 0xbb, 0xff, 0x30, 0x0a, 0xf7, 0x00,
    0x00, 0x00, 0xaf, 0x90, 0x1f, 0xf1, 0x00, 0x00, 0x00, 0x4f, 0xe1, 0x7f, 0xa0, 0x00, 0x00, 0x00,
    0x0d, 0xf6, 0xdf, 0x40, 0x00, 0x00, 0x00, 0x07, 0xfc, 0x00, 0x00, 0xef, 0xd9, 0x10, 0x00, 0x00,
    0x00, 0x18, 0xf6, 0x00, 0x00, 0x00, 0x08, 0xfb, 0x20, 0x00, 0x00, 0x00, 0x00, 0x00, 0x00, 0x00,
    0x18, 0xce, 0xfd, 0x81, 0x00, 0x1d, 0xfb, 0x89, 0xdf, 0xb0, 0x08, 0xf7, 0x00, 0x01, 0xdf, 0x20,
    0xae, 0x10, 0x00, 0x0a, 0xf3, 0x00, 0x01, 0x46, 0x8b, 0xff, 0x30, 0x1a, 0xff, 0xfe, 0xbd, 0xf3,
    0x0c, 0xfa, 0x52, 0x00, 0xaf, 0x33, 0xfd, 0x00, 0x00, 0x0d, 0xf3, 0x2f, 0xd1, 0x00, 0x07, 0xff,
    0x30, 0xbf, 0xd8, 0x8c, 0xfc, 0xf5, 0x01, 0x9d, 0xfd, 0xa3, 0x4f, 0x90, 0x00, 0x00, 0x00, 0x3f,
    0xc1, 0x00, 0x00, 0x00, 0x00, 0x01, 0xda, 0x00, 0x00, 0x00, 0x00, 0x00, 0x1b, 0xff, 0x50, 0x00,
    0x00, 0x00, 0x01, 0xbd, 0x37, 0xf6, 0x00, 0x00, 0x00, 0x00, 0x07, 0xff, 0x20, 0x00, 0x00, 0x00,
    0x00, 0x0c, 0xef, 0x80, 0x00, 0x00, 0x00, 0x00, 0x3f, 0x8e, 0xd0, 0x00, 0x00, 0x00, 0x00, 0x9f,
    0x39, 0xf5, 0x00, 0x00, 0x00, 0x01, 0xee, 0x04, 0xfb, 0x00, 0x00, 0x00, 0x06, 0xf9, 0x00, 0xdf,
    0x20, 0x00, 0x00, 0x0b, 0xf3, 0x00, 0x8f, 0x80, 0x00, 0x00, 0x2f, 0xd0, 0x00, 0x2f, 0xe0, 0x00,
    0x00, 0x8f, 0x70, 0x00, 0x0c, 0xf6, 0x00, 0x00, 0xef, 0xff, 0xff, 0xff, 0xfc, 0x00, 0x04, 0xfe,
    0xbb, 0xbb, 0xbb, 0xff, 0x30, 0x0a, 0xf7, 0x00, 0x00, 0x00, 0xaf, 0x90, 0x1f, 0xf1, 0x00, 0x00,
    0x00, 0x4f, 0xe1, 0x7f, 0xa0, 0x00, 0x00, 0x00, 0x0d, 0xf6, 0xdf, 0x40, 0x00, 0x00, 0x00, 0x07,
    0xfc, 0x00, 0x00, 0x02, 0xff, 0x30, 0x00, 0x00, 0x00, 0x8f, 0x60, 0x00, 0x00, 0x00, 0x1e, 0x90,
    0x00, 0x00, 0x00, 0x00, 0x00, 0x00, 0x00, 0x00, 0x00, 0x9f, 0xe2, 0x00, 0x00, 0x00, 0x5f, 0xae,
    0xc1, 0x00, 0x00, 0x2e, 0xe1, 0x6f, 0xa0, 0x00, 0x00, 0x00, 0x00, 0x00, 0x00, 0x00, 0x18, 0xce,
    0xfd, 0x81, 0x00, 0x1d, 0xfb, 0x89, 0xdf, 0xb0, 0x08, 0xf7, 0x00, 0x01, 0xdf, 0x20, 0xae, 0x10,
    0x00, 0x0a, 0xf3, 0x00, 0x01, 0x46, 0x8b, 0xff, 0x30, 0x1a, 0xff, 0xfe, 0xbd, 0xf3, 0x0c, 0xfa,
    0x52, 0x00, 0xaf, 0x33, 0xfd, 0x00, 0x00, 0x0d, 0xf3, 0x2f, 0xd1, 0x00, 0x07, 0xff, 0x30, 0xbf,
    0xd8, 0x8c, 0xfc, 0xf5, 0x01, 0x9d, 0xfd, 0xa3, 0x4f, 0x90, 0x00, 0x00, 0x6f, 0xb0, 0x00, 0x00,
    0x00, 0x00, 0x00, 0x04, 0xe6, 0x00, 0x00, 0x00, 0x00, 0x00, 0x1b, 0xff, 0x50, 0x00, 0x00, 0x00,
    0x01, 0xbd, 0x37, 0xf6, 0x00, 0x00, 0x00, 0x00, 0x07, 0xff, 0x20, 0x00, 0x00, 0x00, 0x00, 0x0c,
    0xef, 0x80, 0x00, 0x00, 0x00, 0x00, 0x3f, 0x8e, 0xd0, 0x00, 0x00, 0x00, 0x00, 0x9f, 0x39, 0xf5,
    0x00, 0x00, 0x00, 0x01, 0xee, 0x04, 0xfb, 0x00, 0x00, 0x00, 0x06, 0xf9, 0x00, 0xdf, 0x20, 0x00,
    0x00, 0x0b, 0xf3, 0x00, 0x8f, 0x80, 0x00, 0x00, 0x2f, 0xd0, 0x00, 0x2f, 0xe0, 0x00, 0x00, 0x8f,
    0x70, 0x00, 0x0c, 0xf6, 0x00, 0x00, 0xef, 0xff, 0xff, 0xff, 0xfc, 0x00, 0x04, 0xfe, 0xbb, 0xbb,
    0xbb, 0xff, 0x30, 0x0a, 0xf7, 0x00, 0x00, 0x00, 0xaf, 0x90, 0x1f, 0xf1, 0x00, 0x00, 0x00, 0x4f,
    0xe1, 0x7f, 0xa0, 0x00, 0x00, 0x00, 0x0d, 0xf6, 0xdf, 0x40, 0x00, 0x00, 0x00, 0x07, 0xfc, 0x00,
    0x0b, 0xf9, 0x00, 0x00, 0x00, 0x00, 0x1d, 0xe1, 0x00, 0x00, 0x00, 0x00, 0x3f, 0x70, 0x00, 0x00,
    0x00, 0x00, 0x00, 0x00, 0x00, 0x00, 0x00, 0x9f, 0xe2, 0x00, 0x00, 0x00, 0x5f, 0xae, 0xc1, 0x00,
    0x00, 0x2e, 0xe1, 0x6f, 0xa0, 0x00, 0x00, 0x00, 0x00, 0x00, 0x00, 0x00, 0x18, 0xce, 0xfd, 0x81,
    0x00, 0x1d, 0xfb, 0x89, 0xdf, 0xb0, 0x08, 0xf7, 0x00, 0x01, 0xdf, 0x20, 0xae, 0x10, 0x00, 0x0a,
    0xf3, 0x00, 0x01, 0x46, 0x8b, 0xff, 0x30, 0x1a, 0xff, 0xfe, 0xbd, 0xf3, 0x0c, 0xfa, 0x52, 0x00,
    0xaf, 0x33, 0xfd, 0x00, 0x00, 0x0d, 0xf3, 0x2f, 0xd1, 0x00, 0x07, 0xff, 0x30, 0xbf, 0xd8, 0x8c,
    0xfc, 0xf5, 0x01, 0x9d, 0xfd, 0xa3, 0x4f, 0x90, 0x00, 0x00, 0x0f, 0xfe, 0x90, 0x00, 0x00, 0x00,
    0x00, 0x00, 0xae, 0xa0, 0x00, 0x00, 0x00, 0x00, 0x1b, 0xff, 0x50, 0x00, 0x00, 0x00, 0x01, 0xbd,
    0x37, 0xf6, 0x00, 0x00, 0x00, 0x00, 0x07, 0xff, 0x20, 0x00, 0x00, 0x00, 0x00, 0x0c, 0xef, 0x80,
    0x00, 0x00, 0x00, 0x00, 0x3f, 0x8e, 0xd0, 0x00, 0x00, 0x00, 0x00, 0x9f, 0x39, 0xf5, 0x00, 0x00,
    0x00, 0x01, 0xee, 0x04, 0xfb, 0x00, 0x00, 0x00, 0x06, 0xf9, 0x00, 0xdf, 0x20, 0x00, 0x00, 0x0b,
    0xf3, 0x00, 0x8f, 0x80, 0x00, 0x00, 0x2f, 0xd0, 0x00, 0x2f, 0xe0, 0x00, 0x00, 0x8f, 0x70, 0x00,
    0x0c, 0xf6, 0x00, 0x00, 0xef, 0xff, 0xff, 0xff, 0xfc, 0x00, 0x04, 0xfe, 0xbb, 0xbb, 0xbb, 0xff,
    0x30, 0x0a, 0xf7, 0x00, 0x00, 0x00, 0xaf, 0x90, 0x1f, 0xf1, 0x00, 0x00, 0x00, 0x4f, 0xe1, 0x7f,
    0xa0, 0x00, 0x00, 0x00, 0x0d, 0xf6, 0xdf, 0x40, 0x00, 0x00, 0x00, 0x07, 0xfc, 0x00, 0x02, 0xff,
    0xc6, 0x00, 0x00, 0x00, 0x00, 0x1b, 0xf2, 0x00, 0x00, 0x00, 0x0c, 0xea, 0x00, 0x00, 0x00, 0x00,
    0x00, 0x00, 0x00, 0x00, 0x00, 0x9f, 0xe2, 0x00, 0x00, 0x00, 0x5f, 0xae, 0xc1, 0x00, 0x00, 0x2e,
    0xe1, 0x6f, 0xa0, 0x00, 0x00, 0x00, 0x00, 0x00, 0x00, 0x00, 0x18, 0xce, 0xfd, 0x81, 0x00, 0x1d,
    0xfb, 0x89, 0xdf, 0xb0, 0x08, 0xf7, 0x00, 0x01, 0xdf, 0x20, 0xae, 0x10, 0x00, 0x0a, 0xf3, 0x00,
    0x01, 0x46, 0x8b, 0xff, 0x30, 0x1a, 0xff, 0xfe, 0xbd, 0xf3, 0x0c, 0xfa, 0x52, 0x00, 0xaf, 0x33,
    0xfd, 0x00, 0x00, 0x0d, 0xf3, 0x2f, 0xd1, 0x00, 0x07, 0xff, 0x30, 0xbf, 0xd8, 0x8c, 0xfc, 0xf5,
    0x01, 0x9d, 0xfd, 0xa3, 0x4f, 0x90, 0x00, 0x01, 0xbe, 0xb4, 0x1d, 0x30, 0x00, 0x00, 0x07, 0x91,
    0x5c, 0xe9, 0x00, 0x00, 0x00, 0x00, 0x1b, 0xff, 0x50, 0x00, 0x00, 0x00, 0x01, 0xbd, 0x37, 0xf6,
    0x00, 0x00, 0x00, 0x00, 0x07, 0xff, 0x20, 0x00, 0x00, 0x00, 0x00, 0x0c, 0xef, 0x80, 0x00, 0x00,
    0x00, 0x00, 0x3f, 0x8e, 0xd0, 0x00, 0x00, 0x00, 0x00, 0x9f, 0x39, 0xf5, 0x00, 0x00, 0x00, 0x01,
    0xee, 0x04, 0xfb, 0x00, 0x00, 0x00, 0x06, 0xf9, 0x00, 0xdf, 0x20, 0x00, 0x00, 0x0b, 0xf3, 0x00,
    0x8f, 0x80, 0x00, 0x00, 0x2f, 0xd0, 0x00, 0x2f, 0xe0, 0x00, 0x00, 0x8f, 0x70, 0x00, 0x0c, 0xf6,
    0x00, 0x00, 0xef, 0xff, 0xff, 0xff, 0xfc, 0x00, 0x04, 0xfe, 0xbb, 0xbb, 0xbb, 0xff, 0x30, 0x0a,
    0xf7, 0x00, 0x00, 0x00, 0xaf, 0x90, 0x1f, 0xf1, 0x00, 0x00, 0x00, 0x4f, 0xe1, 0x7f, 0xa0, 0x00,
    0x00, 0x00, 0x0d, 0xf6, 0xdf, 0x40, 0x00, 0x00, 0x00, 0x07, 0xfc, 0x00, 0x1b, 0xea, 0x35, 0xf2,
    0x00, 0x08, 0xd1, 0x6c, 0xe8, 0x00, 0x00, 0x00, 0x00, 0x00, 0x00, 0x00, 0x00, 0x09, 0xfe, 0x20,
    0x00, 0x00, 0x05, 0xfa, 0xec, 0x10, 0x00, 0x02, 0xee, 0x16, 0xfa, 0x00, 0x00, 0x00, 0x00, 0x00,
    0x00, 0x00, 0x01, 0x8c, 0xef, 0xd8, 0x10, 0x01, 0xdf, 0xb8, 0x9d, 0xfb, 0x00, 0x8f, 0x70, 0x00,
    0x1d, 0xf2, 0x0a, 0xe1, 0x00, 0x00, 0xaf, 0x30, 0x00, 0x14, 0x68, 0xbf, 0xf3, 0x01, 0xaf, 0xff,
    0xeb, 0xdf, 0x30, 0xcf, 0xa5, 0x20, 0x0a, 0xf3, 0x3f, 0xd0, 0x00, 0x00, 0xdf, 0x32, 0xfd, 0x10,
    0x00, 0x7f, 0xf3, 0x0b, 0xfd, 0x88, 0xcf, 0xcf, 0x50, 0x19, 0xdf, 0xda, 0x34, 0xf9, 0x00, 0x00,
    0x1b, 0xff, 0x50, 0x00, 0x00, 0x00, 0x01, 0xbd, 0x37, 0xf6, 0x00, 0x00, 0x00, 0x00, 0x00, 0x00,
    0x00, 0x00, 0x00, 0x00, 0x00, 0x07, 0xff, 0x20, 0x00, 0x00, 0x00, 0x00, 0x0c, 0xef, 0x80, 0x00,
    0x00, 0x00, 0x00, 0x3f, 0x8e, 0xd0, 0x00, 0x00, 0x00, 0x00, 0x9f, 0x39, 0xf5, 0x00, 0x00, 0x00,
    0x01, 0xee, 0x04, 0xfb, 0x00, 0x00, 0x00, 0x06, 0xf9, 0x00, 0xdf, 0x20, 0x00, 0x00, 0x0b, 0xf3,
    0x00, 0x8f, 0x80, 0x00, 0x00, 0x2f, 0xd0, 0x00, 0x2f, 0xe0, 0x00, 0x00, 0x8f, 0x70, 0x00, 0x0c,
    0xf6, 0x00, 0x00, 0xef, 0xff, 0xff, 0xff, 0xfc, 0x00, 0x04, 0xfe, 0xbb, 0xbb, 0xbb, 0xff, 0x30,
    0x0a, 0xf7, 0x00, 0x00, 0x00, 0xaf, 0x90, 0x1f, 0xf1, 0x00, 0x00, 0x00, 0x4f, 0xe1, 0x7f, 0xa0,
    0x00, 0x00, 0x00, 0x0d, 0xf6, 0xdf, 0x40, 0x00, 0x00, 0x00, 0x07, 0xfc, 0x00, 0x00, 0x00, 0x00,
    0x00, 0x00, 0x00, 0x00, 0x00, 0x03, 0xfe, 0x00, 0x00, 0x00, 0x00, 0x00, 0x03, 0xfe, 0x00, 0x00,
    0x00, 0x00, 0x00, 0x9f, 0xe2, 0x00, 0x00, 0x00, 0x5f, 0xae, 0xc1, 0x00, 0x00, 0x2e, 0xe1, 0x6f,
    0xa0, 0x00, 0x00, 0x00, 0x00, 0x00, 0x00, 0x00, 0x18, 0xce, 0xfd, 0x81, 0x00, 0x1d, 0xfb, 0x89,
    0xdf, 0xb0, 0x08, 0xf7, 0x00, 0x01, 0xdf, 0x20, 0xae, 0x10, 0x00, 0x0a, 0xf3, 0x00, 0x01, 0x46,
    0x8b, 0xff, 0x30, 0x1a, 0xff, 0xfe, 0xbd, 0xf3, 0x0c, 0xfa, 0x52, 0x00, 0xaf, 0x33, 0xfd, 0x00,
    0x00, 0x0d, 0xf3, 0x2f, 0xd1, 0x00, 0x07, 0xff, 0x30, 0xbf, 0xd8, 0x8c, 0xfc, 0xf5, 0x01, 0x9d,
    0xfd, 0xa3, 0x4f, 0x90, 0x00, 0x00, 0x00, 0x00, 0x00, 0x00, 0x00, 0x5f, 0xc0, 0x00, 0x00, 0x00,
    0x05, 0xfc, 0x00, 0x00, 0x00, 0x00, 0x00, 0x3f, 0xc1, 0x00, 0x00, 0x00, 0x00, 0x01, 0xda, 0x00,
    0x00, 0x00, 0x00, 0x00, 0xb6, 0x11, 0x7a, 0x00, 0x00, 0x00, 0x00, 0x2a, 0xee, 0x91, 0x00, 0x00,
    0x00, 0x00, 0x07, 0xff, 0x20, 0x00, 0x00, 0x00, 0x00, 0x0c, 0xef, 0x80, 0x00, 0x00, 0x00, 0x00,
    0x3f, 0x8e, 0xd0, 0x00, 0x00, 0x00, 0x00, 0x9f, 0x39, 0xf5, 0x00, 0x00, 0x00, 0x01, 0xee, 0x04,
    0xfb, 0x00, 0x00, 0x00, 0x06, 0xf9, 0x00, 0xdf, 0x20, 0x00, 0x00, 0x0b, 0xf3, 0x00, 0x8f, 0x80,
    0x00, 0x00, 0x2f, 0xd0, 0x00, 0x2f, 0xe0, 0x00, 0x00, 0x8f, 0x70, 0x00, 0x0c, 0xf6, 0x00, 0x00,
    0xef, 0xff, 0xff, 0xff, 0xfc, 0x00, 0x04, 0xfe, 0xbb, 0xbb, 0xbb, 0xff, 0x30, 0x0a, 0xf7, 0x00,
    0x00, 0x00, 0xaf, 0x90, 0x1f, 0xf1, 0x00, 0x00, 0x00, 0x4f, 0xe1, 0x7f, 0xa0, 0x00, 0x00, 0x00,
    0x0d, 0xf6, 0xdf, 0x40, 0x00, 0x00, 0x00, 0x07, 0xfc, 0x00, 0x00, 0x02, 0xff, 0x30, 0x00, 0x00,
    0x00, 0x9f, 0x60, 0x00, 0x00, 0x00, 0x1f, 0x90, 0x00, 0x00, 0x00, 0x00, 0x00, 0x00, 0x00, 0x00,
    0x0d, 0x60, 0x06, 0xe0, 0x00, 0x00, 0x8e, 0x88, 0xe9, 0x00, 0x00, 0x01, 0x9e, 0xe9, 0x10, 0x00,
    0x00, 0x00, 0x00, 0x00, 0x00, 0x00, 0x18, 0xce, 0xfd, 0x81, 0x00, 0x1d, 0xfb, 0x89, 0xdf, 0xb0,
    0x08, 0xf7, 0x00, 0x01, 0xdf, 0x20, 0xae, 0x10, 0x00, 0x0a, 0xf3, 0x00, 0x01, 0x46, 0x8b, 0xff,
    0x30, 0x1a, 0xff, 0xfe, 0xbd, 0xf3, 0x0c, 0xfa, 0x52, 0x00, 0xaf, 0x33, 0xfd, 0x00, 0x00, 0x0d,
    0xf3, 0x2f, 0xd1, 0x00, 0x07, 0xff, 0x30, 0xbf, 0xd8, 0x8c, 0xfc, 0xf5, 0x01, 0x9d, 0xfd, 0xa3,
    0x4f, 0x90, 0x00, 0x00, 0x6f, 0xb0, 0x00, 0x00, 0x00, 0x00, 0x00, 0x04, 0xe6, 0x00, 0x00, 0x00,
    0x00, 0x00, 0xb6, 0x11, 0x7a, 0x00, 0x00, 0x00, 0x00, 0x2a, 0xee, 0x91, 0x00, 0x00, 0x00, 0x00,
    0x07, 0xff, 0x20, 0x00, 0x00, 0x00, 0x00, 0x0c, 0xef, 0x80, 0x00, 0x00, 0x00, 0x00, 0x3f, 0x8e,
    0xd0, 0x00, 0x00, 0x00, 0x00, 0x9f, 0x39, 0xf5, 0x00, 0x00, 0x00, 0x01, 0xee, 0x04, 0xfb, 0x00,
    0x00, 0x00, 0x06, 0xf9, 0x00, 0xdf, 0x20, 0x00, 0x00, 0x0b, 0xf3, 0x00, 0x8f, 0x80, 0x00, 0x00,
    0x2f, 0xd0, 0x00, 0x2f, 0xe0, 0x00, 0x00, 0x8f, 0x70, 0x00, 0x0c, 0xf6, 0x00, 0x00, 0xef, 0xff,
    0xff, 0xff, 0xfc, 0x00, 0x04, 0xfe, 0xbb, 0xbb, 0xbb, 0xff, 0x30, 0x0a, 0xf7, 0x00, 0x00, 0x00,
    0xaf, 0x90, 0x1f, 0xf1, 0x00, 0x00, 0x00, 0x4f, 0xe1, 0x7f, 0xa0, 0x00, 0x00, 0x00, 0x0d, 0xf6,
    0xdf, 0x40, 0x00, 0x00, 0x00, 0x07, 0xfc, 0x00, 0x04, 0xfe, 0x10, 0x00, 0x00, 0x00, 0x07, 0xf7,
    0x00, 0x00, 0x00, 0x00, 0x0a, 0xe1, 0x00, 0x00, 0x00, 0x00, 0x00, 0x00, 0x00, 0x00, 0x0d, 0x60,
    0x06, 0xe0, 0x00, 0x00, 0x8e, 0x88, 0xe9, 0x00, 0x00, 0x01, 0x9e, 0xe9, 0x10, 0x00, 0x00, 0x00,
    0x00, 0x00, 0x00, 0x00, 0x18, 0xce, 0xfd, 0x81, 0x00, 0x1d, 0xfb, 0x89, 0xdf, 0xb0, 0x08, 0xf7,
    0x00, 0x01, 0xdf, 0x20, 0xae, 0x10, 0x00, 0x0a, 0xf3, 0x00, 0x01, 0x46, 0x8b, 0xff, 0x30, 0x1a,
    0xff, 0xfe, 0xbd, 0xf3, 0x0c, 0xfa, 0x52, 0x00, 0xaf, 0x33, 0xfd, 0x00, 0x00, 0x0d, 0xf3, 0x2f,
    0xd1, 0x00, 0x07, 0xff, 0x30, 0xbf, 0xd8, 0x8c, 0xfc, 0xf5, 0x01, 0x9d, 0xfd, 0xa3, 0x4f, 0x90,
    0x00, 0x00, 0x0f, 0xfe, 0x90, 0x00, 0x00, 0x00, 0x00, 0x00, 0xae, 0xa0, 0x00, 0x00, 0x00, 0x00,
    0xb6, 0x11, 0x7a, 0x00, 0x00, 0x00, 0x00, 0x2a, 0xee, 0x91, 0x00, 0x00, 0x00, 0x00, 0x07, 0xff,
    0x20, 0x00, 0x00, 0x00, 0x00, 0x0c, 0xef, 0x80, 0x00, 0x00, 0x00, 0x00, 0x3f, 0x8e, 0xd0, 0x00,
    0x00, 0x00, 0x00, 0x9f, 0x39, 0xf5, 0x00, 0x00, 0x00, 0x01, 0xee, 0x04, 0xfb, 0x00, 0x00, 0x00,
    0x06, 0xf9, 0x00, 0xdf, 0x20, 0x00, 0x00, 0x0b, 0xf3, 0x00, 0x8f, 0x80, 0x00, 0x00, 0x2f, 0xd0,
    0x00, 0x2f, 0xe0, 0x00, 0x00, 0x8f, 0x70, 0x00, 0x0c, 0xf6, 0x00, 0x00, 0xef, 0xff, 0xff, 0xff,
    0xfc, 0x00, 0x04, 0xfe, 0xbb, 0xbb, 0xbb, 0xff, 0x30, 0x0a, 0xf7, 0x00, 0x00, 0x00, 0xaf, 0x90,
    0x1f, 0xf1, 0x00, 0x00, 0x00, 0x4f, 0xe1, 0x7f, 0xa0, 0x00, 0x00, 0x00, 0x0d, 0xf6, 0xdf, 0x40,
    0x00, 0x00, 0x00, 0x07, 0xfc, 0x00, 0x00, 0xef, 0xd8, 0x00, 0x00, 0x00, 0x00, 0x19, 0xf5, 0x00,
    0x00, 0x00, 0x09, 0xfb, 0x20, 0x00, 0x00, 0x00, 0x00, 0x00, 0x00, 0x00, 0x0d, 0x60, 0x06, 0xe0,
    0x00, 0x00, 0x8e, 0x88, 0xe9, 0x00, 0x00, 0x01, 0x9e, 0xe9, 0x10, 0x00, 0x00, 0x00, 0x00, 0x00,
    0x00, 0x00, 0x18, 0xce, 0xfd, 0x81, 0x00, 0x1d, 0xfb, 0x89, 0xdf, 0xb0, 0x08, 0xf7, 0x00, 0x01,
    0xdf, 0x20, 0xae, 0x10, 0x00, 0x0a, 0xf3, 0x00, 0x01, 0x46, 0x8b, 0xff, 0x30, 0x1a, 0xff, 0xfe,
    0xbd, 0xf3, 0x0c, 0xfa, 0x52, 0x00, 0xaf, 0x33, 0xfd, 0x00, 0x00, 0x0d, 0xf3, 0x2f, 0xd1, 0x00,
    0x07, 0xff, 0x30, 0xbf, 0xd8, 0x8c, 0xfc, 0xf5, 0x01, 0x9d, 0xfd, 0xa3, 0x4f, 0x90, 0x00, 0x00,
    0x9e, 0xc5, 0x1a, 0x60, 0x00, 0x00, 0x04, 0xc1, 0x4b, 0xeb, 0x10, 0x00, 0x00, 0x00, 0xb6, 0x11,
    0x7a, 0x00, 0x00, 0x00, 0x00, 0x2a, 0xee, 0x91, 0x00, 0x00, 0x00, 0x00, 0x07, 0xff, 0x20, 0x00,
    0x00, 0x00, 0x00, 0x0c, 0xef, 0x80, 0x00, 0x00, 0x00, 0x00, 0x3f, 0x8e, 0xd0, 0x00, 0x00, 0x00,
    0x00, 0x9f, 0x39, 0xf5, 0x00, 0x00, 0x00, 0x01, 0xee, 0x04, 0xfb, 0x00, 0x00, 0x00, 0x06, 0xf9,
    0x00, 0xdf, 0x20, 0x00, 0x00, 0x0b, 0xf3, 0x00, 0x8f, 0x80, 0x00, 0x00, 0x2f, 0xd0, 0x00, 0x2f,
    0xe0, 0x00, 0x00, 0x8f, 0x70, 0x00, 0x0c, 0xf6, 0x00, 0x00, 0xef, 0xff, 0xff, 0xff, 0xfc, 0x00,
    0x04, 0xfe, 0xbb, 0xbb, 0xbb, 0xff, 0x30, 0x0a, 0xf7, 0x00, 0x00, 0x00, 0xaf, 0x90, 0x1f, 0xf1,
    0x00, 0x00, 0x00, 0x4f, 0xe1, 0x7f, 0xa0, 0x00, 0x00, 0x00, 0x0d, 0xf6, 0xdf, 0x40, 0x00, 0x00,
    0x00, 0x07, 0xfc, 0x00, 0x07, 0xed, 0x61, 0xd8, 0x00, 0x02, 0xf5, 0x3a, 0xec, 0x20, 0x00, 0x00,
    0x00, 0x00, 0x00, 0x00, 0x00, 0xd6, 0x00, 0x6e, 0x00, 0x00, 0x08, 0xe8, 0x8e, 0x90, 0x00, 0x00,
    0x19, 0xee, 0x91, 0x00, 0x00, 0x00, 0x00, 0x00, 0x00, 0x00, 0x01, 0x8c, 0xef, 0xd8, 0x10, 0x01,
    0xdf, 0xb8, 0x9d, 0xfb, 0x00, 0x8f, 0x70, 0x00, 0x1d, 0xf2, 0x0a, 0xe1, 0x00, 0x00, 0xaf, 0x30,
    0x00, 0x14, 0x68, 0xbf, 0xf3, 0x01, 0xaf, 0xff, 0xeb, 0xdf, 0x30, 0xcf, 0xa5, 0x20, 0x0a, 0xf3,
    0x3f, 0xd0, 0x00, 0x00, 0xdf, 0x32, 0xfd, 0x10, 0x00, 0x7f, 0xf3, 0x0b, 0xfd, 0x88, 0xcf, 0xcf,
    0x50, 0x19, 0xdf, 0xda, 0x34, 0xf9, 0x00, 0x00, 0xb6, 0x11, 0x7a, 0x00, 0x00, 0x00, 0x00, 0x2a,
    0xee, 0x91, 0x00, 0x00, 0x00, 0x00, 0x00, 0x00, 0x00, 0x00, 0x00, 0x00, 0x00, 0x07, 0xff, 0x20,
    0x00, 0x00, 0x00, 0x00, 0x0c, 0xef, 0x80, 0x00, 0x00, 0x00, 0x00, 0x3f, 0x8e, 0xd0, 0x00, 0x00,
    0x00, 0x00, 0x9f, 0x39, 0xf5, 0x00, 0x00, 0x00, 0x01, 0xee, 0x04, 0xfb, 0x00, 0x00, 0x00, 0x06,
    0xf9, 0x00, 0xdf, 0x20, 0x00, 0x00, 0x0b, 0xf3, 0x00, 0x8f, 0x80, 0x00, 0x00, 0x2f, 0xd0, 0x00,
    0x2f, 0xe0, 0x00, 0x00, 0x8f, 0x70, 0x00, 0x0c, 0xf6, 0x00, 0x00, 0xef, 0xff, 0xff, 0xff, 0xfc,
    0x00, 0x04, 0xfe, 0xbb, 0xbb, 0xbb, 0xff, 0x30, 0x0a, 0xf7, 0x00, 0x00, 0x00, 0xaf, 0x90, 0x1f,
    0xf1, 0x00, 0x00, 0x00, 0x4f, 0xe1, 0x7f, 0xa0, 0x00, 0x00, 0x00, 0x0d, 0xf6, 0xdf, 0x40, 0x00,
    0x00, 0x00, 0x07, 0xfc, 0x00, 0x00, 0x00, 0x00, 0x00, 0x00, 0x00, 0x00, 0x00, 0x03, 0xfe, 0x00,
    0x00, 0x00, 0x00, 0x00, 0x03, 0xfe, 0x00, 0x00, 0x00, 0x00, 0x0d, 0x60, 0x06, 0xe0, 0x00, 0x00,
    0x8e, 0x88, 0xe9, 0x00, 0x00, 0x01, 0x9e, 0xe9, 0x10, 0x00, 0x00, 0x00, 0x00, 0x00, 0x00, 0x00,
    0x18, 0xce, 0xfd, 0x81, 0x00, 0x1d, 0xfb, 0x89, 0xdf, 0xb0, 0x08, 0xf7, 0x00, 0x01, 0xdf, 0x20,
    0xae, 0x10, 0x00, 0x0a, 0xf3, 0x00, 0x01, 0x46, 0x8b, 0xff, 0x30, 0x1a, 0xff, 0xfe, 0xbd, 0xf3,
    0x0c, 0xfa, 0x52, 0x00, 0xaf, 0x33, 0xfd, 0x00, 0x00, 0x0d, 0xf3, 0x2f, 0xd1, 0x00, 0x07, 0xff,
    0x30, 0xbf, 0xd8, 0x8c, 0xfc, 0xf5, 0x01, 0x9d, 0xfd, 0xa3, 0x4f, 0x90, 0x00, 0x00, 0x00, 0x00,
    0x00, 0x00, 0x00, 0x5f, 0xc0, 0x00, 0x00, 0x00, 0x05, 0xfc, 0x00, 0x00, 0x5f, 0xff, 0xff, 0xff,
    0xff, 0xf8, 0x5f, 0xeb, 0xbb, 0xbb, 0xbb, 0xb6, 0x5f, 0xa0, 0x00, 0x00, 0x00, 0x00, 0x5f, 0xa0,
    0x00, 0x00, 0x00, 0x00, 0x5f, 0xa0, 0x00, 0x00, 0x00, 0x00, 0x5f, 0xa0, 0x00, 0x00, 0x00, 0x00,
    0x5f, 0xff, 0xff, 0xff, 0xff, 0xf0, 0x5f, 0xeb, 0xbb, 0xbb, 0xbb, 0xb0, 0x5f, 0xa0, 0x00, 0x00,
    0x00, 0x00, 0x5f, 0xa0, 0x00, 0x00, 0x00, 0x00, 0x5f, 0xa0, 0x00, 0x00, 0x00, 0x00, 0x5f, 0xa0,
    0x00, 0x00, 0x00, 0x00, 0x5f, 0xa0, 0x00, 0x00, 0x00, 0x00, 0x5f, 0xeb, 0xbb, 0xbb, 0xbb, 0xba,
    0x5f, 0xff, 0xff, 0xff, 0xff, 0xfd, 0x00, 0x00, 0x00, 0x00, 0x00, 0x00, 0x00, 0x00, 0x0c, 0xf5,
    0x00, 0x00, 0x00, 0x00, 0x0c, 0xf5, 0x00, 0x00, 0x00, 0x07, 0xcf, 0xeb, 0x40, 0x00, 0x1c, 0xfd,
    0x99, 0xef, 0x60, 0x08, 0xf9, 0x00, 0x01, 0xdf, 0x20, 0xef, 0x10, 0x00, 0x06, 0xf8, 0x2f, 0xe8,
    0x88, 0x88, 0x9f, 0xb3, 0xff, 0xff, 0xff, 0xff, 0xfc, 0x2f, 0xc0, 0x00, 0x00, 0x00, 0x00, 0xee,
    0x10, 0x00, 0x06, 0xe7, 0x09, 0xfa, 0x00, 0x01, 0xdf, 0x30, 0x1c, 0xfd, 0x99, 0xef, 0x80, 0x00,
    0x17, 0xcf, 0xeb, 0x50, 0x00, 0x00, 0x00, 0x00, 0x00, 0x00, 0x00, 0x00, 0x2f, 0xf0, 0x00, 0x00,
    0x00, 0x02, 0xff, 0x00, 0x00, 0x00, 0x00, 0xbf, 0xea, 0x10, 0x00, 0x00, 0x00, 0x00, 0x6f, 0x90,
    0x00, 0x00, 0x00, 0x05, 0xfc, 0x40, 0x00, 0x00, 0x00, 0x00, 0x00, 0x00, 0x00, 0x5f, 0xff, 0xff,
    0xff, 0xff, 0xf8, 0x5f, 0xeb, 0xbb, 0xbb, 0xbb, 0xb6, 0x5f, 0xa0, 0x00, 0x00, 0x00, 0x00, 0x5f,
    0xa0, 0x00, 0x00, 0x00, 0x00, 0x5f, 0xa0, 0x00, 0x00, 0x00, 0x00, 0x5f, 0xa0, 0x00, 0x00, 0x00,
    0x00, 0x5f, 0xff, 0xff, 0xff, 0xff, 0xf0, 0x5f, 0xeb, 0xbb, 0xbb, 0xbb, 0xb0, 0x5f, 0xa0, 0x00,
    0x00, 0x00, 0x00, 0x5f, 0xa0, 0x00, 0x00, 0x00, 0x00, 0x5f, 0xa0, 0x00, 0x00, 0x00, 0x00, 0x5f,
    0xa0, 0x00, 0x00, 0x00, 0x00, 0x5f, 0xa0, 0x00, 0x00, 0x00, 0x00, 0x5f, 0xeb, 0xbb, 0xbb, 0xbb,
    0xba, 0x5f, 0xff, 0xff, 0xff, 0xff, 0xfd, 0x00, 0x00, 0xff, 0xd8, 0x00, 0x00, 0x00, 0x00, 0x19,
    0xf4, 0x00, 0x00, 0x00, 0x0a, 0xfb, 0x10, 0x00, 0x00, 0x00, 0x00, 0x00, 0x00, 0x00, 0x07, 0xcf,
    0xeb, 0x40, 0x00, 0x1c, 0xfd, 0x99, 0xef, 0x60, 0x08, 0xf9, 0x00, 0x01, 0xdf, 0x20, 0xef, 0x10,
    0x00, 0x06, 0xf8, 0x2f, 0xe8, 0x88, 0x88, 0x9f, 0xb3, 0xff, 0xff, 0xff, 0xff, 0xfc, 0x2f, 0xc0,
    0x00, 0x00, 0x00, 0x00, 0xee, 0x10, 0x00, 0x06, 0xe7, 0x09, 0xfa, 0x00, 0x01, 0xdf, 0x30, 0x1c,
    0xfd, 0x99, 0xef, 0x80, 0x00, 0x17, 0xcf, 0xeb, 0x50, 0x00, 0x00, 0x05, 0xdd, 0x95, 0xbb, 0x00,
    0x00, 0x0e, 0x94, 0xae, 0xc3, 0x00, 0x00, 0x00, 0x00, 0x00, 0x00, 0x00, 0x5f, 0xff, 0xff, 0xff,
    0xff, 0xf8, 0x5f, 0xeb, 0xbb, 0xbb, 0xbb, 0xb6, 0x5f, 0xa0, 0x00, 0x00, 0x00, 0x00, 0x5f, 0xa0,
    0x00, 0x00, 0x00, 0x00, 0x5f, 0xa0, 0x00, 0x00, 0x00, 0x00, 0x5f, 0xa0, 0x00, 0x00, 0x00, 0x00,
    0x5f, 0xff, 0xff, 0xff, 0xff, 0xf0, 0x5f, 0xeb, 0xbb, 0xbb, 0xbb, 0xb0, 0x5f, 0xa0, 0x00, 0x00,
    0x00, 0x00, 0x5f, 0xa0, 0x00, 0x00, 0x00, 0x00, 0x5f, 0xa0, 0x00, 0x00, 0x00, 0x00, 0x5f, 0xa0,
    0x00, 0x00, 0x00, 0x00, 0x5f, 0xa0, 0x00, 0x00, 0x00, 0x00, 0x5f, 0xeb, 0xbb, 0xbb, 0xbb, 0xba,
    0x5f, 0xff, 0xff, 0xff, 0xff, 0xfd, 0x00, 0x0a, 0xec, 0x75, 0xf5, 0x00, 0x05, 0xf4, 0x6c, 0xea,
    0x00, 0x00, 0x00, 0x00, 0x00, 0x00, 0x00, 0x00, 0x7c, 0xfe, 0xb4, 0x00, 0x01, 0xcf, 0xd9, 0x9e,
    0xf6, 0x00, 0x8f, 0x90, 0x00, 0x1d, 0xf2, 0x0e, 0xf1, 0x00, 0x00, 0x6f, 0x82, 0xfe, 0x88, 0x88,
    0x89, 0xfb, 0x3f, 0xff, 0xff, 0xff, 0xff, 0xc2, 0xfc, 0x00, 0x00, 0x00, 0x00, 0x0e, 0xe1, 0x00,
    0x00, 0x6e, 0x70, 0x9f, 0xa0, 0x00, 0x1d, 0xf3, 0x01, 0xcf, 0xd9, 0x9e, 0xf8, 0x00, 0x01, 0x7c,
    0xfe, 0xb5, 0x00, 0x00, 0x00, 0x01, 0xde, 0x40, 0x00, 0x00, 0x00, 0x09, 0xd2, 0x00, 0x00, 0x00,
    0x00, 0x7f, 0xf9, 0x00, 0x00, 0x00, 0x08, 0xf6, 0x4e, 0xa0, 0x00, 0x5f, 0xff, 0xff, 0xff, 0xff,
    0xf8, 0x5f, 0xeb, 0xbb, 0xbb, 0xbb, 0xb6, 0x5f, 0xa0, 0x00, 0x00, 0x00, 0x00, 0x5f, 0xa0, 0x00,
    0x00, 0x00, 0x00, 0x5f, 0xa0, 0x00, 0x00, 0x00, 0x00, 0x5f, 0xa0, 0x00, 0x00, 0x00, 0x00, 0x5f,
    0xff, 0xff, 0xff, 0xff, 0xf0, 0x5f, 0xeb, 0xbb, 0xbb, 0xbb, 0xb0, 0x5f, 0xa0, 0x00, 0x00, 0x00,
    0x00, 0x5f, 0xa0, 0x00, 0x00, 0x00, 0x00, 0x5f, 0xa0, 0x00, 0x00, 0x00, 0x00, 0x5f, 0xa0, 0x00,
    0x00, 0x00, 0x00, 0x5f, 0xa0, 0x00, 0x00, 0x00, 0x00, 0x5f, 0xeb, 0xbb, 0xbb, 0xbb, 0xba, 0x5f,
    0xff, 0xff, 0xff, 0xff, 0xfd, 0x00, 0x00, 0x02, 0xff, 0x40, 0x00, 0x00, 0x00, 0x8f, 0x60, 0x00,
    0x00, 0x00, 0x1e, 0xa0, 0x00, 0x00, 0x00, 0x00, 0x00, 0x00, 0x00, 0x00, 0x00, 0x9f, 0xe2, 0x00,
    0x00, 0x00, 0x5f, 0xae, 0xc1, 0x00, 0x00, 0x2e, 0xe1, 0x6f, 0xa0, 0x00, 0x00, 0x00, 0x00, 0x00,
    0x00, 0x00, 0x07, 0xcf, 0xeb, 0x40, 0x00, 0x1c, 0xfd, 0x99, 0xef, 0x60, 0x08, 0xf9, 0x00, 0x01,
    0xdf, 0x20, 0xef, 0x10, 0x00, 0x06, 0xf8, 0x2f, 0xe8, 0x88, 0x88, 0x9f, 0xb3, 0xff, 0xff, 0xff,
    0xff, 0xfc, 0x2f, 0xc0, 0x00, 0x00, 0x00, 0x00, 0xee, 0x10, 0x00, 0x06, 0xe7, 0x09, 0xfa, 0x00,
    0x01, 0xdf, 0x30, 0x1c, 0xfd, 0x99, 0xef, 0x80, 0x00, 0x17, 0xcf, 0xeb, 0x50, 0x00, 0x00, 0x02,
    0xde, 0x20, 0x00, 0x00, 0x00, 0x00, 0x1b, 0xb0, 0x00, 0x00, 0x00, 0x00, 0x7f, 0xf9, 0x00, 0x00,
    0x00, 0x08, 0xf6, 0x4e, 0xa0, 0x00, 0x5f, 0xff, 0xff, 0xff, 0xff, 0xf8, 0x5f, 0xeb, 0xbb, 0xbb,
    0xbb, 0xb6, 0x5f, 0xa0, 0x00, 0x00, 0x00, 0x00, 0x5f, 0xa0, 0x00, 0x00, 0x00, 0x00, 0x5f, 0xa0,
    0x00, 0x00, 0x00, 0x00, 0x5f, 0xa0, 0x00, 0x00, 0x00, 0x00, 0x5f, 0xff, 0xff, 0xff, 0xff, 0xf0,
    0x5f, 0xeb, 0xbb, 0xbb, 0xbb, 0xb0, 0x5f, 0xa0, 0x00, 0x00, 0x00, 0x00, 0x5f, 0xa0, 0x00, 0x00,
    0x00, 0x00, 0x5f, 0xa0, 0x00, 0x00, 0x00, 0x00, 0x5f, 0xa0, 0x00, 0x00, 0x00, 0x00, 0x5f, 0xa0,
    0x00, 0x00, 0x00, 0x00, 0x5f, 0xeb, 0xbb, 0xbb, 0xbb, 0xba, 0x5f, 0xff, 0xff, 0xff, 0xff, 0xfd,
    0x00, 0x0b, 0xf9, 0x00, 0x00, 0x00, 0x00, 0x1d, 0xe1, 0x00, 0x00, 0x00, 0x00, 0x3f, 0x70, 0x00,
    0x00, 0x00, 0x00, 0x00, 0x00, 0x00, 0x00, 0x00, 0x9f, 0xe2, 0x00, 0x00, 0x00, 0x5f, 0xae, 0xc1,
    0x00, 0x00, 0x2e, 0xe1, 0x6f, 0xa0, 0x00, 0x00, 0x00, 0x00, 0x00, 0x00, 0x00, 0x07, 0xcf, 0xeb,
    0x40, 0x00, 0x1c, 0xfd, 0x99, 0xef, 0x60, 0x08, 0xf9, 0x00, 0x01, 0xdf, 0x20, 0xef, 0x10, 0x00,
    0x06, 0xf8, 0x2f, 0xe8, 0x88, 0x88, 0x9f, 0xb3, 0xff, 0xff, 0xff, 0xff, 0xfc, 0x2f, 0xc0, 0x00,
    0x00, 0x00, 0x00, 0xee, 0x10, 0x00, 0x06, 0xe7, 0x09, 0xfa, 0x00, 0x01, 0xdf, 0x30, 0x1c, 0xfd,
    0x99, 0xef, 0x80, 0x00, 0x17, 0xcf, 0xeb, 0x50, 0x00, 0x00, 0x00, 0xcf, 0xea, 0x10, 0x00, 0x00,
    0x00, 0x07, 0xfc, 0x10, 0x00, 0x00, 0x00, 0x7f, 0xf9, 0x00, 0x00, 0x00, 0x08, 0xf6, 0x4e, 0xa0,
    0x00, 0x5f, 0xff, 0xff, 0xff, 0xff, 0xf8, 0x5f, 0xeb, 0xbb, 0xbb, 0xbb, 0xb6, 0x5f, 0xa0, 0x00,
    0x00, 0x00, 0x00, 0x5f, 0xa0, 0x00, 0x00, 0x00, 0x00, 0x5f, 0xa0, 0x00, 0x00, 0x00, 0x00, 0x5f,
    0xa0, 0x00, 0x00, 0x00, 0x00, 0x5f, 0xff, 0xff, 0xff, 0xff, 0xf0, 0x5f, 0xeb, 0xbb, 0xbb, 0xbb,
    0xb0, 0x5f, 0xa0, 0x00, 0x00, 0x00, 0x00, 0x5f, 0xa0, 0x00, 0x00, 0x00, 0x00, 0x5f, 0xa0, 0x00,
    0x00, 0x00, 0x00, 0x5f, 0xa0, 0x00, 0x00, 0x00, 0x00, 0x5f, 0xa0, 0x00, 0x00, 0x00, 0x00, 0x5f,
    0xeb, 0xbb, 0xbb, 0xbb, 0xba, 0x5f, 0xff, 0xff, 0xff, 0xff, 0xfd, 0x00, 0x02, 0xff, 0xc6, 0x00,
    0x00, 0x00, 0x00, 0x1b, 0xf2, 0x00, 0x00, 0x00, 0x0c, 0xea, 0x00, 0x00, 0x00, 0x00, 0x00, 0x00,
    0x00, 0x00, 0x00, 0x9f, 0xe2, 0x00, 0x00, 0x00, 0x5f, 0xae, 0xc1, 0x00, 0x00, 0x2e, 0xe1, 0x6f,
    0xa0, 0x00, 0x00, 0x00, 0x00, 0x00, 0x00, 0x00, 0x07, 0xcf, 0xeb, 0x40, 0x00, 0x1c, 0xfd, 0x99,
    0xef, 0x60, 0x08, 0xf9, 0x00, 0x01, 0xdf, 0x20, 0xef, 0x10, 0x00, 0x06, 0xf8, 0x2f, 0xe8, 0x88,
    0x88, 0x9f, 0xb3, 0xff, 0xff, 0xff, 0xff, 0xfc, 0x2f, 0xc0, 0x00, 0x00, 0x00, 0x00, 0xee, 0x10,
    0x00, 0x06, 0xe7, 0x09, 0xfa, 0x00, 0x01, 0xdf, 0x30, 0x1c, 0xfd, 0x99, 0xef, 0x80, 0x00, 0x17,
    0xcf, 0xeb, 0x50, 0x00, 0x00, 0x09, 0xec, 0x51, 0xa6, 0x00, 0x00, 0x4c, 0x14, 0xbe, 0xb1, 0x00,
    0x00, 0x00, 0x7f, 0xf9, 0x00, 0x00, 0x00, 0x08, 0xf6, 0x4e, 0xa0, 0x00, 0x5f, 0xff, 0xff, 0xff,
    0xff, 0xf8, 0x5f, 0xeb, 0xbb, 0xbb, 0xbb, 0xb6, 0x5f, 0xa0, 0x00, 0x00, 0x00, 0x00, 0x5f, 0xa0,
    0x00, 0x00, 0x00, 0x00, 0x5f, 0xa0, 0x00, 0x00, 0x00, 0x00, 0x5f, 0xa0, 0x00, 0x00, 0x00, 0x00,
    0x5f, 0xff, 0xff, 0xff, 0xff, 0xf0, 0x5f, 0xeb, 0xbb, 0xbb, 0xbb, 0xb0, 0x5f, 0xa0, 0x00, 0x00,
    0x00, 0x00, 0x5f, 0xa0, 0x00, 0x00, 0x00, 0x00, 0x5f, 0xa0, 0x00, 0x00, 0x00, 0x00, 0x5f, 0xa0,
    0x00, 0x00, 0x00, 0x00, 0x5f, 0xa0, 0x00, 0x00, 0x00, 0x00, 0x5f, 0xeb, 0xbb, 0xbb, 0xbb, 0xba,
    0x5f, 0xff, 0xff, 0xff, 0xff, 0xfd, 0x00, 0x1b, 0xea, 0x35, 0xf2, 0x00, 0x08, 0xd1, 0x6c, 0xe8,
    0x00, 0x00, 0x00, 0x00, 0x00, 0x00, 0x00, 0x00, 0x09, 0xfe, 0x20, 0x00, 0x00, 0x05, 0xfa, 0xec,
    0x10, 0x00, 0x02, 0xee, 0x16, 0xfa, 0x00, 0x00, 0x00, 0x00, 0x00, 0x00, 0x00, 0x00, 0x7c, 0xfe,
    0xb4, 0x00, 0x01, 0xcf, 0xd9, 0x9e, 0xf6, 0x00, 0x8f, 0x90, 0x00, 0x1d, 0xf2, 0x0e, 0xf1, 0x00,
    0x00, 0x6f, 0x82, 0xfe, 0x88, 0x88, 0x89, 0xfb, 0x3f, 0xff, 0xff, 0xff, 0xff, 0xc2, 0xfc, 0x00,
    0x00, 0x00, 0x00, 0x0e, 0xe1, 0x00, 0x00, 0x6e, 0x70, 0x9f, 0xa0, 0x00, 0x1d, 0xf3, 0x01, 0xcf,
    0xd9, 0x9e, 0xf8, 0x00, 0x01, 0x7c, 0xfe, 0xb5, 0x00, 0x00, 0x00, 0x7f, 0xf9, 0x00, 0x00, 0x00,
    0x08, 0xf6, 0x4e, 0xa0, 0x00, 0x00, 0x00, 0x00, 0x00, 0x00, 0x00, 0x5f, 0xff, 0xff, 0xff, 0xff,
    0xf8, 0x5f, 0xeb, 0xbb, 0xbb, 0xbb, 0xb6, 0x5f, 0xa0, 0x00, 0x00, 0x00, 0x00, 0x5f, 0xa0, 0x00,
    0x00, 0x00, 0x00, 0x5f, 0xa0, 0x00, 0x00, 0x00, 0x00, 0x5f, 0xa0, 0x00, 0x00, 0x00, 0x00, 0x5f,
    0xff, 0xff, 0xff, 0xff, 0xf0, 0x5f, 0xeb, 0xbb, 0xbb, 0xbb, 0xb0, 0x5f, 0xa0, 0x00, 0x00, 0x00,
    0x00, 0x5f, 0xa0, 0x00, 0x00, 0x00, 0x00, 0x5f, 0xa0, 0x00, 0x00, 0x00, 0x00, 0x5f, 0xa0, 0x00,
    0x00, 0x00, 0x00, 0x5f, 0xa0, 0x00, 0x00, 0x00, 0x00, 0x5f, 0xeb, 0xbb, 0xbb, 0xbb, 0xba, 0x5f,
    0xff, 0xff, 0xff, 0xff, 0xfd, 0x00, 0x00, 0x00, 0x00, 0x00, 0x00, 0x00, 0x00, 0x0c, 0xf5, 0x00,
    0x00, 0x00, 0x00, 0x0c, 0xf5, 0x00, 0x00, 0x00, 0x00, 0x9f, 0xe2, 0x00, 0x00, 0x00, 0x5f, 0xae,
    0xc1, 0x00, 0x00, 0x2e, 0xe1, 0x6f, 0xa0, 0x00, 0x00, 0x00, 0x00, 0x00, 0x00, 0x00, 0x07, 0xcf,
    0xeb, 0x40, 0x00, 0x1c, 0xfd, 0x99, 0xef, 0x60, 0x08, 0xf9, 0x00, 0x01, 0xdf, 0x20, 0xef, 0x10,
    0x00, 0x06, 0xf8, 0x2f, 0xe8, 0x88, 0x88, 0x9f, 0xb3, 0xff, 0xff, 0xff, 0xff, 0xfc, 0x2f, 0xc0,
    0x00, 0x00, 0x00, 0x00, 0xee, 0x10, 0x00, 0x06, 0xe7, 0x09, 0xfa, 0x00, 0x01, 0xdf, 0x30, 0x1c,
    0xfd, 0x99, 0xef, 0x80, 0x00, 0x17, 0xcf, 0xeb, 0x50, 0x00, 0x00, 0x00, 0x00, 0x00, 0x00, 0x00,
    0x00, 0x2f, 0xf0, 0x00, 0x00, 0x00, 0x02, 0xff, 0x00, 0x00, 0xef, 0xd8, 0x00, 0x18, 0xf6, 0x08,
    0xfb, 0x20, 0x00, 0x00, 0x1f, 0xe0, 0x01, 0xfe, 0x00, 0x1f, 0xe0, 0x01, 0xfe, 0x00, 0x1f, 0xe0,
    0x01, 0xfe, 0x00, 0x1f, 0xe0, 0x01, 0xfe, 0x00, 0x1f, 0xe0, 0x01, 0xfe, 0x00, 0x1f, 0xe0, 0x01,
    0xfe, 0x00, 0x1f, 0xe0, 0x01, 0xfe, 0x00, 0x1f, 0xe0, 0x00, 0x9f, 0xeb, 0x20, 0x04, 0xfa, 0x04,
    0xfd, 0x40, 0x00, 0x00, 0x09, 0xf4, 0x00, 0x9f, 0x40, 0x09, 0xf4, 0x00, 0x9f, 0x40, 0x09, 0xf4,
    0x00, 0x9f, 0x40, 0x09, 0xf4, 0x00, 0x9f, 0x40, 0x09, 0xf4, 0x00, 0x9f, 0x40, 0x09, 0xf4, 0x00,
    0x1f, 0xe0, 0x1f, 0xe0, 0x1f, 0xe0, 0x1f, 0xe0, 0x1f, 0xe0, 0x1f, 0xe0, 0x1f, 0xe0, 0x1f, 0xe0,
    0x1f, 0xe0, 0x1f, 0xe0, 0x1f, 0xe0, 0x1f, 0xe0, 0x1f, 0xe0, 0x1f, 0xe0, 0x1f, 0xe0, 0x00, 0x00,
    0x1f, 0xf0, 0x1f, 0xf0, 0x9f, 0x49, 0xf4, 0x00, 0x00, 0x00, 0x9f, 0x49, 0xf4, 0x9f, 0x49, 0xf4,
    0x9f, 0x49, 0xf4, 0x9f, 0x49, 0xf4, 0x9f, 0x49, 0xf4, 0x9f, 0x40, 0x00, 0xbf, 0x6b, 0xf6, 0x00,
    0x01, 0x8c, 0xee, 0xd9, 0x30, 0x00, 0x00, 0x05, 0xef, 0xc9, 0x8a, 0xff, 0x90, 0x00, 0x05, 0xfe,
    0x40, 0x00, 0x02, 0xbf, 0xb0, 0x01, 0xef, 0x30, 0x00, 0x00, 0x00, 0xcf, 0x60, 0x7f, 0x90, 0x00,
    0x00, 0x00, 0x04, 0xfc, 0x0b, 0xf4, 0x00, 0x00, 0x00, 0x00, 0x0e, 0xf2, 0xef, 0x20, 0x00, 0x00,
    0x00, 0x00, 0xbf, 0x4e, 0xf1, 0x00, 0x00, 0x00, 0x00, 0x0a, 0xf5, 0xdf, 0x20, 0x00, 0x00, 0x00,
    0x00, 0xbf, 0x4b, 0xf4, 0x00, 0x00, 0x00, 0x00, 0x0d, 0xf2, 0x6f, 0x90, 0x00, 0x00, 0x00, 0x03,
    0xfc, 0x01, 0xef, 0x30, 0x00, 0x00, 0x00, 0xcf, 0x60, 0x04, 0xfe, 0x40, 0x00, 0x01, 0xbf, 0xb0,
    0x00, 0x04, 0xef, 0xc8, 0x8a, 0xef, 0x91, 0x00, 0x00, 0x01, 0x7c, 0xee, 0xd9, 0x40, 0x00, 0x00,
    0x00, 0x00, 0x00, 0x00, 0x00, 0x00, 0x00, 0x00, 0x00, 0x00, 0xff, 0x20, 0x00, 0x00, 0x00, 0x00,
    0x00, 0x0f, 0xf2, 0x00, 0x00, 0x00, 0x00, 0x18, 0xdf, 0xeb, 0x40, 0x00, 0x1d, 0xfc, 0x9a, 0xef,
    0x70, 0x0a, 0xf9, 0x00, 0x02, 0xdf, 0x41, 0xfe, 0x00, 0x00, 0x06, 0xfa, 0x3f, 0xa0, 0x00, 0x00,
    0x2f, 0xd4, 0xf9, 0x00, 0x00, 0x00, 0xfd, 0x3f, 0xb0, 0x00, 0x00, 0x1f, 0xc1, 0xfe, 0x10, 0x00,
    0x05, 0xf9, 0x0a, 0xf9, 0x00, 0x02, 0xdf, 0x40, 0x1d, 0xfc, 0x8a, 0xef, 0x80, 0x00, 0x18, 0xdf,
    0xeb, 0x40, 0x00, 0x00, 0x00, 0x00, 0x00, 0x00, 0x00, 0x00, 0x5f, 0xc0, 0x00, 0x00, 0x00, 0x05,
    0xfc, 0x00, 0x00, 0x00, 0x00, 0x0a, 0xfe, 0xa1, 0x00, 0x00, 0x00, 0x00, 0x00, 0x00, 0x5f, 0x90,
    0x00, 0x00, 0x00, 0x00, 0x00, 0x5f, 0xd4, 0x00, 0x00, 0x00, 0x00, 0x00, 0x00, 0x00, 0x00, 0x00,
    0x00, 0x00, 0x01, 0x8c, 0xee, 0xd9, 0x30, 0x00, 0x00, 0x05, 0xef, 0xc9, 0x8a, 0xff, 0x90, 0x00,
    0x05, 0xfe, 0x40, 0x00, 0x02, 0xbf, 0xb0, 0x01, 0xef, 0x30, 0x00, 0x00, 0x00, 0xcf, 0x60, 0x7f,
    0x90, 0x00, 0x00, 0x00, 0x04, 0xfc, 0x0b, 0xf4, 0x00, 0x00, 0x00, 0x00, 0x0e, 0xf2, 0xef, 0x20,
    0x00, 0x00, 0x00, 0x00, 0xbf, 0x4e, 0xf1, 0x00, 0x00, 0x00, 0x00, 0x0a, 0xf5, 0xdf, 0x20, 0x00,
    0x00, 0x00, 0x00, 0xbf, 0x4b, 0xf4, 0x00, 0x00, 0x00, 0x00, 0x0d, 0xf2, 0x6f, 0x90, 0x00, 0x00,
    0x00, 0x03, 0xfc, 0x01, 0xef, 0x30, 0x00, 0x00, 0x00, 0xcf, 0x60, 0x04, 0xfe, 0x40, 0x00, 0x01,
    0xbf, 0xb0, 0x00, 0x04, 0xef, 0xc8, 0x8a, 0xef, 0x91, 0x00, 0x00, 0x01, 0x7c, 0xee, 0xd9, 0x40,
    0x00, 0x00, 0x00, 0x00, 0xff, 0xd8, 0x00, 0x00, 0x00, 0x00, 0x19, 0xf4, 0x00, 0x00, 0x00, 0x0a,
    0xfb, 0x10, 0x00, 0x00, 0x00, 0x00, 0x00, 0x00, 0x00, 0x18, 0xdf, 0xeb, 0x40, 0x00, 0x1d, 0xfc,
    0x9a, 0xef, 0x70, 0x0a, 0xf9, 0x00, 0x02, 0xdf, 0x41, 0xfe, 0x00, 0x00, 0x06, 0xfa, 0x3f, 0xa0,
    0x00, 0x00, 0x2f, 0xd4, 0xf9, 0x00, 0x00, 0x00, 0xfd, 0x3f, 0xb0, 0x00, 0x00, 0x1f, 0xc1, 0xfe,
    0x10, 0x00, 0x05, 0xf9, 0x0a, 0xf9, 0x00, 0x02, 0xdf, 0x40, 0x1d, 0xfc, 0x8a, 0xef, 0x80, 0x00,
    0x18, 0xdf, 0xeb, 0x40, 0x00, 0x00, 0x00, 0x00, 0x0b, 0xf6, 0x00, 0x00, 0x00, 0x00, 0x00, 0x06,
    0xe4, 0x00, 0x00, 0x00, 0x00, 0x00, 0x05, 0xff, 0xb1, 0x00, 0x00, 0x00, 0x00, 0x06, 0xf8, 0x3d,
    0xb1, 0x00, 0x00, 0x00, 0x01, 0x8c, 0xee, 0xd9, 0x30, 0x00, 0x00, 0x05, 0xef, 0xc9, 0x8a, 0xff,
    0x90, 0x00, 0x05, 0xfe, 0x40, 0x00, 0x02, 0xbf, 0xb0, 0x01, 0xef, 0x30, 0x00, 0x00, 0x00, 0xcf,
    0x60, 0x7f, 0x90, 0x00, 0x00, 0x00, 0x04, 0xfc, 0x0b, 0xf4, 0x00, 0x00, 0x00, 0x00, 0x0e, 0xf2,
    0xef, 0x20, 0x00, 0x00, 0x00, 0x00, 0xbf, 0x4e, 0xf1, 0x00, 0x00, 0x00, 0x00, 0x0a, 0xf5, 0xdf,
    0x20, 0x00, 0x00, 0x00, 0x00, 0xbf, 0x4b, 0xf4, 0x00, 0x00, 0x00, 0x00, 0x0d, 0xf2, 0x6f, 0x90,
    0x00, 0x00, 0x00, 0x03, 0xfc, 0x01, 0xef, 0x30, 0x00, 0x00, 0x00, 0xcf, 0x60, 0x04, 0xfe, 0x40,
    0x00, 0x01, 0xbf, 0xb0, 0x00, 0x04, 0xef, 0xc8, 0x8a, 0xef, 0x91, 0x00, 0x00, 0x01, 0x7c, 0xee,
    0xd9, 0x40, 0x00, 0x00, 0x00, 0x00, 0x01, 0xff, 0x40, 0x00, 0x00, 0x00, 0x8f, 0x70, 0x00, 0x00,
    0x00, 0x1e, 0xa0, 0x00, 0x00, 0x00, 0x00, 0x00, 0x00, 0x00, 0x00, 0x00, 0x9f, 0xe2, 0x00, 0x00,
    0x00, 0x5f, 0xae, 0xd1, 0x00, 0x00, 0x2e, 0xe1, 0x5f, 0xa0, 0x00, 0x00, 0x00, 0x00, 0x00, 0x00,
    0x00, 0x18, 0xdf, 0xeb, 0x40, 0x00, 0x1d, 0xfc, 0x9a, 0xef, 0x70, 0x0a, 0xf9, 0x00, 0x02, 0xdf,
    0x41, 0xfe, 0x00, 0x00, 0x06, 0xfa, 0x3f, 0xa0, 0x00, 0x00, 0x2f, 0xd4, 0xf9, 0x00, 0x00, 0x00,
    0xfd, 0x3f, 0xb0, 0x00, 0x00, 0x1f, 0xc1, 0xfe, 0x10, 0x00, 0x05, 0xf9, 0x0a, 0xf9, 0x00, 0x02,
    0xdf, 0x40, 0x1d, 0xfc, 0x8a, 0xef, 0x80, 0x00, 0x18, 0xdf, 0xeb, 0x40, 0x00, 0x00, 0x00, 0x1c,
    0xf3, 0x00, 0x00, 0x00, 0x00, 0x00, 0x00, 0x0a, 0xd1, 0x00, 0x00, 0x00, 0x00, 0x00, 0x05, 0xff,
    0xb1, 0x00, 0x00, 0x00, 0x00, 0x06, 0xf8, 0x3d, 0xb1, 0x00, 0x00, 0x00, 0x01, 0x8c, 0xee, 0xd9,
    0x30, 0x00, 0x00, 0x05, 0xef, 0xc9, 0x8a, 0xff, 0x90, 0x00, 0x05, 0xfe, 0x40, 0x00, 0x02, 0xbf,
    0xb0, 0x01, 0xef, 0x30, 0x00, 0x00, 0x00, 0xcf, 0x60, 0x7f, 0x90, 0x00, 0x00, 0x00, 0x04, 0xfc,
    0x0b, 0xf4, 0x00, 0x00, 0x00, 0x00, 0x0e, 0xf2, 0xef, 0x20, 0x00, 0x00, 0x00, 0x00, 0xbf, 0x4e,
    0xf1, 0x00, 0x00, 0x00, 0x00, 0x0a, 0xf5, 0xdf, 0x20, 0x00, 0x00, 0x00, 0x00, 0xbf, 0x4b, 0xf4,
    0x00, 0x00, 0x00, 0x00, 0x0d, 0xf2, 0x6f, 0x90, 0x00, 0x00, 0x00, 0x03, 0xfc, 0x01, 0xef, 0x30,
    0x00, 0x00, 0x00, 0xcf, 0x60, 0x04, 0xfe, 0x40, 0x00, 0x01, 0xbf, 0xb0, 0x00, 0x04, 0xef, 0xc8,
    0x8a, 0xef, 0x91, 0x00, 0x00, 0x01, 0x7c, 0xee, 0xd9, 0x40, 0x00, 0x00, 0x00, 0x0b, 0xf9, 0x00,
    0x00, 0x00, 0x00, 0x1d, 0xe1, 0x00, 0x00, 0x00, 0x00, 0x3e, 0x80, 0x00, 0x00, 0x00, 0x00, 0x00,
    0x00, 0x00, 0x00, 0x00, 0x9f, 0xe2, 0x00, 0x00, 0x00, 0x5f, 0xae, 0xd1, 0x00, 0x00, 0x2e, 0xe1,
    0x5f, 0xa0, 0x00, 0x00, 0x00, 0x00, 0x00, 0x00, 0x00, 0x18, 0xdf, 0xeb, 0x40, 0x00, 0x1d, 0xfc,
    0x9a, 0xef, 0x70, 0x0a, 0xf9, 0x00, 0x02, 0xdf, 0x41, 0xfe, 0x00, 0x00, 0x06, 0xfa, 0x3f, 0xa0,
    0x00, 0x00, 0x2f, 0xd4, 0xf9, 0x00, 0x00, 0x00, 0xfd, 0x3f, 0xb0, 0x00, 0x00, 0x1f, 0xc1, 0xfe,
    0x10, 0x00, 0x05, 0xf9, 0x0a, 0xf9, 0x00, 0x02, 0xdf, 0x40, 0x1d, 0xfc, 0x8a, 0xef, 0x80, 0x00,
    0x18, 0xdf, 0xeb, 0x40, 0x00, 0x00, 0x00, 0x08, 0xfe, 0xc3, 0x00, 0x00, 0x00, 0x00, 0x00, 0x03,
    0xfd, 0x40, 0x00, 0x00, 0x00, 0x00, 0x05, 0xff, 0xb1, 0x00, 0x00, 0x00, 0x00, 0x06, 0xf8, 0x3d,
    0xb1, 0x00, 0x00, 0x00, 0x01, 0x8c, 0xee, 0xd9, 0x30, 0x00, 0x00, 0x05, 0xef, 0xc9, 0x8a, 0xff,
    0x90, 0x00, 0x05, 0xfe, 0x40, 0x00, 0x02, 0xbf, 0xb0, 0x01, 0xef, 0x30, 0x00, 0x00, 0x00, 0xcf,
    0x60, 0x7f, 0x90, 0x00, 0x00, 0x00, 0x04, 0xfc, 0x0b, 0xf4, 0x00, 0x00, 0x00, 0x00, 0x0e, 0xf2,
    0xef, 0x20, 0x00, 0x00, 0x00, 0x00, 0xbf, 0x4e, 0xf1, 0x00, 0x00, 0x00, 0x00, 0x0a, 0xf5, 0xdf,
    0x20, 0x00, 0x00, 0x00, 0x00, 0xbf, 0x4b, 0xf4, 0x00, 0x00, 0x00, 0x00, 0x0d, 0xf2, 0x6f, 0x90,
    0x00, 0x00, 0x00, 0x03, 0xfc, 0x01, 0xef, 0x30, 0x00, 0x00, 0x00, 0xcf, 0x60, 0x04, 0xfe, 0x40,
    0x00, 0x01, 0xbf, 0xb0, 0x00, 0x04, 0xef, 0xc8, 0x8a, 0xef, 0x91, 0x00, 0x00, 0x01, 0x7c, 0xee,
    0xd9, 0x40, 0x00, 0x00, 0x00, 0x02, 0xff, 0xc6, 0x00, 0x00, 0x00, 0x00, 0x1b, 0xf2, 0x00, 0x00,
    0x00, 0x0c, 0xea, 0x00, 0x00, 0x00, 0x00, 0x00, 0x00, 0x00, 0x00, 0x00, 0x9f, 0xe2, 0x00, 0x00,
    0x00, 0x5f, 0xae, 0xd1, 0x00, 0x00, 0x2e, 0xe1, 0x5f, 0xa0, 0x00, 0x00, 0x00, 0x00, 0x00, 0x00,
    0x00, 0x18, 0xdf, 0xeb, 0x40, 0x00, 0x1d, 0xfc, 0x9a, 0xef, 0x70, 0x0a, 0xf9, 0x00, 0x02, 0xdf,
    0x41, 0xfe, 0x00, 0x00, 0x06, 0xfa, 0x3f, 0xa0, 0x00, 0x00, 0x2f, 0xd4, 0xf9, 0x00, 0x00, 0x00,
    0xfd, 0x3f, 0xb0, 0x00, 0x00, 0x1f, 0xc1, 0xfe, 0x10, 0x00, 0x05, 0xf9, 0x0a, 0xf9, 0x00, 0x02,
    0xdf, 0x40, 0x1d, 0xfc, 0x8a, 0xef, 0x80, 0x00, 0x18, 0xdf, 0xeb, 0x40, 0x00, 0x00, 0x00, 0x7e,
    0xd7, 0x17, 0x90, 0x00, 0x00, 0x00, 0x1e, 0x23, 0x9e, 0xd3, 0x00, 0x00, 0x00, 0x00, 0x05, 0xff,
    0xb1, 0x00, 0x00, 0x00, 0x00, 0x06, 0xf8, 0x3d, 0xb1, 0x00, 0x00, 0x00, 0x01, 0x8c, 0xee, 0xd9,
    0x30, 0x00, 0x00, 0x05, 0xef, 0xc9, 0x8a, 0xff, 0x90, 0x00, 0x05, 0xfe, 0x40, 0x00, 0x02, 0xbf,
    0xb0, 0x01, 0xef, 0x30, 0x00, 0x00, 0x00, 0xcf, 0x60, 0x7f, 0x90, 0x00, 0x00, 0x00, 0x04, 0xfc,
    0x0b, 0xf4, 0x00, 0x00, 0x00, 0x00, 0x0e, 0xf2, 0xef, 0x20, 0x00, 0x00, 0x00, 0x00, 0xbf, 0x4e,
    0xf1, 0x00, 0x00, 0x00, 0x00, 0x0a, 0xf5, 0xdf, 0x20, 0x00, 0x00, 0x00, 0x00, 0xbf, 0x4b, 0xf4,
    0x00, 0x00, 0x00, 0x00, 0x0d, 0xf2, 0x6f, 0x90, 0x00, 0x00, 0x00, 0x03, 0xfc, 0x01, 0xef, 0x30,
    0x00, 0x00, 0x00, 0xcf, 0x60, 0x04, 0xfe, 0x40, 0x00, 0x01, 0xbf, 0xb0, 0x00, 0x04, 0xef, 0xc8,
    0x8a, 0xef, 0x91, 0x00, 0x00, 0x01, 0x7c, 0xee, 0xd9, 0x40, 0x00, 0x00, 0x00, 0x1b, 0xea, 0x35,
    0xf2, 0x00, 0x08, 0xd1, 0x6c, 0xe8, 0x00, 0x00, 0x00, 0x00, 0x00, 0x00, 0x00, 0x00, 0x09, 0xfe,
    0x20, 0x00, 0x00, 0x05, 0xfa, 0xed, 0x10, 0x00, 0x02, 0xee, 0x15, 0xfa, 0x00, 0x00, 0x00, 0x00,
    0x00, 0x00, 0x00, 0x01, 0x8d, 0xfe, 0xb4, 0x00, 0x01, 0xdf, 0xc9, 0xae, 0xf7, 0x00, 0xaf, 0x90,
    0x00, 0x2d, 0xf4, 0x1f, 0xe0, 0x00, 0x00, 0x6f, 0xa3, 0xfa, 0x00, 0x00, 0x02, 0xfd, 0x4f, 0x90,
    0x00, 0x00, 0x0f, 0xd3, 0xfb, 0x00, 0x00, 0x01, 0xfc, 0x1f, 0xe1, 0x00, 0x00, 0x5f, 0x90, 0xaf,
    0x90, 0x00, 0x2d, 0xf4, 0x01, 0xdf, 0xc8, 0xae, 0xf8, 0x00, 0x01, 0x8d, 0xfe, 0xb4, 0x00, 0x00,
    0x00, 0x05, 0xff, 0xb1, 0x00, 0x00, 0x00, 0x00, 0x06, 0xf8, 0x3d, 0xb1, 0x00, 0x00, 0x00, 0x00,
    0x00, 0x00, 0x00, 0x00, 0x00, 0x00, 0x00, 0x18, 0xce, 0xed, 0x93, 0x00, 0x00, 0x00, 0x5e, 0xfc,
    0x98, 0xaf, 0xf9, 0x00, 0x00, 0x5f, 0xe4, 0x00, 0x00, 0x2b, 0xfb, 0x00, 0x1e, 0xf3, 0x00, 0x00,
    0x00, 0x0c, 0xf6, 0x07, 0xf9, 0x00, 0x00, 0x00, 0x00, 0x4f, 0xc0, 0xbf, 0x40, 0x00, 0x00, 0x00,
    0x00, 0xef, 0x2e, 0xf2, 0x00, 0x00, 0x00, 0x00, 0x0b, 0xf4, 0xef, 0x10, 0x00, 0x00, 0x00, 0x00,
    0xaf, 0x5d, 0xf2, 0x00, 0x00, 0x00, 0x00, 0x0b, 0xf4, 0xbf, 0x40, 0x00, 0x00, 0x00, 0x00, 0xdf,
    0x26, 0xf9, 0x00, 0x00, 0x00, 0x00, 0x3f, 0xc0, 0x1e, 0xf3, 0x00, 0x00, 0x00, 0x0c, 0xf6, 0x00,
    0x4f, 0xe4, 0x00, 0x00, 0x1b, 0xfb, 0x00, 0x00, 0x4e, 0xfc, 0x88, 0xae, 0xf9, 0x10, 0x00, 0x00,
    0x17, 0xce, 0xed, 0x94, 0x00, 0x00, 0x00, 0x00, 0x00, 0x00, 0x00, 0x00, 0x00, 0x00, 0x00, 0x00,
    0x0f, 0xf2, 0x00, 0x00, 0x00, 0x00, 0x00, 0x00, 0xff, 0x20, 0x00, 0x00, 0x00, 0x00, 0x00, 0x9f,
    0xe2, 0x00, 0x00, 0x00, 0x5f, 0xae, 0xd1, 0x00, 0x00, 0x2e, 0xe1, 0x5f, 0xa0, 0x00, 0x00, 0x00,
    0x00, 0x00, 0x00, 0x00, 0x18, 0xdf, 0xeb, 0x40, 0x00, 0x1d, 0xfc, 0x9a, 0xef, 0x70, 0x0a, 0xf9,
    0x00, 0x02, 0xdf, 0x41, 0xfe, 0x00, 0x00, 0x06, 0xfa, 0x3f, 0xa0, 0x00, 0x00, 0x2f, 0xd4, 0xf9,
    0x00, 0x00, 0x00, 0xfd, 0x3f, 0xb0, 0x00, 0x00, 0x1f, 0xc1, 0xfe, 0x10, 0x00, 0x05, 0xf9, 0x0a,
    0xf9, 0x00, 0x02, 0xdf, 0x40, 0x1d, 0xfc, 0x8a, 0xef, 0x80, 0x00, 0x18, 0xdf, 0xeb, 0x40, 0x00,
    0x00, 0x00, 0x00, 0x00, 0x00, 0x00, 0x00, 0x5f, 0xc0, 0x00, 0x00, 0x00, 0x05, 0xfc, 0x00, 0x00,
    0x00, 0x00, 0x00, 0x0d, 0xf5, 0x00, 0x00, 0x00, 0x00, 0x00, 0x00, 0x06, 0xf9, 0x00, 0x00, 0x00,
    0x00, 0x00, 0x00, 0x00, 0xcc, 0x00, 0x00, 0x00, 0x00, 0x00, 0x00, 0x00, 0x00, 0x00, 0x00, 0x00,
    0x00, 0x00, 0x00, 0x02, 0x8c, 0xef, 0xda, 0x40, 0x00, 0x7f, 0x80, 0x05, 0xef, 0xff, 0xff, 0xff,
    0xb1, 0x07, 0xf8, 0x05, 0xff, 0xa4, 0x11, 0x38, 0xef, 0xc0, 0x08, 0x61, 0xef, 0x70, 0x00, 0x00,
    0x03, 0xef, 0x82, 0xc1, 0x7f, 0xb0, 0x00, 0x00, 0x00, 0x05, 0xfe, 0xb2, 0x0b, 0xf5, 0x00, 0x00,
    0x00, 0x00, 0x0e, 0xf3, 0x00, 0xdf, 0x20, 0x00, 0x00, 0x00, 0x00, 0xbf, 0x50, 0x0e, 0xf1, 0x00,
    0x00, 0x00, 0x00, 0x0a, 0xf5, 0x00, 0xdf, 0x20, 0x00, 0x00, 0x00, 0x00, 0xbf, 0x40, 0x0b, 0xf5,
    0x00, 0x00, 0x00, 0x00, 0x0e, 0xf2, 0x00, 0x6f, 0xb0, 0x00, 0x00, 0x00, 0x05, 0xfc, 0x00, 0x01,
    0xef, 0x70, 0x00, 0x00, 0x03, 0xef, 0x50, 0x00, 0x05, 0xff, 0xa4, 0x10, 0x27, 0xef, 0xa0, 0x00,
    0x00, 0x05, 0xef, 0xff, 0xff, 0xff, 0x90, 0x00, 0x00, 0x00, 0x01, 0x7c, 0xee, 0xd9, 0x30, 0x00,
    0x00, 0x00, 0x00, 0x00, 0x02, 0xff, 0x30, 0x00, 0x00, 0x00, 0x00, 0x08, 0xf6, 0x00, 0x00, 0x00,
    0x00, 0x00, 0x1e, 0xa0, 0x00, 0x00, 0x00, 0x00, 0x00, 0x00, 0x00, 0x00, 0x00, 0x00, 0x00, 0x18,
    0xdf, 0xeb, 0x50, 0x0d, 0xf2, 0x01, 0xcf, 0xff, 0xff, 0xf8, 0x0d, 0xf2, 0x09, 0xfd, 0x41, 0x27,
    0xff, 0x40, 0xe1, 0x1f, 0xf2, 0x00, 0x00, 0x8f, 0x96, 0xa0, 0x3f, 0xb0, 0x00, 0x00, 0x2f, 0xf9,
    0x10, 0x4f, 0x90, 0x00, 0x00, 0x1f, 0xd0, 0x00, 0x3f, 0xb0, 0x00, 0x00, 0x2f, 0xc0, 0x00, 0x1f,
    0xf2, 0x00, 0x00, 0x8f, 0x90, 0x00, 0x09, 0xfd, 0x41, 0x27, 0xff, 0x30, 0x00, 0x01, 0xdf, 0xff,
    0xff, 0xf7, 0x00, 0x00, 0x00, 0x18, 0xdf, 0xeb, 0x40, 0x00, 0x00, 0x00, 0x00, 0x2e, 0xf4, 0x00,
    0x00, 0x00, 0x00, 0x00, 0x00, 0x00, 0x4f, 0xb0, 0x00, 0x00, 0x00, 0x00, 0x00, 0x00, 0x00, 0x7f,
    0x20, 0x00, 0x00, 0x00, 0x00, 0x00, 0x00, 0x00, 0x00, 0x00, 0x00, 0x00, 0x00, 0x00, 0x02, 0x8c,
    0xef, 0xda, 0x40, 0x00, 0x7f, 0x80, 0x05, 0xef, 0xff, 0xff, 0xff, 0xb1, 0x07, 0xf8, 0x05, 0xff,
    0xa4, 0x11, 0x38, 0xef, 0xc0, 0x08, 0x61, 0xef, 0x70, 0x00, 0x00, 0x03, 0xef, 0x82, 0xc1, 0x7f,
    0xb0, 0x00, 0x00, 0x00, 0x05, 0xfe, 0xb2, 0x0b, 0xf5, 0x00, 0x00, 0x00, 0x00, 0x0e, 0xf3, 0x00,
    0xdf, 0x20, 0x00, 0x00, 0x00, 0x00, 0xbf, 0x50, 0x0e, 0xf1, 0x00, 0x00, 0x00, 0x00, 0x0a, 0xf5,
    0x00, 0xdf, 0x20, 0x00, 0x00, 0x00, 0x00, 0xbf, 0x40, 0x0b, 0xf5, 0x00, 0x00, 0x00, 0x00, 0x0e,
    0xf2, 0x00, 0x6f, 0xb0, 0x00, 0x00, 0x00, 0x05, 0xfc, 0x00, 0x01, 0xef, 0x70, 0x00, 0x00, 0x03,
    0xef, 0x50, 0x00, 0x05, 0xff, 0xa4, 0x10, 0x27, 0xef, 0xa0, 0x00, 0x00, 0x05, 0xef, 0xff, 0xff,
    0xff, 0x90, 0x00, 0x00, 0x00, 0x01, 0x7c, 0xee, 0xd9, 0x30, 0x00, 0x00, 0x00, 0x00, 0x06, 0xfd,
    0x00, 0x00, 0x00, 0x00, 0x00, 0x00, 0x9f, 0x50, 0x00, 0x00, 0x00, 0x00, 0x00, 0x0c, 0xc0, 0x00,
    0x00, 0x00, 0x00, 0x00, 0x00, 0x00, 0x00, 0x00, 0x00, 0x00, 0x18, 0xdf, 0xeb, 0x50, 0x0d, 0xf2,
    0x01, 0xcf, 0xff, 0xff, 0xf8, 0x0d, 0xf2, 0x09, 0xfd, 0x41, 0x27, 0xff, 0x40, 0xe1, 0x1f, 0xf2,
    0x00, 0x00, 0x8f, 0x96, 0xa0, 0x3f, 0xb0, 0x00, 0x00, 0x2f, 0xf9, 0x10, 0x4f, 0x90, 0x00, 0x00,
    0x1f, 0xd0, 0x00, 0x3f, 0xb0, 0x00, 0x00, 0x2f, 0xc0, 0x00, 0x1f, 0xf2, 0x00, 0x00, 0x8f, 0x90,
    0x00, 0x09, 0xfd, 0x41, 0x27, 0xff, 0x30, 0x00, 0x01, 0xdf, 0xff, 0xff, 0xf7, 0x00, 0x00, 0x00,
    0x18, 0xdf, 0xeb, 0x40, 0x00, 0x00, 0x00, 0x00, 0x0a, 0xfe, 0xa1, 0x00, 0x00, 0x00, 0x00, 0x00,
    0x00, 0x00, 0x5f, 0x90, 0x00, 0x00, 0x00, 0x00, 0x00, 0x00, 0x5f, 0xd4, 0x00, 0x00, 0x00, 0x00,
    0x00, 0x00, 0x00, 0x00, 0x00, 0x00, 0x00, 0x00, 0x00, 0x02, 0x8c, 0xef, 0xda, 0x40, 0x00, 0x7f,
    0x80, 0x05, 0xef, 0xff, 0xff, 0xff, 0xb1, 0x07, 0xf8, 0x05, 0xff, 0xa4, 0x11, 0x38, 0xef, 0xc0,
    0x08, 0x61, 0xef, 0x70, 0x00, 0x00, 0x03, 0xef, 0x82, 0xc1, 0x7f, 0xb0, 0x00, 0x00, 0x00, 0x05,
    0xfe, 0xb2, 0x0b, 0xf5, 0x00, 0x00, 0x00, 0x00, 0x0e, 0xf3, 0x00, 0xdf, 0x20, 0x00, 0x00, 0x00,
    0x00, 0xbf, 0x50, 0x0e, 0xf1, 0x00, 0x00, 0x00, 0x00, 0x0a, 0xf5, 0x00, 0xdf, 0x20, 0x00, 0x00,
    0x00, 0x00, 0xbf, 0x40, 0x0b, 0xf5, 0x00, 0x00, 0x00, 0x00, 0x0e, 0xf2, 0x00, 0x6f, 0xb0, 0x00,
    0x00, 0x00, 0x05, 0xfc, 0x00, 0x01, 0xef, 0x70, 0x00, 0x00, 0x03, 0xef, 0x50, 0x00, 0x05, 0xff,
    0xa4, 0x10, 0x27, 0xef, 0xa0, 0x00, 0x00, 0x05, 0xef, 0xff, 0xff, 0xff, 0x90, 0x00, 0x00, 0x00,
    0x01, 0x7c, 0xee, 0xd9, 0x30, 0x00, 0x00, 0x00, 0x00, 0x00, 0xff, 0xd8, 0x00, 0x00, 0x00, 0x00,
    0x00, 0x01, 0x9f, 0x40, 0x00, 0x00, 0x00, 0x00, 0x0a, 0xfb, 0x10, 0x00, 0x00, 0x00, 0x00, 0x00,
    0x00, 0x00, 0x00, 0x00, 0x00, 0x18, 0xdf, 0xeb, 0x50, 0x0d, 0xf2, 0x01, 0xcf, 0xff, 0xff, 0xf8,
    0x0d, 0xf2, 0x09, 0xfd, 0x41, 0x27, 0xff, 0x40, 0xe1, 0x1f, 0xf2, 0x00, 0x00, 0x8f, 0x96, 0xa0,
    0x3f, 0xb0, 0x00, 0x00, 0x2f, 0xf9, 0x10, 0x4f, 0x90, 0x00, 0x00, 0x1f, 0xd0, 0x00, 0x3f, 0xb0,
    0x00, 0x00, 0x2f, 0xc0, 0x00, 0x1f, 0xf2, 0x00, 0x00, 0x8f, 0x90, 0x00, 0x09, 0xfd, 0x41, 0x27,
    0xff, 0x30, 0x00, 0x01, 0xdf, 0xff, 0xff, 0xf7, 0x00, 0x00, 0x00, 0x18, 0xdf, 0xeb, 0x40, 0x00,
    0x00, 0x00, 0x00, 0x7e, 0xd8, 0x5d, 0x80, 0x00, 0x00, 0x00, 0x00, 0x2f, 0x75, 0xbe, 0xb2, 0x00,
    0x00, 0x00, 0x00, 0x00, 0x00, 0x00, 0x00, 0x00, 0x00, 0x00, 0x00, 0x00, 0x28, 0xce, 0xfd, 0xa4,
    0x00, 0x07, 0xf8, 0x00, 0x5e, 0xff, 0xff, 0xff, 0xfb, 0x10, 0x7f, 0x80, 0x5f, 0xfa, 0x41, 0x13,
    0x8e, 0xfc, 0x00, 0x86, 0x1e, 0xf7, 0x00, 0x00, 0x00, 0x3e, 0xf8, 0x2c, 0x17, 0xfb, 0x00, 0x00,
    0x00, 0x00, 0x5f, 0xeb, 0x20, 0xbf, 0x50, 0x00, 0x00, 0x00, 0x00, 0xef, 0x30, 0x0d, 0xf2, 0x00,
    0x00, 0x00, 0x00, 0x0b, 0xf5, 0x00, 0xef, 0x10, 0x00, 0x00, 0x00, 0x00, 0xaf, 0x50, 0x0d, 0xf2,
    0x00, 0x00, 0x00, 0x00, 0x0b, 0xf4, 0x00, 0xbf, 0x50, 0x00, 0x00, 0x00, 0x00, 0xef, 0x20, 0x06,
    0xfb, 0x00, 0x00, 0x00, 0x00, 0x5f, 0xc0, 0x00, 0x1e, 0xf7, 0x00, 0x00, 0x00, 0x3e, 0xf5, 0x00,
    0x00, 0x5f, 0xfa, 0x41, 0x02, 0x7e, 0xfa, 0x00, 0x00, 0x00, 0x5e, 0xff, 0xff, 0xff, 0xf9, 0x00,
    0x00, 0x00, 0x00, 0x17, 0xce, 0xed, 0x93, 0x00, 0x00, 0x00, 0x00, 0x1b, 0xeb, 0x67, 0xf2, 0x00,
    0x00, 0x00, 0x8e, 0x47, 0xce, 0x80, 0x00, 0x00, 0x00, 0x00, 0x00, 0x00, 0x00, 0x00, 0x00, 0x00,
    0x18, 0xdf, 0xeb, 0x50, 0x0d, 0xf2, 0x01, 0xcf, 0xff, 0xff, 0xf8, 0x0d, 0xf2, 0x09, 0xfd, 0x41,
    0x27, 0xff, 0x40, 0xe1, 0x1f, 0xf2, 0x00, 0x00, 0x8f, 0x96, 0xa0, 0x3f, 0xb0, 0x00, 0x00, 0x2f,
    0xf9, 0x10, 0x4f, 0x90, 0x00, 0x00, 0x1f, 0xd0, 0x00, 0x3f, 0xb0, 0x00, 0x00, 0x2f, 0xc0, 0x00,
    0x1f, 0xf2, 0x00, 0x00, 0x8f, 0x90, 0x00, 0x09, 0xfd, 0x41, 0x27, 0xff, 0x30, 0x00, 0x01, 0xdf,
    0xff, 0xff, 0xf7, 0x00, 0x00, 0x00, 0x18, 0xdf, 0xeb, 0x40, 0x00, 0x00, 0x00, 0x02, 0x8c, 0xef,
    0xda, 0x40, 0x00, 0x7f, 0x80, 0x05, 0xef, 0xff, 0xff, 0xff, 0xb1, 0x07, 0xf8, 0x05, 0xff, 0xa4,
    0x11, 0x38, 0xef, 0xc0, 0x08, 0x61, 0xef, 0x70, 0x00, 0x00, 0x03, 0xef, 0x82, 0xc1, 0x7f, 0xb0,
    0x00, 0x00, 0x00, 0x05, 0xfe, 0xb2, 0x0b, 0xf5, 0x00, 0x00, 0x00, 0x00, 0x0e, 0xf3, 0x00, 0xdf,
    0x20, 0x00, 0x00, 0x00, 0x00, 0xbf, 0x50, 0x0e, 0xf1, 0x00, 0x00, 0x00, 0x00, 0x0a, 0xf5, 0x00,
    0xdf, 0x20, 0x00, 0x00, 0x00, 0x00, 0xbf, 0x40, 0x0b, 0xf5, 0x00, 0x00, 0x00, 0x00, 0x0e, 0xf2,
    0x00, 0x6f, 0xb0, 0x00, 0x00, 0x00, 0x05, 0xfc, 0x00, 0x01, 0xef, 0x70, 0x00, 0x00, 0x03, 0xef,
    0x50, 0x00, 0x05, 0xff, 0xa4, 0x10, 0x27, 0xef, 0xa0, 0x00, 0x00, 0x05, 0xef, 0xff, 0xff, 0xff,
    0x90, 0x00, 0x00, 0x00, 0x01, 0x7c, 0xee, 0xd9, 0x30, 0x00, 0x00, 0x00, 0x00, 0x00, 0x00, 0x00,
    0x00, 0x00, 0x00, 0x00, 0x00, 0x00, 0x00, 0xff, 0x20, 0x00, 0x00, 0x00, 0x00, 0x00, 0x00, 0x0f,
    0xf2, 0x00, 0x00, 0x00, 0x00, 0x00, 0x18, 0xdf, 0xeb, 0x50, 0x0d, 0xf2, 0x01, 0xcf, 0xff, 0xff,
    0xf8, 0x0d, 0xf2, 0x09, 0xfd, 0x41, 0x27, 0xff, 0x40, 0xe1, 0x1f, 0xf2, 0x00, 0x00, 0x8f, 0x96,
    0xa0, 0x3f, 0xb0, 0x00, 0x00, 0x2f, 0xf9, 0x10, 0x4f, 0x90, 0x00, 0x00, 0x1f, 0xd0, 0x00, 0x3f,
    0xb0, 0x00, 0x00, 0x2f, 0xc0, 0x00, 0x1f, 0xf2, 0x00, 0x00, 0x8f, 0x90, 0x00, 0x09, 0xfd, 0x41,
    0x27, 0xff, 0x30, 0x00, 0x01, 0xdf, 0xff, 0xff, 0xf7, 0x00, 0x00, 0x00, 0x18, 0xdf, 0xeb, 0x40,
    0x00, 0x00, 0x00, 0x00, 0x00, 0x00, 0x00, 0x00, 0x00, 0x00, 0x00, 0x5f, 0xc0, 0x00, 0x00, 0x00,
    0x00, 0x00, 0x5f, 0xc0, 0x00, 0x00, 0x00, 0x5f, 0xa0, 0x00, 0x00, 0x00, 0x8f, 0x75, 0xfa, 0x00,
    0x00, 0x00, 0x08, 0xf7, 0x5f, 0xa0, 0x00, 0x00, 0x00, 0x8f, 0x75, 0xfa, 0x00, 0x00, 0x00, 0x08,
    0xf7, 0x5f, 0xa0, 0x00, 0x00, 0x00, 0x8f, 0x75, 0xfa, 0x00, 0x00, 0x00, 0x08, 0xf7, 0x5f, 0xa0,
    0x00, 0x00, 0x00, 0x8f, 0x75, 0xfa, 0x00, 0x00, 0x00, 0x08, 0xf7, 0x5f, 0xa0, 0x00, 0x00, 0x00,
    0x8f, 0x74, 0xfa, 0x00, 0x00, 0x00, 0x08, 0xf6, 0x3f, 0xc0, 0x00, 0x00, 0x00, 0xaf, 0x50, 0xef,
    0x20, 0x00, 0x00, 0x1e, 0xf1, 0x09, 0xfc, 0x20, 0x00, 0x1b, 0xfa, 0x00, 0x1c, 0xff, 0xdc, 0xdf,
    0xfc, 0x10, 0x00, 0x06, 0xbe, 0xfe, 0xc6, 0x10, 0x00, 0x00, 0x00, 0x00, 0x00, 0x00, 0x00, 0x00,
    0x00, 0x09, 0xf8, 0x00, 0x00, 0x00, 0x00, 0x00, 0x9f, 0x80, 0x00, 0x00, 0xaf, 0x30, 0x00, 0x0a,
    0xf3, 0xaf, 0x30, 0x00, 0x0a, 0xf3, 0xaf, 0x30, 0x00, 0x0a, 0xf3, 0xaf, 0x30, 0x00, 0x0a, 0xf3,
    0xaf, 0x30, 0x00, 0x0a, 0xf3, 0xaf, 0x30, 0x00, 0x0a, 0xf3, 0xaf, 0x30, 0x00, 0x0b, 0xf3, 0x9f,
    0x40, 0x00, 0x0d, 0xf3, 0x7f, 0x90, 0x00, 0x6f, 0xf3, 0x2e, 0xfb, 0x8b, 0xfb, 0xf3, 0x03, 0xbe,
    0xeb, 0x47, 0xf3, 0x00, 0x00, 0x00, 0x00, 0x00, 0x00, 0x0a, 0xf7, 0x00, 0x00, 0x00, 0x0a, 0xf7,
    0x00, 0x00, 0x00, 0x00, 0x8f, 0xeb, 0x30, 0x00, 0x00, 0x00, 0x00, 0x03, 0xec, 0x00, 0x00, 0x00,
    0x00, 0x02, 0xfd, 0x60, 0x00, 0x00, 0x00, 0x00, 0x00, 0x00, 0x00, 0x00, 0x5f, 0xa0, 0x00, 0x00,
    0x00, 0x8f, 0x75, 0xfa, 0x00, 0x00, 0x00, 0x08, 0xf7, 0x5f, 0xa0, 0x00, 0x00, 0x00, 0x8f, 0x75,
    0xfa, 0x00, 0x00, 0x00, 0x08, 0xf7, 0x5f, 0xa0, 0x00, 0x00, 0x00, 0x8f, 0x75, 0xfa, 0x00, 0x00,
    0x00, 0x08, 0xf7, 0x5f, 0xa0, 0x00, 0x00, 0x00, 0x8f, 0x75, 0xfa, 0x00, 0x00, 0x00, 0x08, 0xf7,
    0x5f, 0xa0, 0x00, 0x00, 0x00, 0x8f, 0x74, 0xfa, 0x00, 0x00, 0x00, 0x08, 0xf6, 0x3f, 0xc0, 0x00,
    0x00, 0x00, 0xaf, 0x50, 0xef, 0x20, 0x00, 0x00, 0x1e, 0xf1, 0x09, 0xfc, 0x20, 0x00, 0x1b, 0xfa,
    0x00, 0x1c, 0xff, 0xdc, 0xdf, 0xfc, 0x10, 0x00, 0x06, 0xbe, 0xfe, 0xc6, 0x10, 0x00, 0x00, 0x3f,
    0xfd, 0x70, 0x00, 0x00, 0x00, 0x1b, 0xf2, 0x00, 0x00, 0x00, 0xce, 0x90, 0x00, 0x00, 0x00, 0x00,
    0x00, 0x00, 0xaf, 0x30, 0x00, 0x0a, 0xf3, 0xaf, 0x30, 0x00, 0x0a, 0xf3, 0xaf, 0x30, 0x00, 0x0a,
    0xf3, 0xaf, 0x30, 0x00, 0x0a, 0xf3, 0xaf, 0x30, 0x00, 0x0a, 0xf3, 0xaf, 0x30, 0x00, 0x0a, 0xf3,
    0xaf, 0x30, 0x00, 0x0b, 0xf3, 0x9f, 0x40, 0x00, 0x0d, 0xf3, 0x7f, 0x90, 0x00, 0x6f, 0xf3, 0x2e,
    0xfb, 0x8b, 0xfb, 0xf3, 0x03, 0xbe, 0xeb, 0x47, 0xf3, 0x00, 0x00, 0x00, 0x9f, 0xa0, 0x00, 0x00,
    0x00, 0x00, 0x00, 0x00, 0x1e, 0xd1, 0x00, 0x00, 0x00, 0x00, 0x00, 0x00, 0x07, 0xf3, 0x00, 0x00,
    0x00, 0x00, 0x00, 0x00, 0x00, 0x00, 0x00, 0x00, 0x00, 0x00, 0x00, 0x5f, 0xa0, 0x00, 0x00, 0x00,
    0x8f, 0x70, 0xdf, 0x15, 0xfa, 0x00, 0x00, 0x00, 0x08, 0xf7, 0x0d, 0xf1, 0x5f, 0xa0, 0x00, 0x00,
    0x00, 0x8f, 0x70, 0x0f, 0x05, 0xfa, 0x00, 0x00, 0x00, 0x08, 0xf7, 0x02, 0xd0, 0x5f, 0xa0, 0x00,
    0x00, 0x00, 0x8f, 0x72, 0xc6, 0x05, 0xfa, 0x00, 0x00, 0x00, 0x08, 0xfe, 0xc5, 0x00, 0x5f, 0xa0,
    0x00, 0x00, 0x00, 0x8f, 0x70, 0x00, 0x05, 0xfa, 0x00, 0x00, 0x00, 0x08, 0xf7, 0x00, 0x00, 0x5f,
    0xa0, 0x00, 0x00, 0x00, 0x8f, 0x70, 0x00, 0x04, 0xfb, 0x00, 0x00, 0x00, 0x09, 0xf6, 0x00, 0x00,
    0x3f, 0xd0, 0x00, 0x00, 0x00, 0xbf, 0x50, 0x00, 0x00, 0xef, 0x40, 0x00, 0x00, 0x2f, 0xf2, 0x00,
    0x00, 0x09, 0xfe, 0x62, 0x01, 0x5d, 0xfb, 0x00, 0x00, 0x00, 0x1c, 0xff, 0xff, 0xff, 0xfd, 0x20,
    0x00, 0x00, 0x00, 0x06, 0xbe, 0xfe, 0xc7, 0x10, 0x00, 0x00, 0x00, 0x00, 0x00, 0x3f, 0xe2, 0x00,
    0x00, 0x00, 0x00, 0x0a, 0xf5, 0x00, 0x00, 0x00, 0x00, 0x02, 0xf8, 0x00, 0x00, 0x00, 0x00, 0x00,
    0x00, 0x00, 0x00, 0x00, 0x00, 0xaf, 0x30, 0x00, 0x0a, 0xf3, 0x8f, 0x6a, 0xf3, 0x00, 0x00, 0xaf,
    0x38, 0xf6, 0xaf, 0x30, 0x00, 0x0a, 0xf3, 0x0a, 0x5a, 0xf3, 0x00, 0x00, 0xaf, 0x33, 0xc1, 0xaf,
    0x30, 0x00, 0x0a, 0xfb, 0xa2, 0x0a, 0xf3, 0x00, 0x00, 0xaf, 0x30, 0x00, 0xaf, 0x30, 0x00, 0x0b,
    0xf3, 0x00, 0x09, 0xf5, 0x00, 0x01, 0xef, 0x30, 0x00, 0x7f, 0xc3, 0x03, 0xcf, 0xf3, 0x00, 0x01,
    0xef, 0xff, 0xfd, 0x9f, 0x30, 0x00, 0x03, 0xbe, 0xea, 0x27, 0xf3, 0x00, 0x00, 0x00, 0x00, 0xbf,
    0x90, 0x00, 0x00, 0x00, 0x00, 0x00, 0x00, 0x01, 0xdf, 0x10, 0x00, 0x00, 0x00, 0x00, 0x00, 0x00,
    0x03, 0xe8, 0x00, 0x00, 0x00, 0x00, 0x00, 0x00, 0x00, 0x00, 0x00, 0x00, 0x00, 0x00, 0x00, 0x5f,
    0xa0, 0x00, 0x00, 0x00, 0x8f, 0x70, 0xdf, 0x15, 0xfa, 0x00, 0x00, 0x00, 0x08, 0xf7, 0x0d, 0xf1,
    0x5f, 0xa0, 0x00, 0x00, 0x00, 0x8f, 0x70, 0x0f, 0x05, 0xfa, 0x00, 0x00, 0x00, 0x08, 0xf7, 0x02,
    0xd0, 0x5f, 0xa0, 0x00, 0x00, 0x00, 0x8f, 0x72, 0xc6, 0x05, 0xfa, 0x00, 0x00, 0x00, 0x08, 0xfe,
    0xc5, 0x00, 0x5f, 0xa0, 0x00, 0x00, 0x00, 0x8f, 0x70, 0x00, 0x05, 0xfa, 0x00, 0x00, 0x00, 0x08,
    0xf7, 0x00, 0x00, 0x5f, 0xa0, 0x00, 0x00, 0x00, 0x8f, 0x70, 0x00, 0x04, 0xfb, 0x00, 0x00, 0x00,
    0x09, 0xf6, 0x00, 0x00, 0x3f, 0xd0, 0x00, 0x00, 0x00, 0xbf, 0x50, 0x00, 0x00, 0xef, 0x40, 0x00,
    0x00, 0x2f, 0xf2, 0x00, 0x00, 0x09, 0xfe, 0x62, 0x01, 0x5d, 0xfb, 0x00, 0x00, 0x00, 0x1c, 0xff,
    0xff, 0xff, 0xfd, 0x20, 0x00, 0x00, 0x00, 0x06, 0xbe, 0xfe, 0xc7, 0x10, 0x00, 0x00, 0x00, 0x00,
    0x6f, 0xd0, 0x00, 0x00, 0x00, 0x00, 0x00, 0x9f, 0x50, 0x00, 0x00, 0x00, 0x00, 0x00, 0xcc, 0x00,
    0x00, 0x00, 0x00, 0x00, 0x00, 0x00, 0x00, 0x00, 0x00, 0xaf, 0x30, 0x00, 0x0a, 0xf3, 0x8f, 0x6a,
    0xf3, 0x00, 0x00, 0xaf, 0x38, 0xf6, 0xaf, 0x30, 0x00, 0x0a, 0xf3, 0x0a, 0x5a, 0xf3, 0x00, 0x00,
    0xaf, 0x33, 0xc1, 0xaf, 0x30, 0x00, 0x0a, 0xfb, 0xa2, 0x0a, 0xf3, 0x00, 0x00, 0xaf, 0x30, 0x00,
    0xaf, 0x30, 0x00, 0x0b, 0xf3, 0x00, 0x09, 0xf5, 0x00, 0x01, 0xef, 0x30, 0x00, 0x7f, 0xc3, 0x03,
    0xcf, 0xf3, 0x00, 0x01, 0xef, 0xff, 0xfd, 0x9f, 0x30, 0x00, 0x03, 0xbe, 0xea, 0x27, 0xf3, 0x00,
    0x00, 0x00, 0x00, 0x8f, 0xeb, 0x30, 0x00, 0x00, 0x00, 0x00, 0x00, 0x00, 0x03, 0xec, 0x00, 0x00,
    0x00, 0x00, 0x00, 0x00, 0x02, 0xfd, 0x60, 0x00, 0x00, 0x00, 0x00, 0x00, 0x00, 0x00, 0x00, 0x00,
    0x00, 0x00, 0x00, 0x5f, 0xa0, 0x00, 0x00, 0x00, 0x8f, 0x70, 0xdf, 0x15, 0xfa, 0x00, 0x00, 0x00,
    0x08, 0xf7, 0x0d, 0xf1, 0x5f, 0xa0, 0x00, 0x00, 0x00, 0x8f, 0x70, 0x0f, 0x05, 0xfa, 0x00, 0x00,
    0x00, 0x08, 0xf7, 0x02, 0xd0, 0x5f, 0xa0, 0x00, 0x00, 0x00, 0x8f, 0x72, 0xc6, 0x05, 0xfa, 0x00,
    0x00, 0x00, 0x08, 0xfe, 0xc5, 0x00, 0x5f, 0xa0, 0x00, 0x00, 0x00, 0x8f, 0x70, 0x00, 0x05, 0xfa,
    0x00, 0x00, 0x00, 0x08, 0xf7, 0x00, 0x00, 0x5f, 0xa0, 0x00, 0x00, 0x00, 0x8f, 0x70, 0x00, 0x04,
    0xfb, 0x00, 0x00, 0x00, 0x09, 0xf6, 0x00, 0x00, 0x3f, 0xd0, 0x00, 0x00, 0x00, 0xbf, 0x50, 0x00,
    0x00, 0xef, 0x40, 0x00, 0x00, 0x2f, 0xf2, 0x00, 0x00, 0x09, 0xfe, 0x62, 0x01, 0x5d, 0xfb, 0x00,
    0x00, 0x00, 0x1c, 0xff, 0xff, 0xff, 0xfd, 0x20, 0x00, 0x00, 0x00, 0x06, 0xbe, 0xfe, 0xc7, 0x10,
    0x00, 0x00, 0x00, 0x00, 0x3f, 0xfd, 0x70, 0x00, 0x00, 0x00, 0x00, 0x01, 0xbf, 0x20, 0x00, 0x00,
    0x00, 0x00, 0xce, 0x90, 0x00, 0x00, 0x00, 0x00, 0x00, 0x00, 0x00, 0x00, 0x00, 0xaf, 0x30, 0x00,
    0x0a, 0xf3, 0x8f, 0x6a, 0xf3, 0x00, 0x00, 0xaf, 0x38, 0xf6, 0xaf, 0x30, 0x00, 0x0a, 0xf3, 0x0a,
    0x5a, 0xf3, 0x00, 0x00, 0xaf, 0x33, 0xc1, 0xaf, 0x30, 0x00, 0x0a, 0xfb, 0xa2, 0x0a, 0xf3, 0x00,
    0x00, 0xaf, 0x30, 0x00, 0xaf, 0x30, 0x00, 0x0b, 0xf3, 0x00, 0x09, 0xf5, 0x00, 0x01, 0xef, 0x30,
    0x00, 0x7f, 0xc3, 0x03, 0xcf, 0xf3, 0x00, 0x01, 0xef, 0xff, 0xfd, 0x9f, 0x30, 0x00, 0x03, 0xbe,
    0xea, 0x27, 0xf3, 0x00, 0x00, 0x00, 0x02, 0xce, 0xb6, 0x8f, 0x10, 0x00, 0x00, 0x00, 0x00, 0xac,
    0x48, 0xde, 0x60, 0x00, 0x00, 0x00, 0x00, 0x00, 0x00, 0x00, 0x00, 0x00, 0x00, 0x00, 0x05, 0xfa,
    0x00, 0x00, 0x00, 0x08, 0xf7, 0x0d, 0xf1, 0x5f, 0xa0, 0x00, 0x00, 0x00, 0x8f, 0x70, 0xdf, 0x15,
    0xfa, 0x00, 0x00, 0x00, 0x08, 0xf7, 0x00, 0xf0, 0x5f, 0xa0, 0x00, 0x00, 0x00, 0x8f, 0x70, 0x2d,
    0x05, 0xfa, 0x00, 0x00, 0x00, 0x08, 0xf7, 0x2c, 0x60, 0x5f, 0xa0, 0x00, 0x00, 0x00, 0x8f, 0xec,
    0x50, 0x05, 0xfa, 0x00, 0x00, 0x00, 0x08, 0xf7, 0x00, 0x00, 0x5f, 0xa0, 0x00, 0x00, 0x00, 0x8f,
    0x70, 0x00, 0x05, 0xfa, 0x00, 0x00, 0x00, 0x08, 0xf7, 0x00, 0x00, 0x4f, 0xb0, 0x00, 0x00, 0x00,
    0x9f, 0x60, 0x00, 0x03, 0xfd, 0x00, 0x00, 0x00, 0x0b, 0xf5, 0x00, 0x00, 0x0e, 0xf4, 0x00, 0x00,
    0x02, 0xff, 0x20, 0x00, 0x00, 0x9f, 0xe6, 0x20, 0x15, 0xdf, 0xb0, 0x00, 0x00, 0x01, 0xcf, 0xff,
    0xff, 0xff, 0xd2, 0x00, 0x00, 0x00, 0x00, 0x6b, 0xef, 0xec, 0x71, 0x00, 0x00, 0x00, 0x01, 0xbe,
    0xb7, 0x6f, 0x30, 0x00, 0x00, 0x7e, 0x47, 0xce, 0x80, 0x00, 0x00, 0x00, 0x00, 0x00, 0x00, 0x00,
    0x00, 0x0a, 0xf3, 0x00, 0x00, 0xaf, 0x38, 0xf6, 0xaf, 0x30, 0x00, 0x0a, 0xf3, 0x8f, 0x6a, 0xf3,
    0x00, 0x00, 0xaf, 0x30, 0xa5, 0xaf, 0x30, 0x00, 0x0a, 0xf3, 0x3c, 0x1a, 0xf3, 0x00, 0x00, 0xaf,
    0xba, 0x20, 0xaf, 0x30, 0x00, 0x0a, 0xf3, 0x00, 0x0a, 0xf3, 0x00, 0x00, 0xbf, 0x30, 0x00, 0x9f,
    0x50, 0x00, 0x1e, 0xf3, 0x00, 0x07, 0xfc, 0x30, 0x3c, 0xff, 0x30, 0x00, 0x1e, 0xff, 0xff, 0xd9,
    0xf3, 0x00, 0x00, 0x3b, 0xee, 0xa2, 0x7f, 0x30, 0x00, 0x5f, 0xa0, 0x00, 0x00, 0x00, 0x8f, 0x70,
    0xdf, 0x15, 0xfa, 0x00, 0x00, 0x00, 0x08, 0xf7, 0x0d, 0xf1, 0x5f, 0xa0, 0x00, 0x00, 0x00, 0x8f,
    0x70, 0x0f, 0x05, 0xfa, 0x00, 0x00, 0x00, 0x08, 0xf7, 0x02, 0xd0, 0x5f, 0xa0, 0x00, 0x00, 0x00,
    0x8f, 0x72, 0xc6, 0x05, 0xfa, 0x00, 0x00, 0x00, 0x08, 0xfe, 0xc5, 0x00, 0x5f, 0xa0, 0x00, 0x00,
    0x00, 0x8f, 0x70, 0x00, 0x05, 0xfa, 0x00, 0x00, 0x00, 0x08, 0xf7, 0x00, 0x00, 0x5f, 0xa0, 0x00,
    0x00, 0x00, 0x8f, 0x70, 0x00, 0x04, 0xfb, 0x00, 0x00, 0x00, 0x09, 0xf6, 0x00, 0x00, 0x3f, 0xd0,
    0x00, 0x00, 0x00, 0xbf, 0x50, 0x00, 0x00, 0xef, 0x40, 0x00, 0x00, 0x2f, 0xf2, 0x00, 0x00, 0x09,
    0xfe, 0x62, 0x01, 0x5d, 0xfb, 0x00, 0x00, 0x00, 0x1c, 0xff, 0xff, 0xff, 0xfd, 0x20, 0x00, 0x00,
    0x00, 0x06, 0xbe, 0xfe, 0xc7, 0x10, 0x00, 0x00, 0x00, 0x00, 0x00, 0x00, 0x00, 0x00, 0x00, 0x00,
    0x00, 0x00, 0x00, 0x09, 0xf8, 0x00, 0x00, 0x00, 0x00, 0x00, 0x00, 0x00, 0x9f, 0x80, 0x00, 0x00,
    0x00, 0x00, 0xaf, 0x30, 0x00, 0x0a, 0xf3, 0x8f, 0x6a, 0xf3, 0x00, 0x00, 0xaf, 0x38, 0xf6, 0xaf,
    0x30, 0x00, 0x0a, 0xf3, 0x0a, 0x5a, 0xf3, 0x00, 0x00, 0xaf, 0x33, 0xc1, 0xaf, 0x30, 0x00, 0x0a,
    0xfb, 0xa2, 0x0a, 0xf3, 0x00, 0x00, 0xaf, 0x30, 0x00, 0xaf, 0x30, 0x00, 0x0b, 0xf3, 0x00, 0x09,
    0xf5, 0x00, 0x01, 0xef, 0x30, 0x00, 0x7f, 0xc3, 0x03, 0xcf, 0xf3, 0x00, 0x01, 0xef, 0xff, 0xfd,
    0x9f, 0x30, 0x00, 0x03, 0xbe, 0xea, 0x27, 0xf3, 0x00, 0x00, 0x00, 0x00, 0x00, 0x00, 0x00, 0x00,
    0x00, 0x0a, 0xf7, 0x00, 0x00, 0x00, 0x00, 0x00, 0xaf, 0x70, 0x00, 0x00, 0x00, 0x00, 0x00, 0x4f,
    0xe1, 0x00, 0x00, 0x00, 0x00, 0x00, 0x07, 0xf7, 0x00, 0x00, 0x00, 0x00, 0x00, 0x00, 0xae, 0x10,
    0x00, 0x00, 0x00, 0x00, 0x00, 0x00, 0x00, 0x00, 0x00, 0x9f, 0xc0, 0x00, 0x00, 0x00, 0x0c, 0xf8,
    0x1e, 0xf6, 0x00, 0x00, 0x00, 0x6f, 0xc0, 0x05, 0xfe, 0x10, 0x00, 0x01, 0xef, 0x30, 0x00, 0xaf,
    0xa0, 0x00, 0x0a, 0xf8, 0x00, 0x00, 0x2e, 0xf4, 0x00, 0x4f, 0xc0, 0x00, 0x00, 0x06, 0xfc, 0x00,
    0xdf, 0x30, 0x00, 0x00, 0x00, 0xbf, 0x67, 0xf8, 0x00, 0x00, 0x00, 0x00, 0x2e, 0xee, 0xc0, 0x00,
    0x00, 0x00, 0x00, 0x07, 0xff, 0x30, 0x00, 0x00, 0x00, 0x00, 0x02, 0xfd, 0x00, 0x00, 0x00, 0x00,
    0x00, 0x02, 0xfd, 0x00, 0x00, 0x00, 0x00, 0x00, 0x02, 0xfd, 0x00, 0x00, 0x00, 0x00, 0x00, 0x02,
    0xfd, 0x00, 0x00, 0x00, 0x00, 0x00, 0x02, 0xfd, 0x00, 0x00, 0x00, 0x00, 0x00, 0x02, 0xfd, 0x00,
    0x00, 0x00, 0x00, 0x0c, 0xf7, 0x00, 0x00, 0x00, 0x00, 0x2e, 0xe1, 0x00, 0x00, 0x00, 0x00, 0x4f,
    0x60, 0x00, 0x00, 0x00, 0x00, 0x00, 0x00, 0x00, 0x7f, 0x80, 0x00, 0x00, 0xbf, 0x22, 0xfd, 0x00,
    0x00, 0x1f, 0xb0, 0x0b, 0xf3, 0x00, 0x07, 0xf5, 0x00, 0x5f, 0x90, 0x00, 0xce, 0x10, 0x00, 0xee,
    0x00, 0x2f, 0x90, 0x00, 0x09, 0xf4, 0x08, 0xf3, 0x00, 0x00, 0x3f, 0x90, 0xdc, 0x00, 0x00, 0x00,
    0xde, 0x3f, 0x70, 0x00, 0x00, 0x07, 0xfb, 0xf1, 0x00, 0x00, 0x00, 0x2f, 0xfa, 0x00, 0x00, 0x00,
    0x00, 0xbf, 0x50, 0x00, 0x00, 0x00, 0x0b, 0xe0, 0x00, 0x00, 0x00, 0x04, 0xf8, 0x00, 0x00, 0x00,
    0xbc, 0xfe, 0x10, 0x00, 0x00, 0x0a, 0xec, 0x30, 0x00, 0x00, 0x00, 0x9f, 0xc0, 0x00, 0x00, 0x00,
    0x0c, 0xf8, 0x1e, 0xf6, 0x00, 0x00, 0x00, 0x6f, 0xc0, 0x05, 0xfe, 0x10, 0x00, 0x01, 0xef, 0x30,
    0x00, 0xaf, 0xa0, 0x00, 0x0a, 0xf8, 0x00, 0x00, 0x2e, 0xf4, 0x00, 0x4f, 0xc0, 0x00, 0x00, 0x06,
    0xfc, 0x00, 0xdf, 0x30, 0x00, 0x00, 0x00, 0xbf, 0x67, 0xf8, 0x00, 0x00, 0x00, 0x00, 0x2e, 0xee,
    0xc0, 0x00, 0x00, 0x00, 0x00, 0x07, 0xff, 0x30, 0x00, 0x00, 0x00, 0x00, 0x02, 0xfd, 0x00, 0x00,
    0x00, 0x00, 0x00, 0x02, 0xfd, 0x00, 0x00, 0x00, 0x00, 0x00, 0x02, 0xfd, 0x00, 0x00, 0x00, 0x00,
    0x00, 0x02, 0xfd, 0x00, 0x00, 0x00, 0x00, 0x00, 0x02, 0xfd, 0x00, 0x00, 0x00, 0x00, 0x00, 0x02,
    0xfd, 0x00, 0x00, 0x00, 0x00, 0x00, 0x00, 0x00, 0x00, 0x00, 0x00, 0x00, 0x00, 0x03, 0xfe, 0x00,
    0x00, 0x00, 0x00, 0x00, 0x03, 0xfe, 0x00, 0x00, 0x00, 0x7f, 0x80, 0x00, 0x00, 0xbf, 0x22, 0xfd,
    0x00, 0x00, 0x1f, 0xb0, 0x0b, 0xf3, 0x00, 0x07, 0xf5, 0x00, 0x5f, 0x90, 0x00, 0xce, 0x10, 0x00,
    0xee, 0x00, 0x2f, 0x90, 0x00, 0x09, 0xf4, 0x08, 0xf3, 0x00, 0x00, 0x3f, 0x90, 0xdc, 0x00, 0x00,
    0x00, 0xde, 0x3f, 0x70, 0x00, 0x00, 0x07, 0xfb, 0xf1, 0x00, 0x00, 0x00, 0x2f, 0xfa, 0x00, 0x00,
    0x00, 0x00, 0xbf, 0x50, 0x00, 0x00, 0x00, 0x0b, 0xe0, 0x00, 0x00, 0x00, 0x04, 0xf8, 0x0f, 0xf2,
    0x00, 0xbc, 0xfe, 0x10, 0xff, 0x20, 0x0a, 0xec, 0x30, 0x00, 0x00, 0x00, 0x00, 0x00, 0x1f, 0xfd,
    0x70, 0x00, 0x00, 0x00, 0x00, 0x00, 0x1a, 0xf4, 0x00, 0x00, 0x00, 0x00, 0x00, 0xaf, 0xb1, 0x00,
    0x00, 0x00, 0x00, 0x00, 0x00, 0x00, 0x00, 0x00, 0x9f, 0xc0, 0x00, 0x00, 0x00, 0x0c, 0xf8, 0x1e,
    0xf6, 0x00, 0x00, 0x00, 0x6f, 0xc0, 0x05, 0xfe, 0x10, 0x00, 0x01, 0xef, 0x30, 0x00, 0xaf, 0xa0,
    0x00, 0x0a, 0xf8, 0x00, 0x00, 0x2e, 0xf4, 0x00, 0x4f, 0xc0, 0x00, 0x00, 0x06, 0xfc, 0x00, 0xdf,
    0x30, 0x00, 0x00, 0x00, 0xbf, 0x67, 0xf8, 0x00, 0x00, 0x00, 0x00, 0x2e, 0xee, 0xc0, 0x00, 0x00,
    0x00, 0x00, 0x07, 0xff, 0x30, 0x00, 0x00, 0x00, 0x00, 0x02, 0xfd, 0x00, 0x00, 0x00, 0x00, 0x00,
    0x02, 0xfd, 0x00, 0x00, 0x00, 0x00, 0x00, 0x02, 0xfd, 0x00, 0x00, 0x00, 0x00, 0x00, 0x02, 0xfd,
    0x00, 0x00, 0x00, 0x00, 0x00, 0x02, 0xfd, 0x00, 0x00, 0x00, 0x00, 0x00, 0x02, 0xfd, 0x00, 0x00,
    0x00, 0x00, 0x08, 0xfe, 0xb3, 0x00, 0x00, 0x00, 0x00, 0x3f, 0xc0, 0x00, 0x00, 0x00, 0x3f, 0xd5,
    0x00, 0x00, 0x00, 0x00, 0x00, 0x00, 0x00, 0x7f, 0x80, 0x00, 0x00, 0xbf, 0x22, 0xfd, 0x00, 0x00,
    0x1f, 0xb0, 0x0b, 0xf3, 0x00, 0x07, 0xf5, 0x00, 0x5f, 0x90, 0x00, 0xce, 0x10, 0x00, 0xee, 0x00,
    0x2f, 0x90, 0x00, 0x09, 0xf4, 0x08, 0xf3, 0x00, 0x00, 0x3f, 0x90, 0xdc, 0x00, 0x00, 0x00, 0xde,
    0x3f, 0x70, 0x00, 0x00, 0x07, 0xfb, 0xf1, 0x00, 0x00, 0x00, 0x2f, 0xfa, 0x00, 0x00, 0x00, 0x00,
    0xbf, 0x50, 0x00, 0x00, 0x00, 0x0b, 0xe0, 0x00, 0x00, 0x00, 0x04, 0xf8, 0x00, 0x00, 0x00, 0xbc,
    0xfe, 0x10, 0x00, 0x00, 0x0a, 0xec, 0x30, 0x00, 0x00, 0x00, 0x00, 0x00, 0x7e, 0xd8, 0x5d, 0x80,
    0x00, 0x00, 0x02, 0xf7, 0x5b, 0xeb, 0x10, 0x00, 0x00, 0x00, 0x00, 0x00, 0x00, 0x00, 0x00, 0x9f,
    0xc0, 0x00, 0x00, 0x00, 0x0c, 0xf8, 0x1e, 0xf6, 0x00, 0x00, 0x00, 0x6f, 0xc0, 0x05, 0xfe, 0x10,
    0x00, 0x01, 0xef, 0x30, 0x00, 0xaf, 0xa0, 0x00, 0x0a, 0xf8, 0x00, 0x00, 0x2e, 0xf4, 0x00, 0x4f,
    0xc0, 0x00, 0x00, 0x06, 0xfc, 0x00, 0xdf, 0x30, 0x00, 0x00, 0x00, 0xbf, 0x67, 0xf8, 0x00, 0x00,
    0x00, 0x00, 0x2e, 0xee, 0xc0, 0x00, 0x00, 0x00, 0x00, 0x07, 0xff, 0x30, 0x00, 0x00, 0x00, 0x00,
    0x02, 0xfd, 0x00, 0x00, 0x00, 0x00, 0x00, 0x02, 0xfd, 0x00, 0x00, 0x00, 0x00, 0x00, 0x02, 0xfd,
    0x00, 0x00, 0x00, 0x00, 0x00, 0x02, 0xfd, 0x00, 0x00, 0x00, 0x00, 0x00, 0x02, 0xfd, 0x00, 0x00,
    0x00, 0x00, 0x00, 0x02, 0xfd, 0x00, 0x00, 0x00, 0x00, 0x4d, 0xe9, 0x5b, 0xc0, 0x00, 0x0d, 0xa4,
    0x9e, 0xd4, 0x00, 0x00, 0x00, 0x00, 0x00, 0x00, 0x07, 0xf8, 0x00, 0x00, 0x0b, 0xf2, 0x2f, 0xd0,
    0x00, 0x01, 0xfb, 0x00, 0xbf, 0x30, 0x00, 0x7f, 0x50, 0x05, 0xf9, 0x00, 0x0c, 0xe1, 0x00, 0x0e,
    0xe0, 0x02, 0xf9, 0x00, 0x00, 0x9f, 0x40, 0x8f, 0x30, 0x00, 0x03, 0xf9, 0x0d, 0xc0, 0x00, 0x00,
    0x0d, 0xe3, 0xf7, 0x00, 0x00, 0x00, 0x7f, 0xbf, 0x10, 0x00, 0x00, 0x02, 0xff, 0xa0, 0x00, 0x00,
    0x00, 0x0b, 0xf5, 0x00, 0x00, 0x00, 0x00, 0xbe, 0x00, 0x00, 0x00, 0x00, 0x4f, 0x80, 0x00, 0x00,
    0x0b, 0xcf, 0xe1, 0x00, 0x00, 0x00, 0xae, 0xc3, 0x00, 0x00, 0x00,
};

/*---------------------
 *  GLYPH DESCRIPTION
 *--------------------*/
static const lv_font_fmt_txt_glyph_dsc_t glyph_dsc[] = {
    {.bitmap_index = 0, .adv_w = 0, .box_w = 0, .box_h = 0, .ofs_x = 0, .ofs_y = 0},
    {.bitmap_index = 0, .adv_w = 96, .box_w = 0, .box_h = 0, .ofs_x = 0, .ofs_y = 0},
    {.bitmap_index = 0, .adv_w = 96, .box_w = 4, .box_h = 15, .ofs_x = 1, .ofs_y = 0},
    {.bitmap_index = 30, .adv_w = 112, .box_w = 7, .box_h = 5, .ofs_x = 0, .ofs_y = 10},
    {.bitmap_index = 48, .adv_w = 192, .box_w = 12, .box_h = 15, .ofs_x = 0, .ofs_y = 0},
    {.bitmap_index = 138, .adv_w = 192, .box_w = 11, .box_h = 18, .ofs_x = 0, .ofs_y = -2},
    {.bitmap_index = 237, .adv_w = 304, .box_w = 17, .box_h = 15, .ofs_x = 1, .ofs_y = 0},
    {.bitmap_index = 365, .adv_w = 224, .box_w = 14, .box_h = 15, .ofs_x = 0, .ofs_y = 0},
    {.bitmap_index = 470, .adv_w = 64, .box_w = 4, .box_h = 5, .ofs_x = 0, .ofs_y = 10},
    {.bitmap_index = 480, .adv_w = 112, .box_w = 6, .box_h = 19, .ofs_x = 1, .ofs_y = -4},
    {.bitmap_index = 537, .adv_w = 112, .box_w = 6, .box_h = 19, .ofs_x = 1, .ofs_y = -4},
    {.bitmap_index = 594, .adv_w = 128, .box_w = 8, .box_h = 6, .ofs_x = 0, .ofs_y = 9},
    {.bitmap_index = 618, .adv_w = 192, .box_w = 11, .box_h = 10, .ofs_x = 1, .ofs_y = 2},
    {.bitmap_index = 673, .adv_w = 96, .box_w = 3, .box_h = 5, .ofs_x = 1, .ofs_y = -3},
    {.bitmap_index = 681, .adv_w = 112, .box_w = 7, .box_h = 2, .ofs_x = 0, .ofs_y = 4},
    {.bitmap_index = 688, .adv_w = 96, .box_w = 4, .box_h = 2, .ofs_x = 1, .ofs_y = 0},
    {.bitmap_index = 692, .adv_w = 96, .box_w = 6, .box_h = 15, .ofs_x = 0, .ofs_y = 0},
    {.bitmap_index = 737, .adv_w = 192, .box_w = 11, .box_h = 15, .ofs_x = 0, .ofs_y = 0},
    {.bitmap_index = 820, .adv_w = 192, .box_w = 6, .box_h = 15, .ofs_x = 2, .ofs_y = 0},
    {.bitmap_index = 865, .adv_w = 192, .box_w = 11, .box_h = 15, .ofs_x = 0, .ofs_y = 0},
    {.bitmap_index = 948, .adv_w = 192, .box_w = 11, .box_h = 15, .ofs_x = 0, .ofs_y = 0},
    {.bitmap_index = 1031, .adv_w = 192, .box_w = 11, .box_h = 15, .ofs_x = 0, .ofs_y = 0},
    {.bitmap_index = 1114, .adv_w = 192, .box_w = 11, .box_h = 15, .ofs_x = 0, .ofs_y = 0},
    {.bitmap_index = 1197, .adv_w = 192, .box_w = 11, .box_h = 15, .ofs_x = 0, .ofs_y = 0},
    {.bitmap_index = 1280, .adv_w = 192, .box_w = 10, .box_h = 15, .ofs_x = 1, .ofs_y = 0},
    {.bitmap_index = 1355, .adv_w = 192, .box_w = 11, .box_h = 15, .ofs_x = 0, .ofs_y = 0},
    {.bitmap_index = 1438, .adv_w = 192, .box_w = 11, .box_h = 15, .ofs_x = 0, .ofs_y = 0},
    {.bitmap_index = 1521, .adv_w = 96, .box_w = 3, .box_h = 11, .ofs_x = 1, .ofs_y = 0},
    {.bitmap_index = 1538, .adv_w = 96, .box_w = 3, .box_h = 14, .ofs_x = 1, .ofs_y = -3},
    {.bitmap_index = 1559, .adv_w = 192, .box_w = 11, .box_h = 10, .ofs_x = 1, .ofs_y = 3},
    {.bitmap_index = 1614, .adv_w = 192, .box_w = 11, .box_h = 7, .ofs_x = 1, .ofs_y = 4},
    {.bitmap_index = 1653, .adv_w = 192, .box_w = 11, .box_h = 10, .ofs_x = 1, .ofs_y = 3},
    {.bitmap_index = 1708, .adv_w = 192, .box_w = 11, .box_h = 15, .ofs_x = 0, .ofs_y = 0},
    {.bitmap_index = 1791, .adv_w = 336, .box_w = 20, .box_h = 19, .ofs_x = 1, .ofs_y = -4},
    {.bitmap_index = 1981, .adv_w = 224, .box_w = 14, .box_h = 15, .ofs_x = 0, .ofs_y = 0},
    {.bitmap_index = 2086, .adv_w = 224, .box_w = 12, .box_h = 15, .ofs_x = 1, .ofs_y = 0},
    {.bitmap_index = 2176, .adv_w = 240, .box_w = 14, .box_h = 15, .ofs_x = 1, .ofs_y = 0},
    {.bitmap_index = 2281, .adv_w = 240, .box_w = 14, .box_h = 15, .ofs_x = 1, .ofs_y = 0},
    {.bitmap_index = 2386, .adv_w = 224, .box_w = 12, .box_h = 15, .ofs_x = 1, .ofs_y = 0},
    {.bitmap_index = 2476, .adv_w = 208, .box_w = 11, .box_h = 15, .ofs_x = 1, .ofs_y = 0},
    {.bitmap_index = 2559, .adv_w = 256, .box_w = 15, .box_h = 15, .ofs_x = 1, .ofs_y = 0},
    {.bitmap_index = 2672, .adv_w = 240, .box_w = 13, .box_h = 15, .ofs_x = 1, .ofs_y = 0},
    {.bitmap_index = 2770, .adv_w = 96, .box_w = 3, .box_h = 15, .ofs_x = 1, .ofs_y = 0},
    {.bitmap_index = 2793, .adv_w = 176, .box_w = 9, .box_h = 15, .ofs_x = 0, .ofs_y = 0},
    {.bitmap_index = 2861, .adv_w = 224, .box_w = 13, .box_h = 15, .ofs_x = 1, .ofs_y = 0},
    {.bitmap_index = 2959, .adv_w = 192, .box_w = 10, .box_h = 15, .ofs_x = 1, .ofs_y = 0},
    {.bitmap_index = 3034, .adv_w = 288, .box_w = 15, .box_h = 15, .ofs_x = 1, .ofs_y = 0},
    {.bitmap_index = 3147, .adv_w = 240, .box_w = 13, .box_h = 15, .ofs_x = 1, .ofs_y = 0},
    {.bitmap_index = 3245, .adv_w = 256, .box_w = 15, .box_h = 15, .ofs_x = 1, .ofs_y = 0},
    {.bitmap_index = 3358, .adv_w = 224, .box_w = 13, .box_h = 15, .ofs_x = 1, .ofs_y = 0},
    {.bitmap_index = 3456, .adv_w = 256, .box_w = 16, .box_h = 16, .ofs_x = 0, .ofs_y = -1},
    {.bitmap_index = 3584, .adv_w = 240, .box_w = 14, .box_h = 15, .ofs_x = 1, .ofs_y = 0},
    {.bitmap_index = 3689, .adv_w = 224, .box_w = 13, .box_h = 15, .ofs_x = 0, .ofs_y = 0},
    {.bitmap_index = 3787, .adv_w = 208, .box_w = 13, .box_h = 15, .ofs_x = 0, .ofs_y = 0},
    {.bitmap_index = 3885, .adv_w = 240, .box_w = 13, .box_h = 15, .ofs_x = 1, .ofs_y = 0},
    {.bitmap_index = 3983, .adv_w = 224, .box_w = 14, .box_h = 15, .ofs_x = 0, .ofs_y = 0},
    {.bitmap_index = 4088, .adv_w = 320, .box_w = 20, .box_h = 15, .ofs_x = 0, .ofs_y = 0},
    {.bitmap_index = 4238, .adv_w = 224, .box_w = 14, .box_h = 15, .ofs_x = 0, .ofs_y = 0},
    {.bitmap_index = 4343, .adv_w = 224, .box_w = 14, .box_h = 15, .ofs_x = 0, .ofs_y = 0},
    {.bitmap_index = 4448, .adv_w = 208, .box_w = 13, .box_h = 15, .ofs_x = 0, .ofs_y = 0},
    {.bitmap_index = 4546, .adv_w = 96, .box_w = 5, .box_h = 19, .ofs_x = 1, .ofs_y = -4},
    {.bitmap_index = 4594, .adv_w = 96, .box_w = 6, .box_h = 15, .ofs_x = 0, .ofs_y = 0},
    {.bitmap_index = 4639, .adv_w = 96, .box_w = 5, .box_h = 19, .ofs_x = 0, .ofs_y = -4},
    {.bitmap_index = 4687, .adv_w = 160, .box_w = 10, .box_h = 8, .ofs_x = 0, .ofs_y = 7},
    {.bitmap_index = 4727, .adv_w = 192, .box_w = 13, .box_h = 2, .ofs_x = -1, .ofs_y = -5},
    {.bitmap_index = 4740, .adv_w = 112, .box_w = 5, .box_h = 3, .ofs_x = 0, .ofs_y = 12},
    {.bitmap_index = 4748, .adv_w = 192, .box_w = 11, .box_h = 11, .ofs_x = 0, .ofs_y = 0},
    {.bitmap_index = 4809, .adv_w = 192, .box_w = 10, .box_h = 15, .ofs_x = 1, .ofs_y = 0},
    {.bitmap_index = 4884, .adv_w = 176, .box_w = 11, .box_h = 11, .ofs_x = 0, .ofs_y = 0},
    {.bitmap_index = 4945, .adv_w = 192, .box_w = 11, .box_h = 15, .ofs_x = 0, .ofs_y = 0},
    {.bitmap_index = 5028, .adv_w = 192, .box_w = 11, .box_h = 11, .ofs_x = 0, .ofs_y = 0},
    {.bitmap_index = 5089, .adv_w = 96, .box_w = 7, .box_h = 15, .ofs_x = 0, .ofs_y = 0},
    {.bitmap_index = 5142, .adv_w = 192, .box_w = 11, .box_h = 15, .ofs_x = 0, .ofs_y = -4},
    {.bitmap_index = 5225, .adv_w = 192, .box_w = 10, .box_h = 15, .ofs_x = 1, .ofs_y = 0},
    {.bitmap_index = 5300, .adv_w = 80, .box_w = 3, .box_h = 15, .ofs_x = 1, .ofs_y = 0},
    {.bitmap_index = 5323, .adv_w = 80, .box_w = 5, .box_h = 19, .ofs_x = -1, .ofs_y = -4},
    {.bitmap_index = 5371, .adv_w = 176, .box_w = 10, .box_h = 15, .ofs_x = 1, .ofs_y = 0},
    {.bitmap_index = 5446, .adv_w = 80, .box_w = 3, .box_h = 15, .ofs_x = 1, .ofs_y = 0},
    {.bitmap_index = 5469, .adv_w = 288, .box_w = 16, .box_h = 11, .ofs_x = 1, .ofs_y = 0},
    {.bitmap_index = 5557, .adv_w = 192, .box_w = 10, .box_h = 11, .ofs_x = 1, .ofs_y = 0},
    {.bitmap_index = 5612, .adv_w = 192, .box_w = 11, .box_h = 11, .ofs_x = 0, .ofs_y = 0},
    {.bitmap_index = 5673, .adv_w = 192, .box_w = 10, .box_h = 15, .ofs_x = 1, .ofs_y = -4},
    {.bitmap_index = 5748, .adv_w = 192, .box_w = 11, .box_h = 15, .ofs_x = 0, .ofs_y = -4},
    {.bitmap_index = 5831, .adv_w = 112, .box_w = 7, .box_h = 11, .ofs_x = 1, .ofs_y = 0},
    {.bitmap_index = 5870, .adv_w = 176, .box_w = 10, .box_h = 11, .ofs_x = 0, .ofs_y = 0},
    {.bitmap_index = 5925, .adv_w = 96, .box_w = 6, .box_h = 15, .ofs_x = 0, .ofs_y = 0},
    {.bitmap_index = 5970, .adv_w = 192, .box_w = 10, .box_h = 11, .ofs_x = 1, .ofs_y = 0},
    {.bitmap_index = 6025, .adv_w = 176, .box_w = 11, .box_h = 11, .ofs_x = 0, .ofs_y = 0},
    {.bitmap_index = 6086, .adv_w = 240, .box_w = 15, .box_h = 11, .ofs_x = 0, .ofs_y = 0},
    {.bitmap_index = 6169, .adv_w = 176, .box_w = 11, .box_h = 11, .ofs_x = 0, .ofs_y = 0},
    {.bitmap_index = 6230, .adv_w = 176, .box_w = 11, .box_h = 15, .ofs_x = 0, .ofs_y = -4},
    {.bitmap_index = 6313, .adv_w = 176, .box_w = 11, .box_h = 11, .ofs_x = 0, .ofs_y = 0},
    {.bitmap_index = 6374, .adv_w = 112, .box_w = 7, .box_h = 19, .ofs_x = 0, .ofs_y = -4},
    {.bitmap_index = 6441, .adv_w = 80, .box_w = 3, .box_h = 19, .ofs_x = 1, .ofs_y = -4},
    {.bitmap_index = 6470, .adv_w = 112, .box_w = 7, .box_h = 19, .ofs_x = 0, .ofs_y = -4},
    {.bitmap_index = 6537, .adv_w = 192, .box_w = 12, .box_h = 3, .ofs_x = 0, .ofs_y = 6},
    {.bitmap_index = 6555, .adv_w = 224, .box_w = 14, .box_h = 19, .ofs_x = 0, .ofs_y = 0},
    {.bitmap_index = 6688, .adv_w = 224, .box_w = 14, .box_h = 19, .ofs_x = 0, .ofs_y = 0},
    {.bitmap_index = 6821, .adv_w = 224, .box_w = 14, .box_h = 19, .ofs_x = 0, .ofs_y = 0},
    {.bitmap_index = 6954, .adv_w = 224, .box_w = 14, .box_h = 18, .ofs_x = 0, .ofs_y = 0},
    {.bitmap_index = 7080, .adv_w = 224, .box_w = 12, .box_h = 19, .ofs_x = 1, .ofs_y = 0},
    {.bitmap_index = 7194, .adv_w = 224, .box_w = 12, .box_h = 19, .ofs_x = 1, .ofs_y = 0},
    {.bitmap_index = 7308, .adv_w = 224, .box_w = 12, .box_h = 19, .ofs_x = 1, .ofs_y = 0},
    {.bitmap_index = 7422, .adv_w = 96, .box_w = 5, .box_h = 19, .ofs_x = 0, .ofs_y = 0},
    {.bitmap_index = 7470, .adv_w = 96, .box_w = 5, .box_h = 19, .ofs_x = 1, .ofs_y = 0},
    {.bitmap_index = 7518, .adv_w = 256, .box_w = 15, .box_h = 19, .ofs_x = 1, .ofs_y = 0},
    {.bitmap_index = 7661, .adv_w = 256, .box_w = 15, .box_h = 19, .ofs_x = 1, .ofs_y = 0},
    {.bitmap_index = 7804, .adv_w = 256, .box_w = 15, .box_h = 19, .ofs_x = 1, .ofs_y = 0},
    {.bitmap_index = 7947, .adv_w = 256, .box_w = 15, .box_h = 18, .ofs_x = 1, .ofs_y = 0},
    {.bitmap_index = 8082, .adv_w = 240, .box_w = 13, .box_h = 19, .ofs_x = 1, .ofs_y = 0},
    {.bitmap_index = 8206, .adv_w = 240, .box_w = 13, .box_h = 19, .ofs_x = 1, .ofs_y = 0},
    {.bitmap_index = 8330, .adv_w = 224, .box_w = 14, .box_h = 19, .ofs_x = 0, .ofs_y = 0},
    {.bitmap_index = 8463, .adv_w = 192, .box_w = 11, .box_h = 15, .ofs_x = 0, .ofs_y = 0},
    {.bitmap_index = 8546, .adv_w = 192, .box_w = 11, .box_h = 15, .ofs_x = 0, .ofs_y = 0},
    {.bitmap_index = 8629, .adv_w = 192, .box_w = 11, .box_h = 15, .ofs_x = 0, .ofs_y = 0},
    {.bitmap_index = 8712, .adv_w = 192, .box_w = 11, .box_h = 14, .ofs_x = 0, .ofs_y = 0},
    {.bitmap_index = 8789, .adv_w = 192, .box_w = 11, .box_h = 15, .ofs_x = 0, .ofs_y = 0},
    {.bitmap_index = 8872, .adv_w = 192, .box_w = 11, .box_h = 15, .ofs_x = 0, .ofs_y = 0},
    {.bitmap_index = 8955, .adv_w = 192, .box_w = 11, .box_h = 15, .ofs_x = 0, .ofs_y = 0},
    {.bitmap_index = 9038, .adv_w = 96, .box_w = 5, .box_h = 15, .ofs_x = 0, .ofs_y = 0},
    {.bitmap_index = 9076, .adv_w = 96, .box_w = 5, .box_h = 15, .ofs_x = 1, .ofs_y = 0},
    {.bitmap_index = 9114, .adv_w = 192, .box_w = 11, .box_h = 15, .ofs_x = 0, .ofs_y = 0},
    {.bitmap_index = 9197, .adv_w = 192, .box_w = 11, .box_h = 15, .ofs_x = 0, .ofs_y = 0},
    {.bitmap_index = 9280, .adv_w = 192, .box_w = 11, .box_h = 15, .ofs_x = 0, .ofs_y = 0},
    {.bitmap_index = 9363, .adv_w = 192, .box_w = 11, .box_h = 14, .ofs_x = 0, .ofs_y = 0},
    {.bitmap_index = 9440, .adv_w = 192, .box_w = 10, .box_h = 15, .ofs_x = 1, .ofs_y = 0},
    {.bitmap_index = 9515, .adv_w = 192, .box_w = 10, .box_h = 15, .ofs_x = 1, .ofs_y = 0},
    {.bitmap_index = 9590, .adv_w = 176, .box_w = 11, .box_h = 19, .ofs_x = 0, .ofs_y = -4},
    {.bitmap_index = 9695, .adv_w = 224, .box_w = 14, .box_h = 19, .ofs_x = 0, .ofs_y = 0},
    {.bitmap_index = 9828, .adv_w = 192, .box_w = 11, .box_h = 15, .ofs_x = 0, .ofs_y = 0},
    {.bitmap_index = 9911, .adv_w = 240, .box_w = 16, .box_h = 15, .ofs_x = -1, .ofs_y = 0},
    {.bitmap_index = 10031, .adv_w = 192, .box_w = 12, .box_h = 15, .ofs_x = 0, .ofs_y = 0},
    {.bitmap_index = 10121, .adv_w = 96, .box_w = 8, .box_h = 18, .ofs_x = -1, .ofs_y = 0},
    {.bitmap_index = 10193, .adv_w = 96, .box_w = 8, .box_h = 14, .ofs_x = -1, .ofs_y = 0},
    {.bitmap_index = 10249, .adv_w = 240, .box_w = 13, .box_h = 18, .ofs_x = 1, .ofs_y = 0},
    {.bitmap_index = 10366, .adv_w = 192, .box_w = 10, .box_h = 14, .ofs_x = 1, .ofs_y = 0},
    {.bitmap_index = 10436, .adv_w = 288, .box_w = 17, .box_h = 15, .ofs_x = 1, .ofs_y = 0},
    {.bitmap_index = 10564, .adv_w = 224, .box_w = 14, .box_h = 11, .ofs_x = 0, .ofs_y = 0},
    {.bitmap_index = 10641, .adv_w = 288, .box_w = 17, .box_h = 15, .ofs_x = 1, .ofs_y = 0},
    {.bitmap_index = 10769, .adv_w = 224, .box_w = 13, .box_h = 11, .ofs_x = 1, .ofs_y = 0},
    {.bitmap_index = 10841, .adv_w = 224, .box_w = 14, .box_h = 18, .ofs_x = 0, .ofs_y = -3},
    {.bitmap_index = 10967, .adv_w = 192, .box_w = 11, .box_h = 14, .ofs_x = 0, .ofs_y = -3},
    {.bitmap_index = 11044, .adv_w = 224, .box_w = 14, .box_h = 19, .ofs_x = 0, .ofs_y = 0},
    {.bitmap_index = 11177, .adv_w = 192, .box_w = 11, .box_h = 15, .ofs_x = 0, .ofs_y = 0},
    {.bitmap_index = 11260, .adv_w = 224, .box_w = 14, .box_h = 19, .ofs_x = 0, .ofs_y = 0},
    {.bitmap_index = 11393, .adv_w = 192, .box_w = 11, .box_h = 19, .ofs_x = 0, .ofs_y = 0},
    {.bitmap_index = 11498, .adv_w = 224, .box_w = 14, .box_h = 19, .ofs_x = 0, .ofs_y = 0},
    {.bitmap_index = 11631, .adv_w = 192, .box_w = 11, .box_h = 19, .ofs_x = 0, .ofs_y = 0},
    {.bitmap_index = 11736, .adv_w = 224, .box_w = 14, .box_h = 19, .ofs_x = 0, .ofs_y = 0},
    {.bitmap_index = 11869, .adv_w = 192, .box_w = 11, .box_h = 19, .ofs_x = 0, .ofs_y = 0},
    {.bitmap_index = 11974, .adv_w = 224, .box_w = 14, .box_h = 19, .ofs_x = 0, .ofs_y = 0},
    {.bitmap_index = 12107, .adv_w = 192, .box_w = 11, .box_h = 18, .ofs_x = 0, .ofs_y = 0},
    {.bitmap_index = 12206, .adv_w = 224, .box_w = 14, .box_h = 21, .ofs_x = 0, .ofs_y = -3},
    {.bitmap_index = 12353, .adv_w = 192, .box_w = 11, .box_h = 18, .ofs_x = 0, .ofs_y = -3},
    {.bitmap_index = 12452, .adv_w = 224, .box_w = 14, .box_h = 19, .ofs_x = 0, .ofs_y = 0},
    {.bitmap_index = 12585, .adv_w = 192, .box_w = 11, .box_h = 19, .ofs_x = 0, .ofs_y = 0},
    {.bitmap_index = 12690, .adv_w = 224, .box_w = 14, .box_h = 19, .ofs_x = 0, .ofs_y = 0},
    {.bitmap_index = 12823, .adv_w = 192, .box_w = 11, .box_h = 19, .ofs_x = 0, .ofs_y = 0},
    {.bitmap_index = 12928, .adv_w = 224, .box_w = 14, .box_h = 19, .ofs_x = 0, .ofs_y = 0},
    {.bitmap_index = 13061, .adv_w = 192, .box_w = 11, .box_h = 19, .ofs_x = 0, .ofs_y = 0},
    {.bitmap_index = 13166, .adv_w = 224, .box_w = 14, .box_h = 19, .ofs_x = 0, .ofs_y = 0},
    {.bitmap_index = 13299, .adv_w = 192, .box_w = 11, .box_h = 18, .ofs_x = 0, .ofs_y = 0},
    {.bitmap_index = 13398, .adv_w = 224, .box_w = 14, .box_h = 21, .ofs_x = 0, .ofs_y = -3},
    {.bitmap_index = 13545, .adv_w = 192, .box_w = 11, .box_h = 18, .ofs_x = 0, .ofs_y = -3},
    {.bitmap_index = 13644, .adv_w = 224, .box_w = 12, .box_h = 18, .ofs_x = 1, .ofs_y = -3},
    {.bitmap_index = 13752, .adv_w = 192, .box_w = 11, .box_h = 14, .ofs_x = 0, .ofs_y = -3},
    {.bitmap_index = 13829, .adv_w = 224, .box_w = 12, .box_h = 19, .ofs_x = 1, .ofs_y = 0},
    {.bitmap_index = 13943, .adv_w = 192, .box_w = 11, .box_h = 15, .ofs_x = 0, .ofs_y = 0},
    {.bitmap_index = 14026, .adv_w = 224, .box_w = 12, .box_h = 18, .ofs_x = 1, .ofs_y = 0},
    {.bitmap_index = 14134, .adv_w = 192, .box_w = 11, .box_h = 14, .ofs_x = 0, .ofs_y = 0},
    {.bitmap_index = 14211, .adv_w = 224, .box_w = 12, .box_h = 19, .ofs_x = 1, .ofs_y = 0},
    {.bitmap_index = 14325, .adv_w = 192, .box_w = 11, .box_h = 19, .ofs_x = 0, .ofs_y = 0},
    {.bitmap_index = 14430, .adv_w = 224, .box_w = 12, .box_h = 19, .ofs_x = 1, .ofs_y = 0},
    {.bitmap_index = 14544, .adv_w = 192, .box_w = 11, .box_h = 19, .ofs_x = 0, .ofs_y = 0},
    {.bitmap_index = 14649, .adv_w = 224, .box_w = 12, .box_h = 19, .ofs_x = 1, .ofs_y = 0},
    {.bitmap_index = 14763, .adv_w = 192, .box_w = 11, .box_h = 19, .ofs_x = 0, .ofs_y = 0},
    {.bitmap_index = 14868, .adv_w = 224, .box_w = 12, .box_h = 19, .ofs_x = 1, .ofs_y = 0},
    {.bitmap_index = 14982, .adv_w = 192, .box_w = 11, .box_h = 18, .ofs_x = 0, .ofs_y = 0},
    {.bitmap_index = 15081, .adv_w = 224, .box_w = 12, .box_h = 21, .ofs_x = 1, .ofs_y = -3},
    {.bitmap_index = 15207, .adv_w = 192, .box_w = 11, .box_h = 18, .ofs_x = 0, .ofs_y = -3},
    {.bitmap_index = 15306, .adv_w = 96, .box_w = 5, .box_h = 19, .ofs_x = 1, .ofs_y = 0},
    {.bitmap_index = 15354, .adv_w = 80, .box_w = 5, .box_h = 15, .ofs_x = 0, .ofs_y = 0},
    {.bitmap_index = 15392, .adv_w = 96, .box_w = 4, .box_h = 18, .ofs_x = 1, .ofs_y = -3},
    {.bitmap_index = 15428, .adv_w = 80, .box_w = 3, .box_h = 18, .ofs_x = 1, .ofs_y = -3},
    {.bitmap_index = 15455, .adv_w = 256, .box_w = 15, .box_h = 18, .ofs_x = 1, .ofs_y = -3},
    {.bitmap_index = 15590, .adv_w = 192, .box_w = 11, .box_h = 14, .ofs_x = 0, .ofs_y = -3},
    {.bitmap_index = 15667, .adv_w = 256, .box_w = 15, .box_h = 19, .ofs_x = 1, .ofs_y = 0},
    {.bitmap_index = 15810, .adv_w = 192, .box_w = 11, .box_h = 15, .ofs_x = 0, .ofs_y = 0},
    {.bitmap_index = 15893, .adv_w = 256, .box_w = 15, .box_h = 19, .ofs_x = 1, .ofs_y = 0},
    {.bitmap_index = 16036, .adv_w = 192, .box_w = 11, .box_h = 19, .ofs_x = 0, .ofs_y = 0},
    {.bitmap_index = 16141, .adv_w = 256, .box_w = 15, .box_h = 19, .ofs_x = 1, .ofs_y = 0},
    {.bitmap_index = 16284, .adv_w = 192, .box_w = 11, .box_h = 19, .ofs_x = 0, .ofs_y = 0},
    {.bitmap_index = 16389, .adv_w = 256, .box_w = 15, .box_h = 19, .ofs_x = 1, .ofs_y = 0},
    {.bitmap_index = 16532, .adv_w = 192, .box_w = 11, .box_h = 19, .ofs_x = 0, .ofs_y = 0},
    {.bitmap_index = 16637, .adv_w = 256, .box_w = 15, .box_h = 19, .ofs_x = 1, .ofs_y = 0},
    {.bitmap_index = 16780, .adv_w = 192, .box_w = 11, .box_h = 18, .ofs_x = 0, .ofs_y = 0},
    {.bitmap_index = 16879, .adv_w = 256, .box_w = 15, .box_h = 21, .ofs_x = 1, .ofs_y = -3},
    {.bitmap_index = 17037, .adv_w = 192, .box_w = 11, .box_h = 18, .ofs_x = 0, .ofs_y = -3},
    {.bitmap_index = 17136, .adv_w = 288, .box_w = 17, .box_h = 19, .ofs_x = 1, .ofs_y = 0},
    {.bitmap_index = 17298, .adv_w = 224, .box_w = 14, .box_h = 15, .ofs_x = 0, .ofs_y = 0},
    {.bitmap_index = 17403, .adv_w = 288, .box_w = 17, .box_h = 19, .ofs_x = 1, .ofs_y = 0},
    {.bitmap_index = 17565, .adv_w = 224, .box_w = 14, .box_h = 15, .ofs_x = 0, .ofs_y = 0},
    {.bitmap_index = 17670, .adv_w = 288, .box_w = 17, .box_h = 19, .ofs_x = 1, .ofs_y = 0},
    {.bitmap_index = 17832, .adv_w = 224, .box_w = 14, .box_h = 15, .ofs_x = 0, .ofs_y = 0},
    {.bitmap_index = 17937, .adv_w = 288, .box_w = 17, .box_h = 18, .ofs_x = 1, .ofs_y = 0},
    {.bitmap_index = 18090, .adv_w = 224, .box_w = 14, .box_h = 14, .ofs_x = 0, .ofs_y = 0},
    {.bitmap_index = 18188, .adv_w = 288, .box_w = 17, .box_h = 18, .ofs_x = 1, .ofs_y = -3},
    {.bitmap_index = 18341, .adv_w = 224, .box_w = 14, .box_h = 14, .ofs_x = 0, .ofs_y = -3},
    {.bitmap_index = 18439, .adv_w = 240, .box_w = 13, .box_h = 18, .ofs_x = 1, .ofs_y = -3},
    {.bitmap_index = 18556, .adv_w = 192, .box_w = 10, .box_h = 14, .ofs_x = 1, .ofs_y = -3},
    {.bitmap_index = 18626, .adv_w = 240, .box_w = 13, .box_h = 19, .ofs_x = 1, .ofs_y = 0},
    {.bitmap_index = 18750, .adv_w = 192, .box_w = 10, .box_h = 15, .ofs_x = 1, .ofs_y = 0},
    {.bitmap_index = 18825, .adv_w = 288, .box_w = 17, .box_h = 19, .ofs_x = 1, .ofs_y = 0},
    {.bitmap_index = 18987, .adv_w = 224, .box_w = 13, .box_h = 15, .ofs_x = 1, .ofs_y = 0},
    {.bitmap_index = 19085, .adv_w = 288, .box_w = 17, .box_h = 19, .ofs_x = 1, .ofs_y = 0},
    {.bitmap_index = 19247, .adv_w = 224, .box_w = 13, .box_h = 15, .ofs_x = 1, .ofs_y = 0},
    {.bitmap_index = 19345, .adv_w = 288, .box_w = 17, .box_h = 19, .ofs_x = 1, .ofs_y = 0},
    {.bitmap_index = 19507, .adv_w = 224, .box_w = 13, .box_h = 15, .ofs_x = 1, .ofs_y = 0},
    {.bitmap_index = 19605, .adv_w = 288, .box_w = 17, .box_h = 18, .ofs_x = 1, .ofs_y = 0},
    {.bitmap_index = 19758, .adv_w = 224, .box_w = 13, .box_h = 14, .ofs_x = 1, .ofs_y = 0},
    {.bitmap_index = 19849, .adv_w = 288, .box_w = 17, .box_h = 18, .ofs_x = 1, .ofs_y = -3},
    {.bitmap_index = 20002, .adv_w = 224, .box_w = 13, .box_h = 14, .ofs_x = 1, .ofs_y = -3},
    {.bitmap_index = 20093, .adv_w = 224, .box_w = 14, .box_h = 19, .ofs_x = 0, .ofs_y = 0},
    {.bitmap_index = 20226, .adv_w = 176, .box_w = 11, .box_h = 19, .ofs_x = 0, .ofs_y = -4},
    {.bitmap_index = 20331, .adv_w = 224, .box_w = 14, .box_h = 18, .ofs_x = 0, .ofs_y = -3},
    {.bitmap_index = 20457, .adv_w = 176, .box_w = 11, .box_h = 15, .ofs_x = 0, .ofs_y = -4},
    {.bitmap_index = 20540, .adv_w = 224, .box_w = 14, .box_h = 19, .ofs_x = 0, .ofs_y = 0},
    {.bitmap_index = 20673, .adv_w = 176, .box_w = 11, .box_h = 19, .ofs_x = 0, .ofs_y = -4},
    {.bitmap_index = 20778, .adv_w = 224, .box_w = 14, .box_h = 18, .ofs_x = 0, .ofs_y = 0},
    {.bitmap_index = 20904, .adv_w = 176, .box_w = 11, .box_h = 18, .ofs_x = 0, .ofs_y = -4},
};

/*---------------------
 *  CHARACTER MAPPING
 *--------------------*/
static const uint16_t unicode_list_vn[] = {
    0, 1, 2, 3, 8, 9, 10, 12, 13, 18, 19, 20,
    21, 25, 26, 29, 32, 33, 34, 35, 40, 41, 42, 44,
    45, 50, 51, 52, 53, 57, 58, 61, 66, 67, 80, 81,
    104, 105, 168, 169, 224, 225, 239, 240, 7648, 7649, 7650, 7651,
    7652, 7653, 7654, 7655, 7656, 7657, 7658, 7659, 7660, 7661, 7662, 7663,
    7664, 7665, 7666, 7667, 7668, 7669, 7670, 7671, 7672, 7673, 7674, 7675,
    7676, 7677, 7678, 7679, 7680, 7681, 7682, 7683, 7684, 7685, 7686, 7687,
    7688, 7689, 7690, 7691, 7692, 7693, 7694, 7695, 7696, 7697, 7698, 7699,
    7700, 7701, 7702, 7703, 7704, 7705, 7706, 7707, 7708, 7709, 7710, 7711,
    7712, 7713, 7714, 7715, 7716, 7717, 7718, 7719, 7720, 7721, 7722, 7723,
    7724, 7725, 7726, 7727, 7728, 7729, 7730, 7731, 7732, 7733, 7734, 7735,
    7736, 7737,
};

static const lv_font_fmt_txt_cmap_t cmaps[] = {
    {
        .range_start = 0x20, .range_length = 95, .glyph_id_start = 1,
        .unicode_list = NULL, .glyph_id_ofs_list = NULL, .list_length = 0, .type = LV_FONT_FMT_TXT_CMAP_FORMAT0_TINY
    },
    {
        .range_start = 192, .range_length = 7738, .glyph_id_start = 96,
        .unicode_list = unicode_list_vn, .glyph_id_ofs_list = NULL, .list_length = 134, .type = LV_FONT_FMT_TXT_CMAP_SPARSE_TINY
    }
};

/*--------------------
 *  ALL CUSTOM DATA
 *--------------------*/
static const lv_font_fmt_txt_dsc_t font_dsc = {
    .glyph_bitmap = glyph_bitmap,
    .glyph_dsc = glyph_dsc,
    .cmaps = cmaps,
    .kern_dsc = NULL,
    .kern_scale = 0,
    .cmap_num = 2,
    .bpp = 4,
    .kern_classes = 0,
    .bitmap_format = 0,
};

/*-----------------
 *  PUBLIC FONT
 *----------------*/
const lv_font_t lv_font_vn_21 = {
    .get_glyph_dsc = lv_font_get_glyph_dsc_fmt_txt,
    .get_glyph_bitmap = lv_font_get_bitmap_fmt_txt,
    .line_height = 25,
    .base_line = 5,
    .subpx = LV_FONT_SUBPX_NONE,
    .underline_position = 0,
    .underline_thickness = 0,
    .dsc = &font_dsc,
    .fallback = &lv_font_montserrat_22,  /* symbols + any missing glyph fall back here */
};

#endif /* LV_FONT_VN_21 */

#endif /* VIETHUD_P4 */
