#ifdef VIETHUD_P4 /* 1.5x fonts for the P4 native-resolution UI (src/ui/UiScale.h) */
/******************************************************************************
 * LVGL v9 font: ASCII (0x20-0x7E) + full Vietnamese repertoire
 * Size: 30 px  Bpp: 4  Source: arial.ttf
 *
 * GENERATED by tools/fonts/gen_vn_font.py -- do NOT hand-edit. Re-run the
 * generator to change size/subset. bpp=4 PLAIN, TINY(ascii)+SPARSE(vn) cmaps
 * (the only combo this project's pinned lvgl 9.2.2 decoder renders correctly).
 ******************************************************************************/

#ifdef LV_LVGL_H_INCLUDE_SIMPLE
    #include "lvgl.h"
#else
    #include "lvgl/lvgl.h"
#endif

#ifndef LV_FONT_VN_30
#define LV_FONT_VN_30 1
#endif

#if LV_FONT_VN_30

/*-----------------
 *    BITMAPS
 *----------------*/
static LV_ATTRIBUTE_LARGE_CONST const uint8_t glyph_bitmap[] = {
    0x6f, 0xfd, 0x6f, 0xfd, 0x6f, 0xfd, 0x6f, 0xfd, 0x6f, 0xfd, 0x6f, 0xfc, 0x5f, 0xfb, 0x4f, 0xfa,
    0x3f, 0xf9, 0x2f, 0xf8, 0x1f, 0xf7, 0x0f, 0xf6, 0x0e, 0xf5, 0x0d, 0xf5, 0x0c, 0xf4, 0x0b, 0xf3,
    0x0a, 0xf2, 0x00, 0x00, 0x00, 0x00, 0x4f, 0xfb, 0x4f, 0xfb, 0x4f, 0xfb, 0x9f, 0xf6, 0x0c, 0xff,
    0x49, 0xff, 0x60, 0xcf, 0xf4, 0x9f, 0xf6, 0x0c, 0xff, 0x49, 0xff, 0x60, 0xbf, 0xf4, 0x7f, 0xf4,
    0x0a, 0xff, 0x25, 0xff, 0x10, 0x7f, 0xe0, 0x2f, 0xe0, 0x04, 0xfc, 0x00, 0xfc, 0x00, 0x2f, 0x90,
    0x00, 0x00, 0x01, 0xff, 0x20, 0x00, 0x4f, 0xe0, 0x00, 0x00, 0x00, 0x5f, 0xd0, 0x00, 0x07, 0xfb,
    0x00, 0x00, 0x00, 0x08, 0xfa, 0x00, 0x00, 0xbf, 0x80, 0x00, 0x00, 0x00, 0xbf, 0x70, 0x00, 0x0e,
    0xf4, 0x00, 0x00, 0x00, 0x0e, 0xf4, 0x00, 0x02, 0xff, 0x10, 0x00, 0x00, 0x02, 0xff, 0x10, 0x00,
    0x5f, 0xd0, 0x00, 0xaf, 0xff, 0xff, 0xff, 0xff, 0xff, 0xff, 0xff, 0x4a, 0xff, 0xff, 0xff, 0xff,
    0xff, 0xff, 0xff, 0xf4, 0x34, 0x44, 0xcf, 0x94, 0x44, 0x4e, 0xf7, 0x44, 0x10, 0x00, 0x0e, 0xf4,
    0x00, 0x02, 0xff, 0x10, 0x00, 0x00, 0x02, 0xff, 0x10, 0x00, 0x5f, 0xe0, 0x00, 0x00, 0x00, 0x5f,
    0xd0, 0x00, 0x08, 0xfb, 0x00, 0x00, 0x00, 0x07, 0xfb, 0x00, 0x00, 0xaf, 0x80, 0x00, 0x00, 0x00,
    0xaf, 0x80, 0x00, 0x0d, 0xf5, 0x00, 0x00, 0xaf, 0xff, 0xff, 0xff, 0xff, 0xff, 0xff, 0xff, 0x4a,
    0xff, 0xff, 0xff, 0xff, 0xff, 0xff, 0xff, 0xf4, 0x34, 0x7f, 0xe4, 0x44, 0x49, 0xfc, 0x44, 0x44,
    0x10, 0x07, 0xfb, 0x00, 0x00, 0xaf, 0x80, 0x00, 0x00, 0x00, 0xbf, 0x70, 0x00, 0x0e, 0xf4, 0x00,
    0x00, 0x00, 0x0e, 0xf4, 0x00, 0x02, 0xff, 0x10, 0x00, 0x00, 0x02, 0xff, 0x10, 0x00, 0x5f, 0xd0,
    0x00, 0x00, 0x00, 0x6f, 0xc0, 0x00, 0x08, 0xf9, 0x00, 0x00, 0x00, 0x00, 0x00, 0x00, 0x8f, 0x00,
    0x00, 0x00, 0x00, 0x00, 0x39, 0xdf, 0xfd, 0xa4, 0x00, 0x00, 0x00, 0x8f, 0xff, 0xff, 0xff, 0xfa,
    0x00, 0x00, 0x6f, 0xfe, 0x8a, 0xf7, 0xdf, 0xf9, 0x00, 0x0e, 0xfe, 0x20, 0x8f, 0x01, 0xdf, 0xf2,
    0x04, 0xff, 0x60, 0x08, 0xf0, 0x06, 0xff, 0x80, 0x6f, 0xf3, 0x00, 0x8f, 0x00, 0x1e, 0xc7, 0x06,
    0xff, 0x50, 0x08, 0xf0, 0x00, 0x00, 0x00, 0x4f, 0xfc, 0x10, 0x8f, 0x00, 0x00, 0x00, 0x00, 0xdf,
    0xfc, 0x58, 0xf0, 0x00, 0x00, 0x00, 0x04, 0xff, 0xff, 0xff, 0x84, 0x00, 0x00, 0x00, 0x04, 0xdf,
    0xff, 0xff, 0xfe, 0x60, 0x00, 0x00, 0x00, 0x6b, 0xff, 0xff, 0xff, 0xa0, 0x00, 0x00, 0x00, 0x08,
    0xf8, 0xef, 0xff, 0x70, 0x00, 0x00, 0x00, 0x8f, 0x00, 0x8f, 0xfe, 0x00, 0x00, 0x00, 0x08, 0xf0,
    0x00, 0xcf, 0xf3, 0x8c, 0xb0, 0x00, 0x8f, 0x00, 0x08, 0xff, 0x4b, 0xff, 0x10, 0x08, 0xf0, 0x00,
    0x8f, 0xf3, 0x8f, 0xf6, 0x00, 0x8f, 0x00, 0x0c, 0xfe, 0x02, 0xff, 0xe3, 0x08, 0xf0, 0x07, 0xff,
    0x90, 0x08, 0xff, 0xe8, 0xaf, 0x6b, 0xff, 0xd1, 0x00, 0x08, 0xff, 0xff, 0xff, 0xff, 0xd2, 0x00,
    0x00, 0x03, 0x9c, 0xff, 0xec, 0x70, 0x00, 0x00, 0x00, 0x00, 0x08, 0xf0, 0x00, 0x00, 0x00, 0x00,
    0x00, 0x00, 0x8f, 0x00, 0x00, 0x00, 0x00, 0x00, 0x00, 0x08, 0xf0, 0x00, 0x00, 0x00, 0x00, 0x19,
    0xef, 0xc6, 0x00, 0x00, 0x00, 0x00, 0x3f, 0xe1, 0x00, 0x00, 0x01, 0xdf, 0xfd, 0xff, 0x80, 0x00,
    0x00, 0x00, 0xbf, 0x70, 0x00, 0x00, 0x08, 0xfd, 0x20, 0x5f, 0xf3, 0x00, 0x00, 0x04, 0xfd, 0x00,
    0x00, 0x00, 0x0e, 0xf5, 0x00, 0x0a, 0xf9, 0x00, 0x00, 0x0c, 0xf6, 0x00, 0x00, 0x00, 0x2f, 0xf2,
    0x00, 0x07, 0xfc, 0x00, 0x00, 0x5f, 0xc0, 0x00, 0x00, 0x00, 0x3f, 0xf1, 0x00, 0x06, 0xfd, 0x00,
    0x00, 0xdf, 0x50, 0x00, 0x00, 0x00, 0x3f, 0xf1, 0x00, 0x06, 0xfd, 0x00, 0x06, 0xfc, 0x00, 0x00,
    0x00, 0x00, 0x2f, 0xf2, 0x00, 0x07, 0xfc, 0x00, 0x0d, 0xf4, 0x00, 0x00, 0x00, 0x00, 0x0e, 0xf5,
    0x00, 0x0b, 0xf9, 0x00, 0x7f, 0xb0, 0x00, 0x00, 0x00, 0x00, 0x08, 0xfd, 0x20, 0x5f, 0xf3, 0x01,
    0xef, 0x30, 0x00, 0x00, 0x00, 0x00, 0x01, 0xcf, 0xfd, 0xff, 0x70, 0x08, 0xfa, 0x00, 0x2a, 0xee,
    0xc5, 0x00, 0x00, 0x19, 0xef, 0xc5, 0x00, 0x1e, 0xf2, 0x02, 0xef, 0xfd, 0xff, 0x60, 0x00, 0x00,
    0x00, 0x00, 0x00, 0x9f, 0x90, 0x0a, 0xfc, 0x10, 0x6f, 0xf2, 0x00, 0x00, 0x00, 0x00, 0x02, 0xfe,
    0x10, 0x1f, 0xf4, 0x00, 0x0c, 0xf7, 0x00, 0x00, 0x00, 0x00, 0x0a, 0xf8, 0x00, 0x4f, 0xf1, 0x00,
    0x08, 0xfb, 0x00, 0x00, 0x00, 0x00, 0x3f, 0xe1, 0x00, 0x5f, 0xe0, 0x00, 0x07, 0xfc, 0x00, 0x00,
    0x00, 0x00, 0xbf, 0x70, 0x00, 0x5f, 0xe0, 0x00, 0x07, 0xfc, 0x00, 0x00, 0x00, 0x04, 0xfd, 0x00,
    0x00, 0x4f, 0xf0, 0x00, 0x09, 0xfb, 0x00, 0x00, 0x00, 0x0c, 0xf6, 0x00, 0x00, 0x1f, 0xf4, 0x00,
    0x0c, 0xf7, 0x00, 0x00, 0x00, 0x5f, 0xd0, 0x00, 0x00, 0x0a, 0xfc, 0x10, 0x6f, 0xf2, 0x00, 0x00,
    0x00, 0xdf, 0x50, 0x00, 0x00, 0x02, 0xdf, 0xfe, 0xff, 0x60, 0x00, 0x00, 0x06, 0xfc, 0x00, 0x00,
    0x00, 0x00, 0x2a, 0xef, 0xc4, 0x00, 0x00, 0x00, 0x04, 0xbe, 0xfd, 0x81, 0x00, 0x00, 0x00, 0x00,
    0x00, 0x08, 0xff, 0xff, 0xff, 0xd2, 0x00, 0x00, 0x00, 0x00, 0x05, 0xff, 0xd6, 0x5a, 0xff, 0xc0,
    0x00, 0x00, 0x00, 0x00, 0xcf, 0xe1, 0x00, 0x0b, 0xff, 0x20, 0x00, 0x00, 0x00, 0x0f, 0xfb, 0x00,
    0x00, 0x7f, 0xf4, 0x00, 0x00, 0x00, 0x00, 0xef, 0xe0, 0x00, 0x08, 0xff, 0x30, 0x00, 0x00, 0x00,
    0x09, 0xff, 0x80, 0x02, 0xef, 0xc0, 0x00, 0x00, 0x00, 0x00, 0x2e, 0xff, 0x64, 0xef, 0xe3, 0x00,
    0x00, 0x00, 0x00, 0x00, 0x6f, 0xff, 0xff, 0xe4, 0x00, 0x00, 0x00, 0x00, 0x00, 0x01, 0xdf, 0xff,
    0xa1, 0x00, 0x00, 0x00, 0x00, 0x00, 0x06, 0xef, 0xff, 0xfc, 0x10, 0x00, 0x00, 0x00, 0x00, 0x0a,
    0xff, 0xe6, 0xdf, 0xfa, 0x00, 0x00, 0x00, 0x00, 0x09, 0xff, 0xc1, 0x03, 0xef, 0xf7, 0x01, 0xdb,
    0x60, 0x03, 0xff, 0xd1, 0x00, 0x05, 0xff, 0xf4, 0x6f, 0xf8, 0x00, 0x8f, 0xf6, 0x00, 0x00, 0x07,
    0xff, 0xed, 0xff, 0x30, 0x0a, 0xff, 0x30, 0x00, 0x00, 0x0a, 0xff, 0xff, 0xb0, 0x00, 0xaf, 0xf4,
    0x00, 0x00, 0x00, 0x1c, 0xff, 0xf2, 0x00, 0x06, 0xff, 0xa0, 0x00, 0x00, 0x00, 0xcf, 0xff, 0x90,
    0x00, 0x1e, 0xff, 0x50, 0x00, 0x01, 0xbf, 0xff, 0xff, 0x80, 0x00, 0x6f, 0xff, 0x95, 0x58, 0xef,
    0xfb, 0x6f, 0xff, 0xa1, 0x00, 0x6f, 0xff, 0xff, 0xff, 0xf9, 0x10, 0x6f, 0xfc, 0x10, 0x00, 0x28,
    0xde, 0xed, 0x93, 0x00, 0x00, 0x4c, 0x20, 0xaf, 0xf5, 0xaf, 0xf5, 0xaf, 0xf5, 0xaf, 0xf5, 0x9f,
    0xf3, 0x6f, 0xf1, 0x4f, 0xd0, 0x1f, 0xb0, 0x00, 0x00, 0x05, 0xf9, 0x00, 0x00, 0x2e, 0xe1, 0x00,
    0x00, 0xaf, 0x70, 0x00, 0x04, 0xfe, 0x10, 0x00, 0x0c, 0xf8, 0x00, 0x00, 0x4f, 0xf2, 0x00, 0x00,
    0xbf, 0xb0, 0x00, 0x02, 0xff, 0x70, 0x00, 0x06, 0xff, 0x30, 0x00, 0x0a, 0xff, 0x00, 0x00, 0x0d,
    0xfc, 0x00, 0x00, 0x0f, 0xfa, 0x00, 0x00, 0x2f, 0xf9, 0x00, 0x00, 0x3f, 0xf8, 0x00, 0x00, 0x2f,
    0xf8, 0x00, 0x00, 0x2f, 0xf9, 0x00, 0x00, 0x0f, 0xfa, 0x00, 0x00, 0x0d, 0xfc, 0x00, 0x00, 0x0a,
    0xff, 0x00, 0x00, 0x06, 0xff, 0x30, 0x00, 0x01, 0xff, 0x70, 0x00, 0x00, 0xbf, 0xc0, 0x00, 0x00,
    0x4f, 0xf2, 0x00, 0x00, 0x0b, 0xf8, 0x00, 0x00, 0x04, 0xfe, 0x10, 0x00, 0x00, 0xaf, 0x70, 0x00,
    0x00, 0x1e, 0xe1, 0x00, 0x00, 0x05, 0xf9, 0x0d, 0xe2, 0x00, 0x00, 0x05, 0xfb, 0x00, 0x00, 0x00,
    0xcf, 0x60, 0x00, 0x00, 0x4f, 0xe1, 0x00, 0x00, 0x0c, 0xf8, 0x00, 0x00, 0x06, 0xfe, 0x10, 0x00,
    0x01, 0xff, 0x70, 0x00, 0x00, 0xbf, 0xc0, 0x00, 0x00, 0x7f, 0xf2, 0x00, 0x00, 0x4f, 0xf6, 0x00,
    0x00, 0x1f, 0xf9, 0x00, 0x00, 0x0e, 0xfb, 0x00, 0x00, 0x0d, 0xfd, 0x00, 0x00, 0x0c, 0xfd, 0x00,
    0x00, 0x0c, 0xfd, 0x00, 0x00, 0x0d, 0xfc, 0x00, 0x00, 0x0e, 0xfb, 0x00, 0x00, 0x1f, 0xf9, 0x00,
    0x00, 0x4f, 0xf5, 0x00, 0x00, 0x7f, 0xf2, 0x00, 0x00, 0xbf, 0xc0, 0x00, 0x01, 0xff, 0x60, 0x00,
    0x06, 0xfe, 0x10, 0x00, 0x0d, 0xf7, 0x00, 0x00, 0x4f, 0xe1, 0x00, 0x00, 0xcf, 0x60, 0x00, 0x05,
    0xfb, 0x00, 0x00, 0x0d, 0xe2, 0x00, 0x00, 0x00, 0x00, 0x4f, 0xc0, 0x00, 0x00, 0x00, 0x03, 0xfb,
    0x00, 0x00, 0x08, 0xa3, 0x2f, 0x91, 0x6c, 0x20, 0xdf, 0xfb, 0xfc, 0xef, 0xf7, 0x02, 0x7b, 0xff,
    0xfe, 0xb6, 0x10, 0x00, 0x1d, 0xff, 0x70, 0x00, 0x00, 0x1c, 0xf6, 0xdf, 0x60, 0x00, 0x09, 0xfc,
    0x04, 0xff, 0x30, 0x00, 0x2b, 0x30, 0x09, 0x70, 0x00, 0x00, 0x00, 0x00, 0x7f, 0xf0, 0x00, 0x00,
    0x00, 0x00, 0x00, 0x07, 0xff, 0x00, 0x00, 0x00, 0x00, 0x00, 0x00, 0x7f, 0xf0, 0x00, 0x00, 0x00,
    0x00, 0x00, 0x07, 0xff, 0x00, 0x00, 0x00, 0x00, 0x00, 0x00, 0x7f, 0xf0, 0x00, 0x00, 0x00, 0x00,
    0x00, 0x07, 0xff, 0x00, 0x00, 0x00, 0x5f, 0xff, 0xff, 0xff, 0xff, 0xff, 0xff, 0xd5, 0xff, 0xff,
    0xff, 0xff, 0xff, 0xff, 0xfd, 0x28, 0x88, 0x88, 0xbf, 0xf8, 0x88, 0x88, 0x60, 0x00, 0x00, 0x07,
    0xff, 0x00, 0x00, 0x00, 0x00, 0x00, 0x00, 0x7f, 0xf0, 0x00, 0x00, 0x00, 0x00, 0x00, 0x07, 0xff,
    0x00, 0x00, 0x00, 0x00, 0x00, 0x00, 0x7f, 0xf0, 0x00, 0x00, 0x00, 0x00, 0x00, 0x07, 0xff, 0x00,
    0x00, 0x00, 0x5f, 0xfa, 0x5f, 0xfa, 0x5f, 0xfa, 0x00, 0xe9, 0x02, 0xf7, 0x1b, 0xe1, 0x3c, 0x30,
    0x1f, 0xff, 0xff, 0xff, 0xf1, 0x1f, 0xff, 0xff, 0xff, 0xf1, 0x1f, 0xff, 0xff, 0xff, 0xf1, 0x4f,
    0xfb, 0x4f, 0xfb, 0x4f, 0xfb, 0x00, 0x00, 0x00, 0xef, 0x30, 0x00, 0x00, 0x3f, 0xe0, 0x00, 0x00,
    0x07, 0xf9, 0x00, 0x00, 0x00, 0xcf, 0x50, 0x00, 0x00, 0x1f, 0xf1, 0x00, 0x00, 0x05, 0xfc, 0x00,
    0x00, 0x00, 0x9f, 0x70, 0x00, 0x00, 0x0e, 0xf3, 0x00, 0x00, 0x03, 0xfe, 0x00, 0x00, 0x00, 0x7f,
    0xa0, 0x00, 0x00, 0x0b, 0xf5, 0x00, 0x00, 0x01, 0xff, 0x10, 0x00, 0x00, 0x5f, 0xc0, 0x00, 0x00,
    0x09, 0xf8, 0x00, 0x00, 0x00, 0xdf, 0x40, 0x00, 0x00, 0x2f, 0xe0, 0x00, 0x00, 0x07, 0xfa, 0x00,
    0x00, 0x00, 0xbf, 0x60, 0x00, 0x00, 0x1f, 0xf2, 0x00, 0x00, 0x04, 0xfc, 0x00, 0x00, 0x00, 0x9f,
    0x80, 0x00, 0x00, 0x0d, 0xf4, 0x00, 0x00, 0x00, 0x00, 0x00, 0x6c, 0xef, 0xd9, 0x20, 0x00, 0x00,
    0x01, 0xcf, 0xff, 0xff, 0xfe, 0x50, 0x00, 0x00, 0xbf, 0xfb, 0x54, 0x8e, 0xff, 0x40, 0x00, 0x6f,
    0xf9, 0x00, 0x00, 0x3e, 0xfc, 0x00, 0x0c, 0xfe, 0x10, 0x00, 0x00, 0x7f, 0xf4, 0x02, 0xff, 0x90,
    0x00, 0x00, 0x01, 0xff, 0x90, 0x6f, 0xf5, 0x00, 0x00, 0x00, 0x0c, 0xfd, 0x08, 0xff, 0x30, 0x00,
    0x00, 0x00, 0xaf, 0xf1, 0xaf, 0xf1, 0x00, 0x00, 0x00, 0x08, 0xff, 0x2b, 0xff, 0x00, 0x00, 0x00,
    0x00, 0x8f, 0xf3, 0xbf, 0xf0, 0x00, 0x00, 0x00, 0x07, 0xff, 0x4b, 0xff, 0x00, 0x00, 0x00, 0x00,
    0x7f, 0xf3, 0xaf, 0xf0, 0x00, 0x00, 0x00, 0x08, 0xff, 0x39, 0xff, 0x10, 0x00, 0x00, 0x00, 0x8f,
    0xf2, 0x8f, 0xf2, 0x00, 0x00, 0x00, 0x0a, 0xff, 0x15, 0xff, 0x40, 0x00, 0x00, 0x00, 0xcf, 0xd0,
    0x2f, 0xf8, 0x00, 0x00, 0x00, 0x1f, 0xfa, 0x00, 0xcf, 0xd0, 0x00, 0x00, 0x07, 0xff, 0x50, 0x06,
    0xff, 0x90, 0x00, 0x03, 0xef, 0xd0, 0x00, 0x0c, 0xff, 0xb5, 0x48, 0xef, 0xf4, 0x00, 0x00, 0x1c,
    0xff, 0xff, 0xff, 0xf6, 0x00, 0x00, 0x00, 0x06, 0xce, 0xfd, 0x93, 0x00, 0x00, 0x00, 0x00, 0x00,
    0xdf, 0x30, 0x00, 0x00, 0xaf, 0xf3, 0x00, 0x01, 0xaf, 0xff, 0x30, 0x03, 0xdf, 0xff, 0xf3, 0x29,
    0xff, 0xff, 0xff, 0x3b, 0xff, 0xfa, 0x8f, 0xf3, 0xbf, 0xe5, 0x07, 0xff, 0x39, 0x71, 0x00, 0x7f,
    0xf3, 0x00, 0x00, 0x07, 0xff, 0x30, 0x00, 0x00, 0x7f, 0xf3, 0x00, 0x00, 0x07, 0xff, 0x30, 0x00,
    0x00, 0x7f, 0xf3, 0x00, 0x00, 0x07, 0xff, 0x30, 0x00, 0x00, 0x7f, 0xf3, 0x00, 0x00, 0x07, 0xff,
    0x30, 0x00, 0x00, 0x7f, 0xf3, 0x00, 0x00, 0x07, 0xff, 0x30, 0x00, 0x00, 0x7f, 0xf3, 0x00, 0x00,
    0x07, 0xff, 0x30, 0x00, 0x00, 0x7f, 0xf3, 0x00, 0x00, 0x07, 0xff, 0x30, 0x00, 0x00, 0x7f, 0xf3,
    0x00, 0x00, 0x17, 0xce, 0xfe, 0xb6, 0x00, 0x00, 0x00, 0x04, 0xef, 0xff, 0xff, 0xff, 0xc2, 0x00,
    0x00, 0x3e, 0xff, 0xa5, 0x46, 0xcf, 0xfd, 0x10, 0x00, 0xbf, 0xf5, 0x00, 0x00, 0x0a, 0xff, 0x70,
    0x02, 0xff, 0xa0, 0x00, 0x00, 0x01, 0xef, 0xd0, 0x06, 0xff, 0x40, 0x00, 0x00, 0x00, 0xbf, 0xf0,
    0x06, 0xce, 0x20, 0x00, 0x00, 0x00, 0xaf, 0xf1, 0x00, 0x00, 0x00, 0x00, 0x00, 0x00, 0xef, 0xe0,
    0x00, 0x00, 0x00, 0x00, 0x00, 0x06, 0xff, 0x90, 0x00, 0x00, 0x00, 0x00, 0x00, 0x2e, 0xff, 0x20,
    0x00, 0x00, 0x00, 0x00, 0x01, 0xcf, 0xf7, 0x00, 0x00, 0x00, 0x00, 0x00, 0x1c, 0xff, 0xa0, 0x00,
    0x00, 0x00, 0x00, 0x01, 0xcf, 0xfa, 0x00, 0x00, 0x00, 0x00, 0x00, 0x3d, 0xff, 0xa0, 0x00, 0x00,
    0x00, 0x00, 0x04, 0xef, 0xf8, 0x00, 0x00, 0x00, 0x00, 0x00, 0x5f, 0xff, 0x70, 0x00, 0x00, 0x00,
    0x00, 0x05, 0xff, 0xf5, 0x00, 0x00, 0x00, 0x00, 0x00, 0x3f, 0xfe, 0x40, 0x00, 0x00, 0x00, 0x00,
    0x01, 0xdf, 0xf5, 0x00, 0x00, 0x00, 0x00, 0x00, 0x07, 0xff, 0xd8, 0x88, 0x88, 0x88, 0x88, 0x81,
    0x0d, 0xff, 0xff, 0xff, 0xff, 0xff, 0xff, 0xf2, 0x1f, 0xff, 0xff, 0xff, 0xff, 0xff, 0xff, 0xf2,
    0x00, 0x02, 0x8d, 0xee, 0xc8, 0x20, 0x00, 0x00, 0x05, 0xef, 0xff, 0xff, 0xfe, 0x50, 0x00, 0x04,
    0xff, 0xf9, 0x55, 0x8f, 0xff, 0x40, 0x00, 0xcf, 0xf4, 0x00, 0x00, 0x3f, 0xfc, 0x00, 0x3f, 0xf9,
    0x00, 0x00, 0x00, 0xaf, 0xf2, 0x03, 0xbd, 0x40, 0x00, 0x00, 0x07, 0xff, 0x30, 0x00, 0x00, 0x00,
    0x00, 0x00, 0x9f, 0xf2, 0x00, 0x00, 0x00, 0x00, 0x00, 0x2e, 0xfc, 0x00, 0x00, 0x00, 0x00, 0x13,
    0x8e, 0xfe, 0x30, 0x00, 0x00, 0x00, 0x5f, 0xff, 0xfc, 0x30, 0x00, 0x00, 0x00, 0x06, 0xff, 0xff,
    0xe9, 0x10, 0x00, 0x00, 0x00, 0x45, 0x46, 0xcf, 0xfd, 0x20, 0x00, 0x00, 0x00, 0x00, 0x00, 0x9f,
    0xfb, 0x00, 0x00, 0x00, 0x00, 0x00, 0x00, 0xdf, 0xf1, 0x00, 0x00, 0x00, 0x00, 0x00, 0x09, 0xff,
    0x40, 0x00, 0x00, 0x00, 0x00, 0x00, 0x7f, 0xf4, 0x7c, 0xe1, 0x00, 0x00, 0x00, 0x09, 0xff, 0x37,
    0xff, 0x60, 0x00, 0x00, 0x01, 0xef, 0xe0, 0x2f, 0xfe, 0x20, 0x00, 0x01, 0xbf, 0xf7, 0x00, 0x7f,
    0xff, 0x95, 0x47, 0xdf, 0xfb, 0x00, 0x00, 0x7f, 0xff, 0xff, 0xff, 0xf9, 0x10, 0x00, 0x00, 0x29,
    0xde, 0xfd, 0x93, 0x00, 0x00, 0x00, 0x00, 0x00, 0x00, 0x03, 0xff, 0x50, 0x00, 0x00, 0x00, 0x00,
    0x00, 0x0c, 0xff, 0x50, 0x00, 0x00, 0x00, 0x00, 0x00, 0x9f, 0xff, 0x50, 0x00, 0x00, 0x00, 0x00,
    0x04, 0xff, 0xff, 0x50, 0x00, 0x00, 0x00, 0x00, 0x1d, 0xfc, 0xff, 0x50, 0x00, 0x00, 0x00, 0x00,
    0xaf, 0xc5, 0xff, 0x50, 0x00, 0x00, 0x00, 0x06, 0xff, 0x34, 0xff, 0x50, 0x00, 0x00, 0x00, 0x2e,
    0xf7, 0x04, 0xff, 0x50, 0x00, 0x00, 0x00, 0xbf, 0xb0, 0x04, 0xff, 0x50, 0x00, 0x00, 0x07, 0xfe,
    0x20, 0x04, 0xff, 0x50, 0x00, 0x00, 0x3f, 0xf6, 0x00, 0x04, 0xff, 0x50, 0x00, 0x01, 0xdf, 0xa0,
    0x00, 0x04, 0xff, 0x50, 0x00, 0x09, 0xfe, 0x10, 0x00, 0x04, 0xff, 0x50, 0x00, 0x4f, 0xf5, 0x00,
    0x00, 0x04, 0xff, 0x50, 0x00, 0x9f, 0xff, 0xff, 0xff, 0xff, 0xff, 0xff, 0xf4, 0x9f, 0xff, 0xff,
    0xff, 0xff, 0xff, 0xff, 0xf4, 0x24, 0x44, 0x44, 0x44, 0x47, 0xff, 0x74, 0x41, 0x00, 0x00, 0x00,
    0x00, 0x04, 0xff, 0x50, 0x00, 0x00, 0x00, 0x00, 0x00, 0x04, 0xff, 0x50, 0x00, 0x00, 0x00, 0x00,
    0x00, 0x04, 0xff, 0x50, 0x00, 0x00, 0x00, 0x00, 0x00, 0x04, 0xff, 0x50, 0x00, 0x00, 0x00, 0x00,
    0x00, 0x04, 0xff, 0x50, 0x00, 0x00, 0x5f, 0xff, 0xff, 0xff, 0xff, 0xf7, 0x00, 0x07, 0xff, 0xff,
    0xff, 0xff, 0xff, 0x70, 0x00, 0xaf, 0xe8, 0x88, 0x88, 0x88, 0x84, 0x00, 0x0d, 0xfa, 0x00, 0x00,
    0x00, 0x00, 0x00, 0x01, 0xff, 0x70, 0x00, 0x00, 0x00, 0x00, 0x00, 0x4f, 0xf4, 0x00, 0x00, 0x00,
    0x00, 0x00, 0x07, 0xff, 0x10, 0x00, 0x00, 0x00, 0x00, 0x00, 0xaf, 0xd5, 0xad, 0xee, 0xc6, 0x00,
    0x00, 0x0d, 0xff, 0xff, 0xff, 0xff, 0xfc, 0x20, 0x01, 0xff, 0xfd, 0x85, 0x47, 0xdf, 0xfd, 0x10,
    0x2c, 0xea, 0x10, 0x00, 0x00, 0xbf, 0xf9, 0x00, 0x00, 0x00, 0x00, 0x00, 0x01, 0xef, 0xf1, 0x00,
    0x00, 0x00, 0x00, 0x00, 0x08, 0xff, 0x50, 0x00, 0x00, 0x00, 0x00, 0x00, 0x6f, 0xf6, 0x00, 0x00,
    0x00, 0x00, 0x00, 0x05, 0xff, 0x70, 0x23, 0x00, 0x00, 0x00, 0x00, 0x6f, 0xf6, 0xaf, 0xf3, 0x00,
    0x00, 0x00, 0x0a, 0xff, 0x27, 0xff, 0x90, 0x00, 0x00, 0x02, 0xff, 0xc0, 0x1e, 0xff, 0x40, 0x00,
    0x01, 0xcf, 0xf5, 0x00, 0x6f, 0xff, 0x95, 0x47, 0xef, 0xf9, 0x00, 0x00, 0x7f, 0xff, 0xff, 0xff,
    0xf9, 0x00, 0x00, 0x00, 0x29, 0xde, 0xed, 0x93, 0x00, 0x00, 0x00, 0x00, 0x39, 0xde, 0xec, 0x60,
    0x00, 0x00, 0x00, 0x8f, 0xff, 0xff, 0xff, 0xc1, 0x00, 0x00, 0x8f, 0xfe, 0x74, 0x6c, 0xff, 0xb0,
    0x00, 0x3f, 0xfd, 0x10, 0x00, 0x0b, 0xff, 0x50, 0x0b, 0xff, 0x20, 0x00, 0x00, 0x2f, 0xfa, 0x01,
    0xff, 0x90, 0x00, 0x00, 0x00, 0xce, 0xa0, 0x5f, 0xf4, 0x00, 0x00, 0x00, 0x00, 0x00, 0x08, 0xff,
    0x10, 0x00, 0x00, 0x00, 0x00, 0x00, 0xbf, 0xd0, 0x17, 0xce, 0xec, 0x70, 0x00, 0x0c, 0xfc, 0x3d,
    0xff, 0xff, 0xff, 0xd2, 0x00, 0xcf, 0xdd, 0xfb, 0x64, 0x6c, 0xff, 0xd1, 0x0d, 0xff, 0xf7, 0x00,
    0x00, 0x09, 0xff, 0x80, 0xcf, 0xfa, 0x00, 0x00, 0x00, 0x0d, 0xfe, 0x0c, 0xff, 0x50, 0x00, 0x00,
    0x00, 0x8f, 0xf3, 0xaf, 0xf3, 0x00, 0x00, 0x00, 0x06, 0xff, 0x48, 0xff, 0x40, 0x00, 0x00, 0x00,
    0x7f, 0xf3, 0x4f, 0xf7, 0x00, 0x00, 0x00, 0x09, 0xff, 0x20, 0xef, 0xd0, 0x00, 0x00, 0x01, 0xef,
    0xc0, 0x07, 0xff, 0x90, 0x00, 0x00, 0xaf, 0xf6, 0x00, 0x0c, 0xff, 0xc6, 0x46, 0xcf, 0xfb, 0x00,
    0x00, 0x1b, 0xff, 0xff, 0xff, 0xfb, 0x10, 0x00, 0x00, 0x05, 0xae, 0xfd, 0xb5, 0x00, 0x00, 0x9f,
    0xff, 0xff, 0xff, 0xff, 0xff, 0xff, 0x59, 0xff, 0xff, 0xff, 0xff, 0xff, 0xff, 0xf5, 0x48, 0x88,
    0x88, 0x88, 0x88, 0x9f, 0xfd, 0x10, 0x00, 0x00, 0x00, 0x00, 0x0c, 0xff, 0x30, 0x00, 0x00, 0x00,
    0x00, 0x08, 0xff, 0x60, 0x00, 0x00, 0x00, 0x00, 0x03, 0xff, 0xc0, 0x00, 0x00, 0x00, 0x00, 0x00,
    0xcf, 0xf3, 0x00, 0x00, 0x00, 0x00, 0x00, 0x6f, 0xf9, 0x00, 0x00, 0x00, 0x00, 0x00, 0x0d, 0xff,
    0x10, 0x00, 0x00, 0x00, 0x00, 0x05, 0xff, 0x90, 0x00, 0x00, 0x00, 0x00, 0x00, 0xcf, 0xf2, 0x00,
    0x00, 0x00, 0x00, 0x00, 0x3f, 0xfa, 0x00, 0x00, 0x00, 0x00, 0x00, 0x09, 0xff, 0x40, 0x00, 0x00,
    0x00, 0x00, 0x00, 0xef, 0xe0, 0x00, 0x00, 0x00, 0x00, 0x00, 0x3f, 0xf9, 0x00, 0x00, 0x00, 0x00,
    0x00, 0x08, 0xff, 0x40, 0x00, 0x00, 0x00, 0x00, 0x00, 0xcf, 0xf0, 0x00, 0x00, 0x00, 0x00, 0x00,
    0x0f, 0xfc, 0x00, 0x00, 0x00, 0x00, 0x00, 0x03, 0xff, 0x80, 0x00, 0x00, 0x00, 0x00, 0x00, 0x5f,
    0xf6, 0x00, 0x00, 0x00, 0x00, 0x00, 0x07, 0xff, 0x50, 0x00, 0x00, 0x00, 0x00, 0x00, 0x8f, 0xf3,
    0x00, 0x00, 0x00, 0x00, 0x00, 0x01, 0x7c, 0xef, 0xda, 0x30, 0x00, 0x00, 0x03, 0xdf, 0xff, 0xff,
    0xff, 0x80, 0x00, 0x01, 0xdf, 0xfb, 0x65, 0x8e, 0xff, 0x70, 0x00, 0x7f, 0xf9, 0x00, 0x00, 0x2e,
    0xfe, 0x10, 0x0c, 0xff, 0x10, 0x00, 0x00, 0x7f, 0xf5, 0x00, 0xdf, 0xc0, 0x00, 0x00, 0x04, 0xff,
    0x70, 0x0c, 0xfe, 0x00, 0x00, 0x00, 0x6f, 0xf6, 0x00, 0x8f, 0xf6, 0x00, 0x00, 0x0c, 0xff, 0x20,
    0x01, 0xdf, 0xf7, 0x21, 0x3b, 0xff, 0x80, 0x00, 0x01, 0xaf, 0xff, 0xff, 0xfe, 0x60, 0x00, 0x00,
    0x29, 0xff, 0xff, 0xff, 0xd6, 0x00, 0x00, 0x4e, 0xff, 0x95, 0x46, 0xcf, 0xfa, 0x00, 0x1e, 0xfe,
    0x30, 0x00, 0x00, 0x9f, 0xf8, 0x07, 0xff, 0x60, 0x00, 0x00, 0x00, 0xcf, 0xe1, 0xbf, 0xf1, 0x00,
    0x00, 0x00, 0x07, 0xff, 0x4b, 0xfe, 0x00, 0x00, 0x00, 0x00, 0x5f, 0xf5, 0xaf, 0xf1, 0x00, 0x00,
    0x00, 0x07, 0xff, 0x47, 0xff, 0x70, 0x00, 0x00, 0x00, 0xcf, 0xf1, 0x1e, 0xfe, 0x40, 0x00, 0x00,
    0x8f, 0xf9, 0x00, 0x6f, 0xff, 0xa5, 0x46, 0xcf, 0xfd, 0x10, 0x00, 0x6f, 0xff, 0xff, 0xff, 0xfc,
    0x20, 0x00, 0x00, 0x28, 0xce, 0xfe, 0xb6, 0x00, 0x00, 0x00, 0x02, 0x8c, 0xee, 0xc8, 0x10, 0x00,
    0x00, 0x05, 0xef, 0xff, 0xff, 0xfe, 0x40, 0x00, 0x04, 0xff, 0xfb, 0x54, 0x7d, 0xff, 0x40, 0x00,
    0xdf, 0xf7, 0x00, 0x00, 0x1c, 0xfd, 0x10, 0x5f, 0xfa, 0x00, 0x00, 0x00, 0x2f, 0xf7, 0x09, 0xff,
    0x30, 0x00, 0x00, 0x00, 0xbf, 0xc0, 0xbf, 0xf0, 0x00, 0x00, 0x00, 0x09, 0xff, 0x1b, 0xff, 0x00,
    0x00, 0x00, 0x00, 0x9f, 0xf3, 0x9f, 0xf2, 0x00, 0x00, 0x00, 0x0b, 0xff, 0x46, 0xff, 0x70, 0x00,
    0x00, 0x02, 0xff, 0xf5, 0x1e, 0xff, 0x40, 0x00, 0x01, 0xbf, 0xff, 0x50, 0x6f, 0xff, 0x95, 0x47,
    0xdf, 0xbf, 0xf5, 0x00, 0x7f, 0xff, 0xff, 0xff, 0x84, 0xff, 0x40, 0x00, 0x39, 0xdf, 0xda, 0x40,
    0x6f, 0xf3, 0x00, 0x00, 0x00, 0x00, 0x00, 0x08, 0xff, 0x10, 0x00, 0x00, 0x00, 0x00, 0x00, 0xcf,
    0xd0, 0x3d, 0xe4, 0x00, 0x00, 0x00, 0x2f, 0xf9, 0x02, 0xff, 0x90, 0x00, 0x00, 0x09, 0xff, 0x40,
    0x0c, 0xfe, 0x30, 0x00, 0x05, 0xff, 0xb0, 0x00, 0x4f, 0xfe, 0x84, 0x5a, 0xff, 0xe2, 0x00, 0x00,
    0x6f, 0xff, 0xff, 0xff, 0xd3, 0x00, 0x00, 0x00, 0x3a, 0xdf, 0xec, 0x71, 0x00, 0x00, 0x4f, 0xfb,
    0x4f, 0xfb, 0x4f, 0xfb, 0x00, 0x00, 0x00, 0x00, 0x00, 0x00, 0x00, 0x00, 0x00, 0x00, 0x00, 0x00,
    0x00, 0x00, 0x00, 0x00, 0x00, 0x00, 0x00, 0x00, 0x4f, 0xfb, 0x4f, 0xfb, 0x4f, 0xfb, 0x5f, 0xfa,
    0x5f, 0xfa, 0x5f, 0xfa, 0x00, 0x00, 0x00, 0x00, 0x00, 0x00, 0x00, 0x00, 0x00, 0x00, 0x00, 0x00,
    0x00, 0x00, 0x00, 0x00, 0x00, 0x00, 0x00, 0x00, 0x5f, 0xfa, 0x5f, 0xfa, 0x5f, 0xfa, 0x00, 0xe9,
    0x02, 0xf7, 0x1b, 0xe1, 0x3c, 0x30, 0x00, 0x00, 0x00, 0x00, 0x00, 0x00, 0x16, 0xb0, 0x00, 0x00,
    0x00, 0x00, 0x02, 0x9e, 0xfd, 0x00, 0x00, 0x00, 0x00, 0x5b, 0xff, 0xff, 0xd0, 0x00, 0x00, 0x17,
    0xdf, 0xff, 0xfd, 0x72, 0x00, 0x03, 0x9f, 0xff, 0xfd, 0x83, 0x00, 0x00, 0x5c, 0xff, 0xfe, 0x94,
    0x00, 0x00, 0x00, 0x5f, 0xff, 0xa5, 0x00, 0x00, 0x00, 0x00, 0x05, 0xff, 0xe9, 0x20, 0x00, 0x00,
    0x00, 0x00, 0x06, 0xdf, 0xff, 0xa4, 0x00, 0x00, 0x00, 0x00, 0x00, 0x6d, 0xff, 0xfc, 0x50, 0x00,
    0x00, 0x00, 0x00, 0x06, 0xdf, 0xff, 0xe7, 0x10, 0x00, 0x00, 0x00, 0x00, 0x6d, 0xff, 0xfe, 0x92,
    0x00, 0x00, 0x00, 0x00, 0x05, 0xdf, 0xff, 0xd0, 0x00, 0x00, 0x00, 0x00, 0x00, 0x5d, 0xfd, 0x00,
    0x00, 0x00, 0x00, 0x00, 0x00, 0x05, 0xa0, 0x5f, 0xff, 0xff, 0xff, 0xff, 0xff, 0xff, 0xd5, 0xff,
    0xff, 0xff, 0xff, 0xff, 0xff, 0xfd, 0x28, 0x88, 0x88, 0x88, 0x88, 0x88, 0x88, 0x60, 0x00, 0x00,
    0x00, 0x00, 0x00, 0x00, 0x00, 0x00, 0x00, 0x00, 0x00, 0x00, 0x00, 0x00, 0x00, 0x00, 0x00, 0x00,
    0x00, 0x00, 0x00, 0x00, 0x00, 0x00, 0x00, 0x00, 0x00, 0x00, 0x00, 0x05, 0xff, 0xff, 0xff, 0xff,
    0xff, 0xff, 0xfd, 0x5f, 0xff, 0xff, 0xff, 0xff, 0xff, 0xff, 0xd2, 0x88, 0x88, 0x88, 0x88, 0x88,
    0x88, 0x86, 0x5a, 0x30, 0x00, 0x00, 0x00, 0x00, 0x00, 0x05, 0xff, 0xc6, 0x00, 0x00, 0x00, 0x00,
    0x00, 0x5f, 0xff, 0xfe, 0x82, 0x00, 0x00, 0x00, 0x00, 0x5a, 0xff, 0xff, 0xfa, 0x40, 0x00, 0x00,
    0x00, 0x01, 0x6b, 0xff, 0xff, 0xd6, 0x10, 0x00, 0x00, 0x00, 0x01, 0x7c, 0xff, 0xfe, 0x92, 0x00,
    0x00, 0x00, 0x00, 0x02, 0x8d, 0xff, 0xd0, 0x00, 0x00, 0x00, 0x00, 0x05, 0xcf, 0xfd, 0x00, 0x00,
    0x00, 0x01, 0x7d, 0xff, 0xfa, 0x30, 0x00, 0x00, 0x29, 0xef, 0xff, 0xa3, 0x00, 0x00, 0x04, 0xbf,
    0xff, 0xfa, 0x20, 0x00, 0x00, 0x6c, 0xff, 0xff, 0x92, 0x00, 0x00, 0x00, 0x5f, 0xff, 0xf9, 0x20,
    0x00, 0x00, 0x00, 0x05, 0xff, 0x92, 0x00, 0x00, 0x00, 0x00, 0x00, 0x59, 0x20, 0x00, 0x00, 0x00,
    0x00, 0x00, 0x00, 0x00, 0x01, 0x8c, 0xef, 0xeb, 0x60, 0x00, 0x00, 0x04, 0xef, 0xff, 0xff, 0xff,
    0xc2, 0x00, 0x03, 0xef, 0xfa, 0x54, 0x6d, 0xff, 0xd1, 0x00, 0xcf, 0xf7, 0x00, 0x00, 0x0b, 0xff,
    0x90, 0x3f, 0xfb, 0x00, 0x00, 0x00, 0x1e, 0xfe, 0x07, 0xff, 0x50, 0x00, 0x00, 0x00, 0x9f, 0xf2,
    0x7c, 0xe2, 0x00, 0x00, 0x00, 0x09, 0xff, 0x20, 0x00, 0x00, 0x00, 0x00, 0x00, 0xcf, 0xe0, 0x00,
    0x00, 0x00, 0x00, 0x00, 0x7f, 0xf9, 0x00, 0x00, 0x00, 0x00, 0x00, 0x7f, 0xfd, 0x10, 0x00, 0x00,
    0x00, 0x00, 0x7f, 0xfe, 0x30, 0x00, 0x00, 0x00, 0x00, 0x7f, 0xfe, 0x30, 0x00, 0x00, 0x00, 0x00,
    0x3f, 0xfe, 0x20, 0x00, 0x00, 0x00, 0x00, 0x0a, 0xff, 0x30, 0x00, 0x00, 0x00, 0x00, 0x00, 0xef,
    0xb0, 0x00, 0x00, 0x00, 0x00, 0x00, 0x1f, 0xf8, 0x00, 0x00, 0x00, 0x00, 0x00, 0x01, 0xff, 0x70,
    0x00, 0x00, 0x00, 0x00, 0x00, 0x00, 0x00, 0x00, 0x00, 0x00, 0x00, 0x00, 0x00, 0x00, 0x00, 0x00,
    0x00, 0x00, 0x00, 0x00, 0x4f, 0xfb, 0x00, 0x00, 0x00, 0x00, 0x00, 0x04, 0xff, 0xb0, 0x00, 0x00,
    0x00, 0x00, 0x00, 0x4f, 0xfb, 0x00, 0x00, 0x00, 0x00, 0x00, 0x00, 0x00, 0x01, 0x69, 0xce, 0xef,
    0xec, 0x95, 0x10, 0x00, 0x00, 0x00, 0x00, 0x00, 0x00, 0x00, 0x29, 0xff, 0xff, 0xff, 0xff, 0xff,
    0xfe, 0x81, 0x00, 0x00, 0x00, 0x00, 0x00, 0x00, 0x6f, 0xff, 0xe9, 0x64, 0x33, 0x46, 0xae, 0xff,
    0xe4, 0x00, 0x00, 0x00, 0x00, 0x00, 0x9f, 0xfd, 0x60, 0x00, 0x00, 0x00, 0x00, 0x17, 0xef, 0xf6,
    0x00, 0x00, 0x00, 0x00, 0x9f, 0xf9, 0x10, 0x00, 0x00, 0x00, 0x00, 0x00, 0x01, 0xbf, 0xf4, 0x00,
    0x00, 0x00, 0x5f, 0xf7, 0x00, 0x00, 0x00, 0x00, 0x00, 0x00, 0x00, 0x00, 0xbf, 0xd1, 0x00, 0x00,
    0x1e, 0xf8, 0x00, 0x00, 0x07, 0xcf, 0xea, 0x20, 0x5f, 0xf4, 0x01, 0xef, 0x80, 0x00, 0x09, 0xfc,
    0x00, 0x00, 0x3d, 0xff, 0xff, 0xfe, 0x48, 0xff, 0x10, 0x07, 0xfe, 0x00, 0x01, 0xff, 0x40, 0x00,
    0x3e, 0xff, 0x84, 0x49, 0xfe, 0xcf, 0xd0, 0x00, 0x1f, 0xf4, 0x00, 0x7f, 0xc0, 0x00, 0x0d, 0xff,
    0x40, 0x00, 0x07, 0xff, 0xf9, 0x00, 0x00, 0xbf, 0x70, 0x0b, 0xf7, 0x00, 0x07, 0xff, 0x70, 0x00,
    0x00, 0x0e, 0xff, 0x60, 0x00, 0x09, 0xf9, 0x00, 0xff, 0x30, 0x01, 0xef, 0xd0, 0x00, 0x00, 0x00,
    0xbf, 0xf3, 0x00, 0x00, 0x8f, 0xa0, 0x3f, 0xf0, 0x00, 0x5f, 0xf8, 0x00, 0x00, 0x00, 0x09, 0xff,
    0x00, 0x00, 0x0a, 0xf8, 0x05, 0xfd, 0x00, 0x09, 0xff, 0x30, 0x00, 0x00, 0x00, 0xaf, 0xc0, 0x00,
    0x00, 0xcf, 0x70, 0x5f, 0xc0, 0x00, 0xbf, 0xf0, 0x00, 0x00, 0x00, 0x0d, 0xf9, 0x00, 0x00, 0x2f,
    0xf3, 0x05, 0xfd, 0x00, 0x0c, 0xfe, 0x00, 0x00, 0x00, 0x03, 0xff, 0x60, 0x00, 0x08, 0xfd, 0x00,
    0x4f, 0xe0, 0x00, 0xaf, 0xf1, 0x00, 0x00, 0x00, 0x9f, 0xf3, 0x00, 0x03, 0xff, 0x60, 0x02, 0xff,
    0x10, 0x08, 0xff, 0x40, 0x00, 0x00, 0x4f, 0xff, 0x00, 0x01, 0xcf, 0xc0, 0x00, 0x0e, 0xf5, 0x00,
    0x2f, 0xfc, 0x00, 0x00, 0x3e, 0xff, 0xd0, 0x02, 0xdf, 0xe2, 0x00, 0x00, 0xaf, 0xb0, 0x00, 0xaf,
    0xfb, 0x44, 0x8f, 0xdf, 0xff, 0x99, 0xff, 0xe4, 0x00, 0x00, 0x04, 0xff, 0x30, 0x01, 0xcf, 0xff,
    0xff, 0xd2, 0xcf, 0xff, 0xff, 0xc3, 0x00, 0x00, 0x00, 0x0b, 0xfc, 0x00, 0x01, 0x7d, 0xed, 0x71,
    0x03, 0xcf, 0xeb, 0x60, 0x00, 0xaf, 0xf2, 0x00, 0x3f, 0xfa, 0x00, 0x00, 0x00, 0x00, 0x00, 0x00,
    0x00, 0x00, 0x00, 0x8f, 0xf7, 0x00, 0x00, 0x5f, 0xfc, 0x20, 0x00, 0x00, 0x00, 0x00, 0x00, 0x00,
    0x01, 0xaf, 0xf9, 0x00, 0x00, 0x00, 0x6f, 0xff, 0x92, 0x00, 0x00, 0x00, 0x00, 0x00, 0x16, 0xef,
    0xf8, 0x00, 0x00, 0x00, 0x00, 0x3d, 0xff, 0xfd, 0x96, 0x43, 0x33, 0x47, 0xae, 0xff, 0xe5, 0x00,
    0x00, 0x00, 0x00, 0x00, 0x06, 0xcf, 0xff, 0xff, 0xff, 0xff, 0xff, 0xfe, 0x81, 0x00, 0x00, 0x00,
    0x00, 0x00, 0x00, 0x00, 0x26, 0x9c, 0xde, 0xff, 0xec, 0x95, 0x10, 0x00, 0x00, 0x00, 0x00, 0x00,
    0x00, 0x01, 0xef, 0xf7, 0x00, 0x00, 0x00, 0x00, 0x00, 0x00, 0x00, 0x05, 0xff, 0xfd, 0x00, 0x00,
    0x00, 0x00, 0x00, 0x00, 0x00, 0x0b, 0xfd, 0xff, 0x40, 0x00, 0x00, 0x00, 0x00, 0x00, 0x00, 0x2f,
    0xf6, 0xef, 0xa0, 0x00, 0x00, 0x00, 0x00, 0x00, 0x00, 0x7f, 0xf2, 0x9f, 0xf1, 0x00, 0x00, 0x00,
    0x00, 0x00, 0x00, 0xdf, 0xc0, 0x4f, 0xf7, 0x00, 0x00, 0x00, 0x00, 0x00, 0x04, 0xff, 0x80, 0x0e,
    0xfd, 0x00, 0x00, 0x00, 0x00, 0x00, 0x09, 0xff, 0x20, 0x09, 0xff, 0x40, 0x00, 0x00, 0x00, 0x00,
    0x1e, 0xfc, 0x00, 0x03, 0xff, 0xa0, 0x00, 0x00, 0x00, 0x00, 0x5f, 0xf6, 0x00, 0x00, 0xdf, 0xf1,
    0x00, 0x00, 0x00, 0x00, 0xbf, 0xf1, 0x00, 0x00, 0x7f, 0xf7, 0x00, 0x00, 0x00, 0x02, 0xff, 0xa0,
    0x00, 0x00, 0x2f, 0xfd, 0x00, 0x00, 0x00, 0x07, 0xff, 0x50, 0x00, 0x00, 0x0b, 0xff, 0x40, 0x00,
    0x00, 0x0d, 0xff, 0xff, 0xff, 0xff, 0xff, 0xff, 0xa0, 0x00, 0x00, 0x4f, 0xff, 0xff, 0xff, 0xff,
    0xff, 0xff, 0xf1, 0x00, 0x00, 0x9f, 0xf6, 0x44, 0x44, 0x44, 0x44, 0xaf, 0xf7, 0x00, 0x01, 0xef,
    0xd0, 0x00, 0x00, 0x00, 0x00, 0x3f, 0xfd, 0x00, 0x05, 0xff, 0x80, 0x00, 0x00, 0x00, 0x00, 0x0d,
    0xff, 0x40, 0x0b, 0xff, 0x30, 0x00, 0x00, 0x00, 0x00, 0x07, 0xff, 0xa0, 0x2f, 0xfd, 0x00, 0x00,
    0x00, 0x00, 0x00, 0x02, 0xff, 0xf1, 0x7f, 0xf7, 0x00, 0x00, 0x00, 0x00, 0x00, 0x00, 0xbf, 0xf7,
    0xdf, 0xf2, 0x00, 0x00, 0x00, 0x00, 0x00, 0x00, 0x6f, 0xfd, 0xcf, 0xff, 0xff, 0xff, 0xfe, 0xc8,
    0x30, 0x00, 0x0c, 0xff, 0xff, 0xff, 0xff, 0xff, 0xff, 0x70, 0x00, 0xcf, 0xf8, 0x88, 0x88, 0x89,
    0xcf, 0xff, 0x60, 0x0c, 0xff, 0x10, 0x00, 0x00, 0x00, 0x5f, 0xfd, 0x00, 0xcf, 0xf1, 0x00, 0x00,
    0x00, 0x00, 0xaf, 0xf3, 0x0c, 0xff, 0x10, 0x00, 0x00, 0x00, 0x07, 0xff, 0x50, 0xcf, 0xf1, 0x00,
    0x00, 0x00, 0x00, 0x8f, 0xf3, 0x0c, 0xff, 0x10, 0x00, 0x00, 0x00, 0x1d, 0xfd, 0x00, 0xcf, 0xf1,
    0x00, 0x00, 0x01, 0x5c, 0xff, 0x40, 0x0c, 0xff, 0xff, 0xff, 0xff, 0xff, 0xfd, 0x40, 0x00, 0xcf,
    0xff, 0xff, 0xff, 0xff, 0xff, 0xd7, 0x00, 0x0c, 0xff, 0x88, 0x88, 0x88, 0x9b, 0xff, 0xfb, 0x10,
    0xcf, 0xf1, 0x00, 0x00, 0x00, 0x02, 0xcf, 0xf9, 0x0c, 0xff, 0x10, 0x00, 0x00, 0x00, 0x01, 0xef,
    0xf1, 0xcf, 0xf1, 0x00, 0x00, 0x00, 0x00, 0x0a, 0xff, 0x5c, 0xff, 0x10, 0x00, 0x00, 0x00, 0x00,
    0x8f, 0xf6, 0xcf, 0xf1, 0x00, 0x00, 0x00, 0x00, 0x0a, 0xff, 0x4c, 0xff, 0x10, 0x00, 0x00, 0x00,
    0x01, 0xef, 0xf1, 0xcf, 0xf1, 0x00, 0x00, 0x00, 0x01, 0xbf, 0xfa, 0x0c, 0xff, 0x88, 0x88, 0x88,
    0x8a, 0xef, 0xfe, 0x20, 0xcf, 0xff, 0xff, 0xff, 0xff, 0xff, 0xfd, 0x40, 0x0c, 0xff, 0xff, 0xff,
    0xff, 0xed, 0xa6, 0x10, 0x00, 0x00, 0x00, 0x00, 0x38, 0xce, 0xfe, 0xc9, 0x30, 0x00, 0x00, 0x00,
    0x00, 0x2b, 0xff, 0xff, 0xff, 0xff, 0xfa, 0x10, 0x00, 0x00, 0x04, 0xef, 0xfd, 0x85, 0x45, 0x8e,
    0xff, 0xd1, 0x00, 0x00, 0x3f, 0xff, 0x70, 0x00, 0x00, 0x01, 0xbf, 0xfc, 0x00, 0x00, 0xdf, 0xf6,
    0x00, 0x00, 0x00, 0x00, 0x0c, 0xff, 0x60, 0x06, 0xff, 0xa0, 0x00, 0x00, 0x00, 0x00, 0x04, 0xff,
    0xc0, 0x0c, 0xff, 0x30, 0x00, 0x00, 0x00, 0x00, 0x00, 0xcb, 0x70, 0x2f, 0xfd, 0x00, 0x00, 0x00,
    0x00, 0x00, 0x00, 0x00, 0x00, 0x5f, 0xfa, 0x00, 0x00, 0x00, 0x00, 0x00, 0x00, 0x00, 0x00, 0x6f,
    0xf8, 0x00, 0x00, 0x00, 0x00, 0x00, 0x00, 0x00, 0x00, 0x7f, 0xf7, 0x00, 0x00, 0x00, 0x00, 0x00,
    0x00, 0x00, 0x00, 0x7f, 0xf7, 0x00, 0x00, 0x00, 0x00, 0x00, 0x00, 0x00, 0x00, 0x6f, 0xf8, 0x00,
    0x00, 0x00, 0x00, 0x00, 0x00, 0x00, 0x00, 0x4f, 0xfa, 0x00, 0x00, 0x00, 0x00, 0x00, 0x00, 0x00,
    0x00, 0x1f, 0xfe, 0x00, 0x00, 0x00, 0x00, 0x00, 0x00, 0x7c, 0x82, 0x0b, 0xff, 0x30, 0x00, 0x00,
    0x00, 0x00, 0x00, 0xcf, 0xf3, 0x06, 0xff, 0x90, 0x00, 0x00, 0x00, 0x00, 0x04, 0xff, 0xd0, 0x00,
    0xdf, 0xf5, 0x00, 0x00, 0x00, 0x00, 0x1d, 0xff, 0x60, 0x00, 0x4f, 0xff, 0x60, 0x00, 0x00, 0x02,
    0xcf, 0xfb, 0x00, 0x00, 0x06, 0xff, 0xfd, 0x85, 0x45, 0x9e, 0xff, 0xc1, 0x00, 0x00, 0x00, 0x4d,
    0xff, 0xff, 0xff, 0xff, 0xfa, 0x10, 0x00, 0x00, 0x00, 0x00, 0x5a, 0xde, 0xfe, 0xc9, 0x30, 0x00,
    0x00, 0xaf, 0xff, 0xff, 0xff, 0xfe, 0xda, 0x50, 0x00, 0x00, 0x0a, 0xff, 0xff, 0xff, 0xff, 0xff,
    0xff, 0xd4, 0x00, 0x00, 0xaf, 0xf9, 0x88, 0x88, 0x89, 0xbe, 0xff, 0xf4, 0x00, 0x0a, 0xff, 0x20,
    0x00, 0x00, 0x00, 0x1a, 0xff, 0xe2, 0x00, 0xaf, 0xf2, 0x00, 0x00, 0x00, 0x00, 0x0a, 0xff, 0xa0,
    0x0a, 0xff, 0x20, 0x00, 0x00, 0x00, 0x00, 0x1e, 0xff, 0x20, 0xaf, 0xf2, 0x00, 0x00, 0x00, 0x00,
    0x00, 0x8f, 0xf7, 0x0a, 0xff, 0x20, 0x00, 0x00, 0x00, 0x00, 0x03, 0xff, 0xa0, 0xaf, 0xf2, 0x00,
    0x00, 0x00, 0x00, 0x00, 0x1f, 0xfd, 0x0a, 0xff, 0x20, 0x00, 0x00, 0x00, 0x00, 0x00, 0xef, 0xe0,
    0xaf, 0xf2, 0x00, 0x00, 0x00, 0x00, 0x00, 0x0d, 0xff, 0x0a, 0xff, 0x20, 0x00, 0x00, 0x00, 0x00,
    0x00, 0xef, 0xf0, 0xaf, 0xf2, 0x00, 0x00, 0x00, 0x00, 0x00, 0x0e, 0xfe, 0x0a, 0xff, 0x20, 0x00,
    0x00, 0x00, 0x00, 0x01, 0xff, 0xd0, 0xaf, 0xf2, 0x00, 0x00, 0x00, 0x00, 0x00, 0x4f, 0xfa, 0x0a,
    0xff, 0x20, 0x00, 0x00, 0x00, 0x00, 0x09, 0xff, 0x60, 0xaf, 0xf2, 0x00, 0x00, 0x00, 0x00, 0x01,
    0xef, 0xf1, 0x0a, 0xff, 0x20, 0x00, 0x00, 0x00, 0x00, 0xaf, 0xf9, 0x00, 0xaf, 0xf2, 0x00, 0x00,
    0x00, 0x02, 0xaf, 0xfe, 0x10, 0x0a, 0xff, 0x98, 0x88, 0x88, 0x9c, 0xff, 0xfe, 0x40, 0x00, 0xaf,
    0xff, 0xff, 0xff, 0xff, 0xff, 0xfc, 0x30, 0x00, 0x0a, 0xff, 0xff, 0xff, 0xff, 0xec, 0x94, 0x00,
    0x00, 0x00, 0x9f, 0xff, 0xff, 0xff, 0xff, 0xff, 0xff, 0xfe, 0x09, 0xff, 0xff, 0xff, 0xff, 0xff,
    0xff, 0xff, 0xe0, 0x9f, 0xf9, 0x88, 0x88, 0x88, 0x88, 0x88, 0x87, 0x09, 0xff, 0x30, 0x00, 0x00,
    0x00, 0x00, 0x00, 0x00, 0x9f, 0xf3, 0x00, 0x00, 0x00, 0x00, 0x00, 0x00, 0x09, 0xff, 0x30, 0x00,
    0x00, 0x00, 0x00, 0x00, 0x00, 0x9f, 0xf3, 0x00, 0x00, 0x00, 0x00, 0x00, 0x00, 0x09, 0xff, 0x30,
    0x00, 0x00, 0x00, 0x00, 0x00, 0x00, 0x9f, 0xf3, 0x00, 0x00, 0x00, 0x00, 0x00, 0x00, 0x09, 0xff,
    0xff, 0xff, 0xff, 0xff, 0xff, 0xff, 0x10, 0x9f, 0xff, 0xff, 0xff, 0xff, 0xff, 0xff, 0xf1, 0x09,
    0xff, 0x98, 0x88, 0x88, 0x88, 0x88, 0x88, 0x10, 0x9f, 0xf3, 0x00, 0x00, 0x00, 0x00, 0x00, 0x00,
    0x09, 0xff, 0x30, 0x00, 0x00, 0x00, 0x00, 0x00, 0x00, 0x9f, 0xf3, 0x00, 0x00, 0x00, 0x00, 0x00,
    0x00, 0x09, 0xff, 0x30, 0x00, 0x00, 0x00, 0x00, 0x00, 0x00, 0x9f, 0xf3, 0x00, 0x00, 0x00, 0x00,
    0x00, 0x00, 0x09, 0xff, 0x30, 0x00, 0x00, 0x00, 0x00, 0x00, 0x00, 0x9f, 0xf3, 0x00, 0x00, 0x00,
    0x00, 0x00, 0x00, 0x09, 0xff, 0x98, 0x88, 0x88, 0x88, 0x88, 0x88, 0x83, 0x9f, 0xff, 0xff, 0xff,
    0xff, 0xff, 0xff, 0xff, 0x69, 0xff, 0xff, 0xff, 0xff, 0xff, 0xff, 0xff, 0xf6, 0x8f, 0xff, 0xff,
    0xff, 0xff, 0xff, 0xff, 0xe8, 0xff, 0xff, 0xff, 0xff, 0xff, 0xff, 0xfe, 0x8f, 0xfa, 0x88, 0x88,
    0x88, 0x88, 0x88, 0x78, 0xff, 0x40, 0x00, 0x00, 0x00, 0x00, 0x00, 0x8f, 0xf4, 0x00, 0x00, 0x00,
    0x00, 0x00, 0x08, 0xff, 0x40, 0x00, 0x00, 0x00, 0x00, 0x00, 0x8f, 0xf4, 0x00, 0x00, 0x00, 0x00,
    0x00, 0x08, 0xff, 0x40, 0x00, 0x00, 0x00, 0x00, 0x00, 0x8f, 0xf4, 0x00, 0x00, 0x00, 0x00, 0x00,
    0x08, 0xff, 0xff, 0xff, 0xff, 0xff, 0xff, 0x60, 0x8f, 0xff, 0xff, 0xff, 0xff, 0xff, 0xf6, 0x08,
    0xff, 0xa8, 0x88, 0x88, 0x88, 0x88, 0x30, 0x8f, 0xf4, 0x00, 0x00, 0x00, 0x00, 0x00, 0x08, 0xff,
    0x40, 0x00, 0x00, 0x00, 0x00, 0x00, 0x8f, 0xf4, 0x00, 0x00, 0x00, 0x00, 0x00, 0x08, 0xff, 0x40,
    0x00, 0x00, 0x00, 0x00, 0x00, 0x8f, 0xf4, 0x00, 0x00, 0x00, 0x00, 0x00, 0x08, 0xff, 0x40, 0x00,
    0x00, 0x00, 0x00, 0x00, 0x8f, 0xf4, 0x00, 0x00, 0x00, 0x00, 0x00, 0x08, 0xff, 0x40, 0x00, 0x00,
    0x00, 0x00, 0x00, 0x8f, 0xf4, 0x00, 0x00, 0x00, 0x00, 0x00, 0x08, 0xff, 0x40, 0x00, 0x00, 0x00,
    0x00, 0x00, 0x00, 0x00, 0x00, 0x16, 0xad, 0xef, 0xec, 0x84, 0x00, 0x00, 0x00, 0x00, 0x01, 0x9f,
    0xff, 0xff, 0xff, 0xff, 0xfb, 0x20, 0x00, 0x00, 0x02, 0xdf, 0xff, 0xb7, 0x54, 0x59, 0xef, 0xfe,
    0x30, 0x00, 0x01, 0xdf, 0xfb, 0x20, 0x00, 0x00, 0x01, 0x8f, 0xfd, 0x10, 0x00, 0x9f, 0xfa, 0x00,
    0x00, 0x00, 0x00, 0x00, 0x9f, 0xf7, 0x00, 0x3f, 0xfd, 0x10, 0x00, 0x00, 0x00, 0x00, 0x01, 0xef,
    0xd0, 0x09, 0xff, 0x60, 0x00, 0x00, 0x00, 0x00, 0x00, 0x09, 0xb7, 0x00, 0xef, 0xf1, 0x00, 0x00,
    0x00, 0x00, 0x00, 0x00, 0x00, 0x00, 0x2f, 0xfc, 0x00, 0x00, 0x00, 0x00, 0x00, 0x00, 0x00, 0x00,
    0x05, 0xff, 0xa0, 0x00, 0x00, 0x00, 0x00, 0x00, 0x00, 0x00, 0x00, 0x6f, 0xf9, 0x00, 0x00, 0x00,
    0x00, 0x00, 0x00, 0x00, 0x00, 0x06, 0xff, 0x90, 0x00, 0x00, 0x00, 0xaf, 0xff, 0xff, 0xff, 0xf7,
    0x5f, 0xfa, 0x00, 0x00, 0x00, 0x0a, 0xff, 0xff, 0xff, 0xff, 0x73, 0xff, 0xc0, 0x00, 0x00, 0x00,
    0x58, 0x88, 0x88, 0xaf, 0xf7, 0x0e, 0xff, 0x10, 0x00, 0x00, 0x00, 0x00, 0x00, 0x05, 0xff, 0x70,
    0xaf, 0xf6, 0x00, 0x00, 0x00, 0x00, 0x00, 0x00, 0x5f, 0xf7, 0x03, 0xff, 0xd0, 0x00, 0x00, 0x00,
    0x00, 0x00, 0x05, 0xff, 0x70, 0x0a, 0xff, 0xa0, 0x00, 0x00, 0x00, 0x00, 0x00, 0x5f, 0xf7, 0x00,
    0x1d, 0xff, 0xb3, 0x00, 0x00, 0x00, 0x01, 0x6d, 0xff, 0x70, 0x00, 0x1c, 0xff, 0xfc, 0x75, 0x45,
    0x7a, 0xef, 0xff, 0x91, 0x00, 0x00, 0x07, 0xef, 0xff, 0xff, 0xff, 0xff, 0xfa, 0x30, 0x00, 0x00,
    0x00, 0x01, 0x5a, 0xde, 0xfe, 0xda, 0x62, 0x00, 0x00, 0x9f, 0xf4, 0x00, 0x00, 0x00, 0x00, 0x00,
    0x9f, 0xf4, 0x9f, 0xf4, 0x00, 0x00, 0x00, 0x00, 0x00, 0x9f, 0xf4, 0x9f, 0xf4, 0x00, 0x00, 0x00,
    0x00, 0x00, 0x9f, 0xf4, 0x9f, 0xf4, 0x00, 0x00, 0x00, 0x00, 0x00, 0x9f, 0xf4, 0x9f, 0xf4, 0x00,
    0x00, 0x00, 0x00, 0x00, 0x9f, 0xf4, 0x9f, 0xf4, 0x00, 0x00, 0x00, 0x00, 0x00, 0x9f, 0xf4, 0x9f,
    0xf4, 0x00, 0x00, 0x00, 0x00, 0x00, 0x9f, 0xf4, 0x9f, 0xf4, 0x00, 0x00, 0x00, 0x00, 0x00, 0x9f,
    0xf4, 0x9f, 0xf4, 0x00, 0x00, 0x00, 0x00, 0x00, 0x9f, 0xf4, 0x9f, 0xff, 0xff, 0xff, 0xff, 0xff,
    0xff, 0xff, 0xf4, 0x9f, 0xff, 0xff, 0xff, 0xff, 0xff, 0xff, 0xff, 0xf4, 0x9f, 0xf9, 0x88, 0x88,
    0x88, 0x88, 0x88, 0xcf, 0xf4, 0x9f, 0xf4, 0x00, 0x00, 0x00, 0x00, 0x00, 0x9f, 0xf4, 0x9f, 0xf4,
    0x00, 0x00, 0x00, 0x00, 0x00, 0x9f, 0xf4, 0x9f, 0xf4, 0x00, 0x00, 0x00, 0x00, 0x00, 0x9f, 0xf4,
    0x9f, 0xf4, 0x00, 0x00, 0x00, 0x00, 0x00, 0x9f, 0xf4, 0x9f, 0xf4, 0x00, 0x00, 0x00, 0x00, 0x00,
    0x9f, 0xf4, 0x9f, 0xf4, 0x00, 0x00, 0x00, 0x00, 0x00, 0x9f, 0xf4, 0x9f, 0xf4, 0x00, 0x00, 0x00,
    0x00, 0x00, 0x9f, 0xf4, 0x9f, 0xf4, 0x00, 0x00, 0x00, 0x00, 0x00, 0x9f, 0xf4, 0x9f, 0xf4, 0x00,
    0x00, 0x00, 0x00, 0x00, 0x9f, 0xf4, 0x9f, 0xf4, 0x00, 0x00, 0x00, 0x00, 0x00, 0x9f, 0xf4, 0x3f,
    0xfa, 0x3f, 0xfa, 0x3f, 0xfa, 0x3f, 0xfa, 0x3f, 0xfa, 0x3f, 0xfa, 0x3f, 0xfa, 0x3f, 0xfa, 0x3f,
    0xfa, 0x3f, 0xfa, 0x3f, 0xfa, 0x3f, 0xfa, 0x3f, 0xfa, 0x3f, 0xfa, 0x3f, 0xfa, 0x3f, 0xfa, 0x3f,
    0xfa, 0x3f, 0xfa, 0x3f, 0xfa, 0x3f, 0xfa, 0x3f, 0xfa, 0x3f, 0xfa, 0x00, 0x00, 0x00, 0x00, 0x03,
    0xff, 0xa0, 0x00, 0x00, 0x00, 0x00, 0x3f, 0xfa, 0x00, 0x00, 0x00, 0x00, 0x03, 0xff, 0xa0, 0x00,
    0x00, 0x00, 0x00, 0x3f, 0xfa, 0x00, 0x00, 0x00, 0x00, 0x03, 0xff, 0xa0, 0x00, 0x00, 0x00, 0x00,
    0x3f, 0xfa, 0x00, 0x00, 0x00, 0x00, 0x03, 0xff, 0xa0, 0x00, 0x00, 0x00, 0x00, 0x3f, 0xfa, 0x00,
    0x00, 0x00, 0x00, 0x03, 0xff, 0xa0, 0x00, 0x00, 0x00, 0x00, 0x3f, 0xfa, 0x00, 0x00, 0x00, 0x00,
    0x03, 0xff, 0xa0, 0x00, 0x00, 0x00, 0x00, 0x3f, 0xfa, 0x00, 0x00, 0x00, 0x00, 0x03, 0xff, 0xa0,
    0x00, 0x00, 0x00, 0x00, 0x3f, 0xfa, 0x00, 0x00, 0x00, 0x00, 0x03, 0xff, 0xa1, 0xbd, 0x70, 0x00,
    0x00, 0x3f, 0xfa, 0x1f, 0xf9, 0x00, 0x00, 0x04, 0xff, 0x90, 0xef, 0xc0, 0x00, 0x00, 0x7f, 0xf6,
    0x0a, 0xff, 0x60, 0x00, 0x2d, 0xff, 0x30, 0x4f, 0xff, 0xb8, 0x9e, 0xff, 0xa0, 0x00, 0x7f, 0xff,
    0xff, 0xff, 0xc1, 0x00, 0x00, 0x4a, 0xef, 0xeb, 0x60, 0x00, 0xcf, 0xf1, 0x00, 0x00, 0x00, 0x00,
    0x1b, 0xff, 0xd2, 0xcf, 0xf1, 0x00, 0x00, 0x00, 0x01, 0xbf, 0xfd, 0x20, 0xcf, 0xf1, 0x00, 0x00,
    0x00, 0x1b, 0xff, 0xd2, 0x00, 0xcf, 0xf1, 0x00, 0x00, 0x01, 0xbf, 0xfd, 0x10, 0x00, 0xcf, 0xf1,
    0x00, 0x00, 0x1c, 0xff, 0xc1, 0x00, 0x00, 0xcf, 0xf1, 0x00, 0x01, 0xcf, 0xfc, 0x10, 0x00, 0x00,
    0xcf, 0xf1, 0x00, 0x1c, 0xff, 0xb1, 0x00, 0x00, 0x00, 0xcf, 0xf1, 0x01, 0xcf, 0xfb, 0x10, 0x00,
    0x00, 0x00, 0xcf, 0xf1, 0x1c, 0xff, 0xc0, 0x00, 0x00, 0x00, 0x00, 0xcf, 0xf2, 0xcf, 0xff, 0xe2,
    0x00, 0x00, 0x00, 0x00, 0xcf, 0xfc, 0xff, 0xdf, 0xfc, 0x00, 0x00, 0x00, 0x00, 0xcf, 0xff, 0xf9,
    0x0c, 0xff, 0x80, 0x00, 0x00, 0x00, 0xcf, 0xff, 0x90, 0x03, 0xff, 0xf4, 0x00, 0x00, 0x00, 0xcf,
    0xf8, 0x00, 0x00, 0x7f, 0xfd, 0x10, 0x00, 0x00, 0xcf, 0xf1, 0x00, 0x00, 0x0c, 0xff, 0xa0, 0x00,
    0x00, 0xcf, 0xf1, 0x00, 0x00, 0x03, 0xff, 0xf5, 0x00, 0x00, 0xcf, 0xf1, 0x00, 0x00, 0x00, 0x7f,
    0xfe, 0x20, 0x00, 0xcf, 0xf1, 0x00, 0x00, 0x00, 0x0c, 0xff, 0xb0, 0x00, 0xcf, 0xf1, 0x00, 0x00,
    0x00, 0x03, 0xff, 0xf7, 0x00, 0xcf, 0xf1, 0x00, 0x00, 0x00, 0x00, 0x7f, 0xff, 0x30, 0xcf, 0xf1,
    0x00, 0x00, 0x00, 0x00, 0x0c, 0xff, 0xd1, 0xcf, 0xf1, 0x00, 0x00, 0x00, 0x00, 0x02, 0xff, 0xf9,
    0xcf, 0xf1, 0x00, 0x00, 0x00, 0x00, 0x00, 0xcf, 0xf1, 0x00, 0x00, 0x00, 0x00, 0x00, 0xcf, 0xf1,
    0x00, 0x00, 0x00, 0x00, 0x00, 0xcf, 0xf1, 0x00, 0x00, 0x00, 0x00, 0x00, 0xcf, 0xf1, 0x00, 0x00,
    0x00, 0x00, 0x00, 0xcf, 0xf1, 0x00, 0x00, 0x00, 0x00, 0x00, 0xcf, 0xf1, 0x00, 0x00, 0x00, 0x00,
    0x00, 0xcf, 0xf1, 0x00, 0x00, 0x00, 0x00, 0x00, 0xcf, 0xf1, 0x00, 0x00, 0x00, 0x00, 0x00, 0xcf,
    0xf1, 0x00, 0x00, 0x00, 0x00, 0x00, 0xcf, 0xf1, 0x00, 0x00, 0x00, 0x00, 0x00, 0xcf, 0xf1, 0x00,
    0x00, 0x00, 0x00, 0x00, 0xcf, 0xf1, 0x00, 0x00, 0x00, 0x00, 0x00, 0xcf, 0xf1, 0x00, 0x00, 0x00,
    0x00, 0x00, 0xcf, 0xf1, 0x00, 0x00, 0x00, 0x00, 0x00, 0xcf, 0xf1, 0x00, 0x00, 0x00, 0x00, 0x00,
    0xcf, 0xf1, 0x00, 0x00, 0x00, 0x00, 0x00, 0xcf, 0xf1, 0x00, 0x00, 0x00, 0x00, 0x00, 0xcf, 0xf1,
    0x00, 0x00, 0x00, 0x00, 0x00, 0xcf, 0xf8, 0x88, 0x88, 0x88, 0x88, 0x85, 0xcf, 0xff, 0xff, 0xff,
    0xff, 0xff, 0xf9, 0xcf, 0xff, 0xff, 0xff, 0xff, 0xff, 0xf9, 0xcf, 0xff, 0xa0, 0x00, 0x00, 0x00,
    0x00, 0x00, 0x4f, 0xff, 0xbc, 0xff, 0xfe, 0x00, 0x00, 0x00, 0x00, 0x00, 0x09, 0xff, 0xfb, 0xcf,
    0xff, 0xf5, 0x00, 0x00, 0x00, 0x00, 0x00, 0xef, 0xff, 0xbc, 0xff, 0xef, 0xa0, 0x00, 0x00, 0x00,
    0x00, 0x4f, 0xef, 0xfb, 0xcf, 0xf9, 0xfe, 0x00, 0x00, 0x00, 0x00, 0x09, 0xfa, 0xff, 0xbc, 0xff,
    0x4f, 0xf4, 0x00, 0x00, 0x00, 0x00, 0xef, 0x5f, 0xfb, 0xcf, 0xf0, 0xef, 0x90, 0x00, 0x00, 0x00,
    0x4f, 0xe1, 0xff, 0xbc, 0xff, 0x09, 0xfe, 0x00, 0x00, 0x00, 0x09, 0xf9, 0x0f, 0xfb, 0xcf, 0xf0,
    0x4f, 0xf4, 0x00, 0x00, 0x00, 0xef, 0x40, 0xff, 0xbc, 0xff, 0x00, 0xef, 0x90, 0x00, 0x00, 0x4f,
    0xe0, 0x0f, 0xfb, 0xcf, 0xf0, 0x09, 0xfe, 0x00, 0x00, 0x09, 0xf9, 0x00, 0xff, 0xbc, 0xff, 0x00,
    0x4f, 0xf4, 0x00, 0x00, 0xef, 0x40, 0x0f, 0xfb, 0xcf, 0xf0, 0x00, 0xef, 0x90, 0x00, 0x4f, 0xe0,
    0x00, 0xff, 0xbc, 0xff, 0x00, 0x0a, 0xfd, 0x00, 0x09, 0xf9, 0x00, 0x0f, 0xfb, 0xcf, 0xf0, 0x00,
    0x5f, 0xf3, 0x00, 0xef, 0x40, 0x00, 0xff, 0xbc, 0xff, 0x00, 0x00, 0xef, 0x80, 0x4f, 0xe0, 0x00,
    0x0f, 0xfb, 0xcf, 0xf0, 0x00, 0x0a, 0xfd, 0x09, 0xf9, 0x00, 0x00, 0xff, 0xbc, 0xff, 0x00, 0x00,
    0x5f, 0xf3, 0xef, 0x40, 0x00, 0x0f, 0xfb, 0xcf, 0xf0, 0x00, 0x00, 0xef, 0xbf, 0xe0, 0x00, 0x00,
    0xff, 0xbc, 0xff, 0x00, 0x00, 0x0a, 0xff, 0xf9, 0x00, 0x00, 0x0f, 0xfb, 0xcf, 0xf0, 0x00, 0x00,
    0x5f, 0xff, 0x40, 0x00, 0x00, 0xff, 0xbc, 0xff, 0x00, 0x00, 0x01, 0xef, 0xd0, 0x00, 0x00, 0x0f,
    0xfb, 0xbf, 0xf8, 0x00, 0x00, 0x00, 0x00, 0x00, 0x8f, 0xf3, 0xbf, 0xff, 0x30, 0x00, 0x00, 0x00,
    0x00, 0x8f, 0xf3, 0xbf, 0xff, 0xc0, 0x00, 0x00, 0x00, 0x00, 0x8f, 0xf3, 0xbf, 0xff, 0xf7, 0x00,
    0x00, 0x00, 0x00, 0x8f, 0xf3, 0xbf, 0xff, 0xff, 0x30, 0x00, 0x00, 0x00, 0x8f, 0xf3, 0xbf, 0xf7,
    0xff, 0xc0, 0x00, 0x00, 0x00, 0x8f, 0xf3, 0xbf, 0xf0, 0xcf, 0xf7, 0x00, 0x00, 0x00, 0x8f, 0xf3,
    0xbf, 0xf0, 0x3f, 0xfe, 0x20, 0x00, 0x00, 0x8f, 0xf3, 0xbf, 0xf0, 0x08, 0xff, 0xb0, 0x00, 0x00,
    0x8f, 0xf3, 0xbf, 0xf0, 0x00, 0xdf, 0xf6, 0x00, 0x00, 0x8f, 0xf3, 0xbf, 0xf0, 0x00, 0x3f, 0xfe,
    0x20, 0x00, 0x8f, 0xf3, 0xbf, 0xf0, 0x00, 0x08, 0xff, 0xb0, 0x00, 0x8f, 0xf3, 0xbf, 0xf0, 0x00,
    0x01, 0xdf, 0xf6, 0x00, 0x8f, 0xf3, 0xbf, 0xf0, 0x00, 0x00, 0x4f, 0xfe, 0x10, 0x8f, 0xf3, 0xbf,
    0xf0, 0x00, 0x00, 0x09, 0xff, 0xa0, 0x8f, 0xf3, 0xbf, 0xf0, 0x00, 0x00, 0x01, 0xdf, 0xf5, 0x8f,
    0xf3, 0xbf, 0xf0, 0x00, 0x00, 0x00, 0x4f, 0xfe, 0x9f, 0xf3, 0xbf, 0xf0, 0x00, 0x00, 0x00, 0x0a,
    0xff, 0xff, 0xf3, 0xbf, 0xf0, 0x00, 0x00, 0x00, 0x01, 0xef, 0xff, 0xf3, 0xbf, 0xf0, 0x00, 0x00,
    0x00, 0x00, 0x5f, 0xff, 0xf3, 0xbf, 0xf0, 0x00, 0x00, 0x00, 0x00, 0x0a, 0xff, 0xf3, 0xbf, 0xf0,
    0x00, 0x00, 0x00, 0x00, 0x01, 0xef, 0xf3, 0x00, 0x00, 0x00, 0x38, 0xcd, 0xfe, 0xda, 0x50, 0x00,
    0x00, 0x00, 0x00, 0x02, 0xaf, 0xff, 0xff, 0xff, 0xff, 0xd5, 0x00, 0x00, 0x00, 0x03, 0xef, 0xfe,
    0x96, 0x45, 0x7c, 0xff, 0xf8, 0x00, 0x00, 0x02, 0xef, 0xf9, 0x10, 0x00, 0x00, 0x05, 0xef, 0xf8,
    0x00, 0x00, 0xcf, 0xf7, 0x00, 0x00, 0x00, 0x00, 0x03, 0xef, 0xf4, 0x00, 0x5f, 0xfa, 0x00, 0x00,
    0x00, 0x00, 0x00, 0x06, 0xff, 0xc0, 0x0c, 0xff, 0x30, 0x00, 0x00, 0x00, 0x00, 0x00, 0x0c, 0xff,
    0x31, 0xff, 0xd0, 0x00, 0x00, 0x00, 0x00, 0x00, 0x00, 0x7f, 0xf8, 0x4f, 0xf9, 0x00, 0x00, 0x00,
    0x00, 0x00, 0x00, 0x03, 0xff, 0xb6, 0xff, 0x70, 0x00, 0x00, 0x00, 0x00, 0x00, 0x00, 0x1f, 0xfd,
    0x7f, 0xf6, 0x00, 0x00, 0x00, 0x00, 0x00, 0x00, 0x00, 0xff, 0xe8, 0xff, 0x60, 0x00, 0x00, 0x00,
    0x00, 0x00, 0x00, 0x0f, 0xfe, 0x7f, 0xf7, 0x00, 0x00, 0x00, 0x00, 0x00, 0x00, 0x01, 0xff, 0xd5,
    0xff, 0x90, 0x00, 0x00, 0x00, 0x00, 0x00, 0x00, 0x3f, 0xfb, 0x2f, 0xfc, 0x00, 0x00, 0x00, 0x00,
    0x00, 0x00, 0x06, 0xff, 0x80, 0xcf, 0xf3, 0x00, 0x00, 0x00, 0x00, 0x00, 0x00, 0xcf, 0xf3, 0x05,
    0xff, 0xb0, 0x00, 0x00, 0x00, 0x00, 0x00, 0x5f, 0xfc, 0x00, 0x0c, 0xff, 0x80, 0x00, 0x00, 0x00,
    0x00, 0x2e, 0xff, 0x40, 0x00, 0x2e, 0xff, 0x91, 0x00, 0x00, 0x00, 0x5e, 0xff, 0x80, 0x00, 0x00,
    0x3e, 0xff, 0xe9, 0x54, 0x57, 0xcf, 0xff, 0x90, 0x00, 0x00, 0x00, 0x1a, 0xff, 0xff, 0xff, 0xff,
    0xfd, 0x50, 0x00, 0x00, 0x00, 0x00, 0x02, 0x8c, 0xef, 0xed, 0xa5, 0x00, 0x00, 0x00, 0xaf, 0xff,
    0xff, 0xff, 0xff, 0xec, 0x94, 0x00, 0x0a, 0xff, 0xff, 0xff, 0xff, 0xff, 0xff, 0xfa, 0x00, 0xaf,
    0xf9, 0x88, 0x88, 0x88, 0x9c, 0xff, 0xf9, 0x0a, 0xff, 0x20, 0x00, 0x00, 0x00, 0x05, 0xff, 0xf2,
    0xaf, 0xf2, 0x00, 0x00, 0x00, 0x00, 0x09, 0xff, 0x7a, 0xff, 0x20, 0x00, 0x00, 0x00, 0x00, 0x5f,
    0xfa, 0xaf, 0xf2, 0x00, 0x00, 0x00, 0x00, 0x04, 0xff, 0xaa, 0xff, 0x20, 0x00, 0x00, 0x00, 0x00,
    0x6f, 0xf8, 0xaf, 0xf2, 0x00, 0x00, 0x00, 0x00, 0x1d, 0xff, 0x4a, 0xff, 0x20, 0x00, 0x00, 0x12,
    0x6d, 0xff, 0xc0, 0xaf, 0xff, 0xff, 0xff, 0xff, 0xff, 0xff, 0xe2, 0x0a, 0xff, 0xff, 0xff, 0xff,
    0xff, 0xff, 0x91, 0x00, 0xaf, 0xf9, 0x88, 0x88, 0x77, 0x64, 0x10, 0x00, 0x0a, 0xff, 0x20, 0x00,
    0x00, 0x00, 0x00, 0x00, 0x00, 0xaf, 0xf2, 0x00, 0x00, 0x00, 0x00, 0x00, 0x00, 0x0a, 0xff, 0x20,
    0x00, 0x00, 0x00, 0x00, 0x00, 0x00, 0xaf, 0xf2, 0x00, 0x00, 0x00, 0x00, 0x00, 0x00, 0x0a, 0xff,
    0x20, 0x00, 0x00, 0x00, 0x00, 0x00, 0x00, 0xaf, 0xf2, 0x00, 0x00, 0x00, 0x00, 0x00, 0x00, 0x0a,
    0xff, 0x20, 0x00, 0x00, 0x00, 0x00, 0x00, 0x00, 0xaf, 0xf2, 0x00, 0x00, 0x00, 0x00, 0x00, 0x00,
    0x0a, 0xff, 0x20, 0x00, 0x00, 0x00, 0x00, 0x00, 0x00, 0x00, 0x00, 0x00, 0x39, 0xce, 0xfe, 0xc9,
    0x40, 0x00, 0x00, 0x00, 0x00, 0x00, 0x3b, 0xff, 0xff, 0xff, 0xff, 0xfc, 0x30, 0x00, 0x00, 0x00,
    0x05, 0xff, 0xfd, 0x85, 0x45, 0x8d, 0xff, 0xf6, 0x00, 0x00, 0x00, 0x4f, 0xff, 0x70, 0x00, 0x00,
    0x00, 0x7f, 0xff, 0x60, 0x00, 0x01, 0xef, 0xf5, 0x00, 0x00, 0x00, 0x00, 0x04, 0xff, 0xf2, 0x00,
    0x08, 0xff, 0x80, 0x00, 0x00, 0x00, 0x00, 0x00, 0x8f, 0xfa, 0x00, 0x0e, 0xfe, 0x10, 0x00, 0x00,
    0x00, 0x00, 0x00, 0x1e, 0xff, 0x10, 0x4f, 0xfa, 0x00, 0x00, 0x00, 0x00, 0x00, 0x00, 0x0a, 0xff,
    0x60, 0x7f, 0xf7, 0x00, 0x00, 0x00, 0x00, 0x00, 0x00, 0x05, 0xff, 0x90, 0x9f, 0xf5, 0x00, 0x00,
    0x00, 0x00, 0x00, 0x00, 0x04, 0xff, 0xb0, 0xaf, 0xf4, 0x00, 0x00, 0x00, 0x00, 0x00, 0x00, 0x02,
    0xff, 0xc0, 0xaf, 0xf4, 0x00, 0x00, 0x00, 0x00, 0x00, 0x00, 0x02, 0xff, 0xc0, 0x9f, 0xf5, 0x00,
    0x00, 0x00, 0x00, 0x00, 0x00, 0x03, 0xff, 0xb0, 0x7f, 0xf7, 0x00, 0x00, 0x00, 0x00, 0x00, 0x00,
    0x05, 0xff, 0x90, 0x4f, 0xfa, 0x00, 0x00, 0x00, 0x00, 0x00, 0x00, 0x09, 0xff, 0x50, 0x0e, 0xff,
    0x10, 0x00, 0x00, 0x00, 0x00, 0x00, 0x1e, 0xff, 0x10, 0x08, 0xff, 0x90, 0x00, 0x00, 0x0b, 0x93,
    0x00, 0x7f, 0xf9, 0x00, 0x01, 0xdf, 0xf5, 0x00, 0x00, 0x3f, 0xff, 0x95, 0xff, 0xe2, 0x00, 0x00,
    0x4f, 0xff, 0x70, 0x00, 0x04, 0xaf, 0xff, 0xff, 0x50, 0x00, 0x00, 0x04, 0xef, 0xfd, 0x85, 0x45,
    0x8e, 0xff, 0xfd, 0x30, 0x00, 0x00, 0x00, 0x2b, 0xff, 0xff, 0xff, 0xff, 0xfd, 0xff, 0xfa, 0x40,
    0x00, 0x00, 0x00, 0x39, 0xce, 0xfe, 0xc9, 0x40, 0x2b, 0xff, 0xe1, 0x00, 0x00, 0x00, 0x00, 0x00,
    0x00, 0x00, 0x00, 0x00, 0x39, 0x90, 0xaf, 0xff, 0xff, 0xff, 0xff, 0xfe, 0xc9, 0x40, 0x00, 0x00,
    0xaf, 0xff, 0xff, 0xff, 0xff, 0xff, 0xff, 0xf9, 0x00, 0x00, 0xaf, 0xf6, 0x44, 0x44, 0x44, 0x46,
    0xbf, 0xff, 0x70, 0x00, 0xaf, 0xf3, 0x00, 0x00, 0x00, 0x00, 0x06, 0xff, 0xe1, 0x00, 0xaf, 0xf3,
    0x00, 0x00, 0x00, 0x00, 0x00, 0xbf, 0xf5, 0x00, 0xaf, 0xf3, 0x00, 0x00, 0x00, 0x00, 0x00, 0x7f,
    0xf7, 0x00, 0xaf, 0xf3, 0x00, 0x00, 0x00, 0x00, 0x00, 0x7f, 0xf7, 0x00, 0xaf, 0xf3, 0x00, 0x00,
    0x00, 0x00, 0x00, 0xbf, 0xf5, 0x00, 0xaf, 0xf3, 0x00, 0x00, 0x00, 0x00, 0x04, 0xff, 0xe1, 0x00,
    0xaf, 0xf3, 0x00, 0x00, 0x00, 0x13, 0x8f, 0xff, 0x60, 0x00, 0xaf, 0xff, 0xff, 0xff, 0xff, 0xff,
    0xff, 0xf7, 0x00, 0x00, 0xaf, 0xff, 0xff, 0xff, 0xff, 0xff, 0xc8, 0x20, 0x00, 0x00, 0xaf, 0xf6,
    0x44, 0x44, 0x8e, 0xfe, 0x60, 0x00, 0x00, 0x00, 0xaf, 0xf3, 0x00, 0x00, 0x02, 0xdf, 0xf8, 0x00,
    0x00, 0x00, 0xaf, 0xf3, 0x00, 0x00, 0x00, 0x3e, 0xff, 0x60, 0x00, 0x00, 0xaf, 0xf3, 0x00, 0x00,
    0x00, 0x06, 0xff, 0xf3, 0x00, 0x00, 0xaf, 0xf3, 0x00, 0x00, 0x00, 0x00, 0xbf, 0xfc, 0x00, 0x00,
    0xaf, 0xf3, 0x00, 0x00, 0x00, 0x00, 0x2e, 0xff, 0x70, 0x00, 0xaf, 0xf3, 0x00, 0x00, 0x00, 0x00,
    0x07, 0xff, 0xe2, 0x00, 0xaf, 0xf3, 0x00, 0x00, 0x00, 0x00, 0x00, 0xcf, 0xfb, 0x00, 0xaf, 0xf3,
    0x00, 0x00, 0x00, 0x00, 0x00, 0x3f, 0xff, 0x50, 0xaf, 0xf3, 0x00, 0x00, 0x00, 0x00, 0x00, 0x09,
    0xff, 0xe1, 0x00, 0x00, 0x27, 0xbd, 0xfe, 0xd9, 0x50, 0x00, 0x00, 0x00, 0x08, 0xff, 0xff, 0xff,
    0xff, 0xfc, 0x30, 0x00, 0x00, 0x9f, 0xff, 0xc9, 0x88, 0xae, 0xff, 0xe3, 0x00, 0x03, 0xff, 0xd3,
    0x00, 0x00, 0x01, 0x9f, 0xfd, 0x00, 0x09, 0xff, 0x30, 0x00, 0x00, 0x00, 0x0b, 0xff, 0x50, 0x0c,
    0xfe, 0x00, 0x00, 0x00, 0x00, 0x04, 0xff, 0x90, 0x0b, 0xff, 0x10, 0x00, 0x00, 0x00, 0x00, 0xed,
    0x90, 0x08, 0xff, 0xb1, 0x00, 0x00, 0x00, 0x00, 0x00, 0x00, 0x02, 0xef, 0xfe, 0x94, 0x10, 0x00,
    0x00, 0x00, 0x00, 0x00, 0x4e, 0xff, 0xff, 0xfc, 0x85, 0x10, 0x00, 0x00, 0x00, 0x01, 0x9f, 0xff,
    0xff, 0xff, 0xfa, 0x20, 0x00, 0x00, 0x00, 0x01, 0x59, 0xdf, 0xff, 0xff, 0xf7, 0x00, 0x00, 0x00,
    0x00, 0x00, 0x02, 0x6a, 0xef, 0xff, 0x60, 0x00, 0x00, 0x00, 0x00, 0x00, 0x00, 0x19, 0xff, 0xe1,
    0x00, 0x00, 0x00, 0x00, 0x00, 0x00, 0x00, 0xaf, 0xf4, 0x8d, 0xe2, 0x00, 0x00, 0x00, 0x00, 0x00,
    0x5f, 0xf6, 0x7f, 0xf7, 0x00, 0x00, 0x00, 0x00, 0x00, 0x6f, 0xf5, 0x3f, 0xfe, 0x20, 0x00, 0x00,
    0x00, 0x00, 0xcf, 0xf1, 0x0a, 0xff, 0xe6, 0x00, 0x00, 0x00, 0x2b, 0xff, 0x90, 0x01, 0xcf, 0xff,
    0xea, 0x98, 0x9c, 0xff, 0xfc, 0x10, 0x00, 0x19, 0xff, 0xff, 0xff, 0xff, 0xff, 0xa1, 0x00, 0x00,
    0x00, 0x27, 0xbd, 0xef, 0xec, 0x83, 0x00, 0x00, 0x4f, 0xff, 0xff, 0xff, 0xff, 0xff, 0xff, 0xff,
    0xfb, 0x4f, 0xff, 0xff, 0xff, 0xff, 0xff, 0xff, 0xff, 0xfb, 0x28, 0x88, 0x88, 0x89, 0xff, 0xc8,
    0x88, 0x88, 0x85, 0x00, 0x00, 0x00, 0x03, 0xff, 0x90, 0x00, 0x00, 0x00, 0x00, 0x00, 0x00, 0x03,
    0xff, 0x90, 0x00, 0x00, 0x00, 0x00, 0x00, 0x00, 0x03, 0xff, 0x90, 0x00, 0x00, 0x00, 0x00, 0x00,
    0x00, 0x03, 0xff, 0x90, 0x00, 0x00, 0x00, 0x00, 0x00, 0x00, 0x03, 0xff, 0x90, 0x00, 0x00, 0x00,
    0x00, 0x00, 0x00, 0x03, 0xff, 0x90, 0x00, 0x00, 0x00, 0x00, 0x00, 0x00, 0x03, 0xff, 0x90, 0x00,
    0x00, 0x00, 0x00, 0x00, 0x00, 0x03, 0xff, 0x90, 0x00, 0x00, 0x00, 0x00, 0x00, 0x00, 0x03, 0xff,
    0x90, 0x00, 0x00, 0x00, 0x00, 0x00, 0x00, 0x03, 0xff, 0x90, 0x00, 0x00, 0x00, 0x00, 0x00, 0x00,
    0x03, 0xff, 0x90, 0x00, 0x00, 0x00, 0x00, 0x00, 0x00, 0x03, 0xff, 0x90, 0x00, 0x00, 0x00, 0x00,
    0x00, 0x00, 0x03, 0xff, 0x90, 0x00, 0x00, 0x00, 0x00, 0x00, 0x00, 0x03, 0xff, 0x90, 0x00, 0x00,
    0x00, 0x00, 0x00, 0x00, 0x03, 0xff, 0x90, 0x00, 0x00, 0x00, 0x00, 0x00, 0x00, 0x03, 0xff, 0x90,
    0x00, 0x00, 0x00, 0x00, 0x00, 0x00, 0x03, 0xff, 0x90, 0x00, 0x00, 0x00, 0x00, 0x00, 0x00, 0x03,
    0xff, 0x90, 0x00, 0x00, 0x00, 0x00, 0x00, 0x00, 0x03, 0xff, 0x90, 0x00, 0x00, 0x00, 0xaf, 0xf3,
    0x00, 0x00, 0x00, 0x00, 0x00, 0x9f, 0xf4, 0xaf, 0xf3, 0x00, 0x00, 0x00, 0x00, 0x00, 0x9f, 0xf4,
    0xaf, 0xf3, 0x00, 0x00, 0x00, 0x00, 0x00, 0x9f, 0xf4, 0xaf, 0xf3, 0x00, 0x00, 0x00, 0x00, 0x00,
    0x9f, 0xf4, 0xaf, 0xf3, 0x00, 0x00, 0x00, 0x00, 0x00, 0x9f, 0xf4, 0xaf, 0xf3, 0x00, 0x00, 0x00,
    0x00, 0x00, 0x9f, 0xf4, 0xaf, 0xf3, 0x00, 0x00, 0x00, 0x00, 0x00, 0x9f, 0xf4, 0xaf, 0xf3, 0x00,
    0x00, 0x00, 0x00, 0x00, 0x9f, 0xf4, 0xaf, 0xf3, 0x00, 0x00, 0x00, 0x00, 0x00, 0x9f, 0xf4, 0xaf,
    0xf3, 0x00, 0x00, 0x00, 0x00, 0x00, 0x9f, 0xf4, 0xaf, 0xf3, 0x00, 0x00, 0x00, 0x00, 0x00, 0x9f,
    0xf4, 0xaf, 0xf3, 0x00, 0x00, 0x00, 0x00, 0x00, 0x9f, 0xf4, 0xaf, 0xf3, 0x00, 0x00, 0x00, 0x00,
    0x00, 0x9f, 0xf4, 0x9f, 0xf3, 0x00, 0x00, 0x00, 0x00, 0x00, 0xaf, 0xf3, 0x8f, 0xf4, 0x00, 0x00,
    0x00, 0x00, 0x00, 0xbf, 0xf2, 0x7f, 0xf6, 0x00, 0x00, 0x00, 0x00, 0x00, 0xdf, 0xf1, 0x4f, 0xfa,
    0x00, 0x00, 0x00, 0x00, 0x02, 0xff, 0xd0, 0x0e, 0xff, 0x30, 0x00, 0x00, 0x00, 0x09, 0xff, 0x80,
    0x08, 0xff, 0xe4, 0x00, 0x00, 0x01, 0x7f, 0xff, 0x20, 0x01, 0xcf, 0xff, 0xd9, 0x88, 0xae, 0xff,
    0xf6, 0x00, 0x00, 0x1a, 0xff, 0xff, 0xff, 0xff, 0xfe, 0x50, 0x00, 0x00, 0x00, 0x39, 0xce, 0xff,
    0xdb, 0x61, 0x00, 0x00, 0xaf, 0xf6, 0x00, 0x00, 0x00, 0x00, 0x00, 0x00, 0x5f, 0xf9, 0x5f, 0xfb,
    0x00, 0x00, 0x00, 0x00, 0x00, 0x00, 0xaf, 0xf3, 0x0e, 0xff, 0x10, 0x00, 0x00, 0x00, 0x00, 0x01,
    0xff, 0xc0, 0x08, 0xff, 0x60, 0x00, 0x00, 0x00, 0x00, 0x06, 0xff, 0x70, 0x03, 0xff, 0xc0, 0x00,
    0x00, 0x00, 0x00, 0x0b, 0xff, 0x10, 0x00, 0xcf, 0xf2, 0x00, 0x00, 0x00, 0x00, 0x2f, 0xfa, 0x00,
    0x00, 0x6f, 0xf7, 0x00, 0x00, 0x00, 0x00, 0x7f, 0xf4, 0x00, 0x00, 0x1f, 0xfc, 0x00, 0x00, 0x00,
    0x00, 0xdf, 0xe0, 0x00, 0x00, 0x0a, 0xff, 0x20, 0x00, 0x00, 0x03, 0xff, 0x80, 0x00, 0x00, 0x04,
    0xff, 0x80, 0x00, 0x00, 0x08, 0xff, 0x20, 0x00, 0x00, 0x00, 0xdf, 0xd0, 0x00, 0x00, 0x0e, 0xfc,
    0x00, 0x00, 0x00, 0x00, 0x8f, 0xf3, 0x00, 0x00, 0x4f, 0xf6, 0x00, 0x00, 0x00, 0x00, 0x2f, 0xf8,
    0x00, 0x00, 0xaf, 0xe1, 0x00, 0x00, 0x00, 0x00, 0x0c, 0xfe, 0x00, 0x01, 0xef, 0x90, 0x00, 0x00,
    0x00, 0x00, 0x06, 0xff, 0x40, 0x06, 0xff, 0x40, 0x00, 0x00, 0x00, 0x00, 0x01, 0xef, 0x90, 0x0b,
    0xfd, 0x00, 0x00, 0x00, 0x00, 0x00, 0x00, 0x9f, 0xe0, 0x1f, 0xf7, 0x00, 0x00, 0x00, 0x00, 0x00,
    0x00, 0x4f, 0xf4, 0x6f, 0xf2, 0x00, 0x00, 0x00, 0x00, 0x00, 0x00, 0x0d, 0xf8, 0xbf, 0xb0, 0x00,
    0x00, 0x00, 0x00, 0x00, 0x00, 0x07, 0xfd, 0xff, 0x50, 0x00, 0x00, 0x00, 0x00, 0x00, 0x00, 0x02,
    0xff, 0xfe, 0x00, 0x00, 0x00, 0x00, 0x00, 0x00, 0x00, 0x00, 0xbf, 0xf8, 0x00, 0x00, 0x00, 0x00,
    0x8f, 0xf6, 0x00, 0x00, 0x00, 0x00, 0x9f, 0xff, 0x10, 0x00, 0x00, 0x00, 0x0f, 0xfd, 0x4f, 0xf9,
    0x00, 0x00, 0x00, 0x00, 0xdf, 0xff, 0x50, 0x00, 0x00, 0x00, 0x3f, 0xf9, 0x0e, 0xfd, 0x00, 0x00,
    0x00, 0x03, 0xff, 0xef, 0x90, 0x00, 0x00, 0x00, 0x7f, 0xf5, 0x0b, 0xff, 0x10, 0x00, 0x00, 0x07,
    0xfe, 0x9f, 0xd0, 0x00, 0x00, 0x00, 0xbf, 0xf1, 0x07, 0xff, 0x40, 0x00, 0x00, 0x0b, 0xfa, 0x5f,
    0xf3, 0x00, 0x00, 0x00, 0xef, 0xc0, 0x03, 0xff, 0x80, 0x00, 0x00, 0x0e, 0xf6, 0x1f, 0xf7, 0x00,
    0x00, 0x03, 0xff, 0x80, 0x00, 0xef, 0xb0, 0x00, 0x00, 0x4f, 0xf2, 0x0c, 0xfb, 0x00, 0x00, 0x06,
    0xff, 0x40, 0x00, 0xbf, 0xe0, 0x00, 0x00, 0x8f, 0xd0, 0x08, 0xff, 0x00, 0x00, 0x0a, 0xfe, 0x00,
    0x00, 0x7f, 0xf3, 0x00, 0x00, 0xcf, 0x90, 0x04, 0xff, 0x40, 0x00, 0x0d, 0xfb, 0x00, 0x00, 0x3f,
    0xf6, 0x00, 0x01, 0xff, 0x50, 0x01, 0xff, 0x80, 0x00, 0x2f, 0xf7, 0x00, 0x00, 0x0e, 0xfa, 0x00,
    0x06, 0xff, 0x10, 0x00, 0xbf, 0xc0, 0x00, 0x6f, 0xf3, 0x00, 0x00, 0x0a, 0xfd, 0x00, 0x0a, 0xfc,
    0x00, 0x00, 0x7f, 0xf1, 0x00, 0x9f, 0xe0, 0x00, 0x00, 0x06, 0xff, 0x10, 0x0e, 0xf8, 0x00, 0x00,
    0x3f, 0xf5, 0x00, 0xdf, 0xa0, 0x00, 0x00, 0x02, 0xff, 0x50, 0x3f, 0xf4, 0x00, 0x00, 0x0e, 0xf9,
    0x01, 0xff, 0x60, 0x00, 0x00, 0x00, 0xdf, 0x80, 0x7f, 0xe0, 0x00, 0x00, 0x0a, 0xfd, 0x05, 0xff,
    0x20, 0x00, 0x00, 0x00, 0x9f, 0xb0, 0xbf, 0xb0, 0x00, 0x00, 0x06, 0xff, 0x18, 0xfd, 0x00, 0x00,
    0x00, 0x00, 0x5f, 0xe0, 0xef, 0x70, 0x00, 0x00, 0x02, 0xff, 0x4c, 0xf8, 0x00, 0x00, 0x00, 0x00,
    0x2f, 0xf5, 0xff, 0x30, 0x00, 0x00, 0x00, 0xdf, 0x7f, 0xf4, 0x00, 0x00, 0x00, 0x00, 0x0d, 0xfc,
    0xfe, 0x00, 0x00, 0x00, 0x00, 0x9f, 0xcf, 0xf1, 0x00, 0x00, 0x00, 0x00, 0x09, 0xff, 0xfa, 0x00,
    0x00, 0x00, 0x00, 0x5f, 0xff, 0xb0, 0x00, 0x00, 0x00, 0x00, 0x05, 0xff, 0xf6, 0x00, 0x00, 0x00,
    0x00, 0x1f, 0xff, 0x70, 0x00, 0x00, 0x00, 0x00, 0x01, 0xff, 0xf2, 0x00, 0x00, 0x00, 0x00, 0x0c,
    0xff, 0x30, 0x00, 0x00, 0x08, 0xff, 0xc0, 0x00, 0x00, 0x00, 0x00, 0x04, 0xff, 0xd1, 0x00, 0xcf,
    0xf8, 0x00, 0x00, 0x00, 0x00, 0x1e, 0xff, 0x30, 0x00, 0x3f, 0xff, 0x40, 0x00, 0x00, 0x00, 0xbf,
    0xf6, 0x00, 0x00, 0x07, 0xff, 0xe1, 0x00, 0x00, 0x08, 0xff, 0xa0, 0x00, 0x00, 0x00, 0xbf, 0xfa,
    0x00, 0x00, 0x4f, 0xfd, 0x10, 0x00, 0x00, 0x00, 0x2e, 0xff, 0x60, 0x02, 0xef, 0xf4, 0x00, 0x00,
    0x00, 0x00, 0x06, 0xff, 0xe2, 0x0b, 0xff, 0x80, 0x00, 0x00, 0x00, 0x00, 0x00, 0xaf, 0xfb, 0x7f,
    0xfb, 0x00, 0x00, 0x00, 0x00, 0x00, 0x00, 0x1e, 0xff, 0xff, 0xe2, 0x00, 0x00, 0x00, 0x00, 0x00,
    0x00, 0x04, 0xff, 0xff, 0x50, 0x00, 0x00, 0x00, 0x00, 0x00, 0x00, 0x00, 0xbf, 0xfd, 0x00, 0x00,
    0x00, 0x00, 0x00, 0x00, 0x00, 0x04, 0xff, 0xff, 0x70, 0x00, 0x00, 0x00, 0x00, 0x00, 0x00, 0x1e,
    0xff, 0xff, 0xf3, 0x00, 0x00, 0x00, 0x00, 0x00, 0x00, 0xbf, 0xf9, 0xaf, 0xfd, 0x00, 0x00, 0x00,
    0x00, 0x00, 0x07, 0xff, 0xd1, 0x1e, 0xff, 0x90, 0x00, 0x00, 0x00, 0x00, 0x3f, 0xff, 0x40, 0x04,
    0xff, 0xf4, 0x00, 0x00, 0x00, 0x01, 0xdf, 0xf8, 0x00, 0x00, 0x9f, 0xfd, 0x10, 0x00, 0x00, 0x09,
    0xff, 0xc0, 0x00, 0x00, 0x1d, 0xff, 0xa0, 0x00, 0x00, 0x5f, 0xfe, 0x20, 0x00, 0x00, 0x03, 0xff,
    0xf5, 0x00, 0x02, 0xef, 0xf5, 0x00, 0x00, 0x00, 0x00, 0x7f, 0xfe, 0x20, 0x0c, 0xff, 0x90, 0x00,
    0x00, 0x00, 0x00, 0x0b, 0xff, 0xb0, 0x8f, 0xfd, 0x10, 0x00, 0x00, 0x00, 0x00, 0x02, 0xef, 0xf7,
    0x9f, 0xfc, 0x00, 0x00, 0x00, 0x00, 0x00, 0x00, 0xcf, 0xf7, 0x1d, 0xff, 0x70, 0x00, 0x00, 0x00,
    0x00, 0x07, 0xff, 0xc0, 0x05, 0xff, 0xe2, 0x00, 0x00, 0x00, 0x00, 0x2e, 0xff, 0x20, 0x00, 0xaf,
    0xfa, 0x00, 0x00, 0x00, 0x00, 0xaf, 0xf7, 0x00, 0x00, 0x2e, 0xff, 0x50, 0x00, 0x00, 0x05, 0xff,
    0xc0, 0x00, 0x00, 0x06, 0xff, 0xd1, 0x00, 0x00, 0x1d, 0xff, 0x30, 0x00, 0x00, 0x00, 0xcf, 0xf8,
    0x00, 0x00, 0x8f, 0xf7, 0x00, 0x00, 0x00, 0x00, 0x2f, 0xff, 0x20, 0x03, 0xff, 0xc0, 0x00, 0x00,
    0x00, 0x00, 0x08, 0xff, 0xa0, 0x0b, 0xff, 0x30, 0x00, 0x00, 0x00, 0x00, 0x00, 0xdf, 0xf4, 0x5f,
    0xf8, 0x00, 0x00, 0x00, 0x00, 0x00, 0x00, 0x4f, 0xfc, 0xdf, 0xc0, 0x00, 0x00, 0x00, 0x00, 0x00,
    0x00, 0x09, 0xff, 0xff, 0x30, 0x00, 0x00, 0x00, 0x00, 0x00, 0x00, 0x01, 0xef, 0xf8, 0x00, 0x00,
    0x00, 0x00, 0x00, 0x00, 0x00, 0x00, 0xaf, 0xf3, 0x00, 0x00, 0x00, 0x00, 0x00, 0x00, 0x00, 0x00,
    0xaf, 0xf3, 0x00, 0x00, 0x00, 0x00, 0x00, 0x00, 0x00, 0x00, 0xaf, 0xf3, 0x00, 0x00, 0x00, 0x00,
    0x00, 0x00, 0x00, 0x00, 0xaf, 0xf3, 0x00, 0x00, 0x00, 0x00, 0x00, 0x00, 0x00, 0x00, 0xaf, 0xf3,
    0x00, 0x00, 0x00, 0x00, 0x00, 0x00, 0x00, 0x00, 0xaf, 0xf3, 0x00, 0x00, 0x00, 0x00, 0x00, 0x00,
    0x00, 0x00, 0xaf, 0xf3, 0x00, 0x00, 0x00, 0x00, 0x00, 0x00, 0x00, 0x00, 0xaf, 0xf3, 0x00, 0x00,
    0x00, 0x00, 0x00, 0x00, 0x00, 0x00, 0xaf, 0xf3, 0x00, 0x00, 0x00, 0x00, 0x02, 0xff, 0xff, 0xff,
    0xff, 0xff, 0xff, 0xff, 0xf4, 0x02, 0xff, 0xff, 0xff, 0xff, 0xff, 0xff, 0xff, 0xf4, 0x01, 0x88,
    0x88, 0x88, 0x88, 0x88, 0x8a, 0xff, 0xf2, 0x00, 0x00, 0x00, 0x00, 0x00, 0x00, 0x2e, 0xff, 0x70,
    0x00, 0x00, 0x00, 0x00, 0x00, 0x01, 0xcf, 0xfa, 0x00, 0x00, 0x00, 0x00, 0x00, 0x00, 0x0a, 0xff,
    0xd1, 0x00, 0x00, 0x00, 0x00, 0x00, 0x00, 0x7f, 0xfe, 0x20, 0x00, 0x00, 0x00, 0x00, 0x00, 0x03,
    0xff, 0xf5, 0x00, 0x00, 0x00, 0x00, 0x00, 0x00, 0x1d, 0xff, 0x80, 0x00, 0x00, 0x00, 0x00, 0x00,
    0x00, 0xbf, 0xfb, 0x00, 0x00, 0x00, 0x00, 0x00, 0x00, 0x08, 0xff, 0xd1, 0x00, 0x00, 0x00, 0x00,
    0x00, 0x00, 0x5f, 0xff, 0x30, 0x00, 0x00, 0x00, 0x00, 0x00, 0x02, 0xef, 0xf6, 0x00, 0x00, 0x00,
    0x00, 0x00, 0x00, 0x1c, 0xff, 0xa0, 0x00, 0x00, 0x00, 0x00, 0x00, 0x00, 0x9f, 0xfc, 0x10, 0x00,
    0x00, 0x00, 0x00, 0x00, 0x06, 0xff, 0xe2, 0x00, 0x00, 0x00, 0x00, 0x00, 0x00, 0x3f, 0xff, 0x40,
    0x00, 0x00, 0x00, 0x00, 0x00, 0x01, 0xdf, 0xf8, 0x00, 0x00, 0x00, 0x00, 0x00, 0x00, 0x0b, 0xff,
    0xa0, 0x00, 0x00, 0x00, 0x00, 0x00, 0x00, 0x5f, 0xff, 0x88, 0x88, 0x88, 0x88, 0x88, 0x88, 0x84,
    0x6f, 0xff, 0xff, 0xff, 0xff, 0xff, 0xff, 0xff, 0xf9, 0x6f, 0xff, 0xff, 0xff, 0xff, 0xff, 0xff,
    0xff, 0xf9, 0xff, 0xff, 0xfd, 0xff, 0xff, 0xfd, 0xff, 0xb4, 0x43, 0xff, 0xa0, 0x00, 0xff, 0xa0,
    0x00, 0xff, 0xa0, 0x00, 0xff, 0xa0, 0x00, 0xff, 0xa0, 0x00, 0xff, 0xa0, 0x00, 0xff, 0xa0, 0x00,
    0xff, 0xa0, 0x00, 0xff, 0xa0, 0x00, 0xff, 0xa0, 0x00, 0xff, 0xa0, 0x00, 0xff, 0xa0, 0x00, 0xff,
    0xa0, 0x00, 0xff, 0xa0, 0x00, 0xff, 0xa0, 0x00, 0xff, 0xa0, 0x00, 0xff, 0xa0, 0x00, 0xff, 0xa0,
    0x00, 0xff, 0xa0, 0x00, 0xff, 0xa0, 0x00, 0xff, 0xa0, 0x00, 0xff, 0xa0, 0x00, 0xff, 0xb4, 0x43,
    0xff, 0xff, 0xfd, 0xff, 0xff, 0xfd, 0xdf, 0x40, 0x00, 0x00, 0x09, 0xf8, 0x00, 0x00, 0x00, 0x4f,
    0xc0, 0x00, 0x00, 0x01, 0xff, 0x20, 0x00, 0x00, 0x0b, 0xf6, 0x00, 0x00, 0x00, 0x7f, 0xa0, 0x00,
    0x00, 0x02, 0xfe, 0x00, 0x00, 0x00, 0x0d, 0xf4, 0x00, 0x00, 0x00, 0x9f, 0x80, 0x00, 0x00, 0x05,
    0xfc, 0x00, 0x00, 0x00, 0x1f, 0xf1, 0x00, 0x00, 0x00, 0xbf, 0x50, 0x00, 0x00, 0x07, 0xfa, 0x00,
    0x00, 0x00, 0x3f, 0xe0, 0x00, 0x00, 0x00, 0xef, 0x30, 0x00, 0x00, 0x09, 0xf7, 0x00, 0x00, 0x00,
    0x5f, 0xc0, 0x00, 0x00, 0x01, 0xff, 0x10, 0x00, 0x00, 0x0c, 0xf5, 0x00, 0x00, 0x00, 0x7f, 0x90,
    0x00, 0x00, 0x03, 0xfe, 0x00, 0x00, 0x00, 0x0e, 0xf3, 0x6f, 0xff, 0xff, 0x66, 0xff, 0xff, 0xf6,
    0x24, 0x47, 0xff, 0x60, 0x00, 0x4f, 0xf6, 0x00, 0x04, 0xff, 0x60, 0x00, 0x4f, 0xf6, 0x00, 0x04,
    0xff, 0x60, 0x00, 0x4f, 0xf6, 0x00, 0x04, 0xff, 0x60, 0x00, 0x4f, 0xf6, 0x00, 0x04, 0xff, 0x60,
    0x00, 0x4f, 0xf6, 0x00, 0x04, 0xff, 0x60, 0x00, 0x4f, 0xf6, 0x00, 0x04, 0xff, 0x60, 0x00, 0x4f,
    0xf6, 0x00, 0x04, 0xff, 0x60, 0x00, 0x4f, 0xf6, 0x00, 0x04, 0xff, 0x60, 0x00, 0x4f, 0xf6, 0x00,
    0x04, 0xff, 0x60, 0x00, 0x4f, 0xf6, 0x00, 0x04, 0xff, 0x60, 0x00, 0x4f, 0xf6, 0x00, 0x04, 0xff,
    0x62, 0x44, 0x7f, 0xf6, 0x6f, 0xff, 0xff, 0x66, 0xff, 0xff, 0xf6, 0x00, 0x00, 0x04, 0xff, 0x50,
    0x00, 0x00, 0x00, 0x00, 0x0a, 0xff, 0xb0, 0x00, 0x00, 0x00, 0x00, 0x2f, 0xff, 0xf3, 0x00, 0x00,
    0x00, 0x00, 0x8f, 0xcc, 0xf9, 0x00, 0x00, 0x00, 0x01, 0xef, 0x66, 0xfe, 0x10, 0x00, 0x00, 0x06,
    0xff, 0x11, 0xef, 0x70, 0x00, 0x00, 0x0c, 0xfa, 0x00, 0x9f, 0xd0, 0x00, 0x00, 0x4f, 0xf4, 0x00,
    0x3f, 0xf5, 0x00, 0x00, 0xaf, 0xd0, 0x00, 0x0c, 0xfc, 0x00, 0x02, 0xff, 0x70, 0x00, 0x05, 0xff,
    0x30, 0x08, 0xff, 0x10, 0x00, 0x00, 0xef, 0x90, 0x1e, 0xfa, 0x00, 0x00, 0x00, 0x8f, 0xf1, 0x7f,
    0xff, 0xff, 0xff, 0xff, 0xff, 0xff, 0xff, 0xff, 0x06, 0xee, 0xee, 0xee, 0xee, 0xee, 0xee, 0xee,
    0xee, 0xe0, 0x4f, 0xff, 0x20, 0x07, 0xff, 0x90, 0x00, 0x9f, 0xf1, 0x00, 0x0b, 0xf8, 0x00, 0x03,
    0x9c, 0xef, 0xed, 0x93, 0x00, 0x00, 0x0a, 0xff, 0xff, 0xff, 0xff, 0xf6, 0x00, 0x09, 0xff, 0xd7,
    0x54, 0x6c, 0xff, 0xf2, 0x02, 0xff, 0xc1, 0x00, 0x00, 0x09, 0xff, 0x60, 0x4c, 0xe5, 0x00, 0x00,
    0x00, 0x3f, 0xf8, 0x00, 0x00, 0x00, 0x00, 0x00, 0x01, 0xff, 0x90, 0x00, 0x00, 0x00, 0x13, 0x69,
    0xdf, 0xf9, 0x00, 0x01, 0x7b, 0xef, 0xff, 0xff, 0xff, 0x90, 0x06, 0xef, 0xff, 0xff, 0xda, 0x7f,
    0xf9, 0x04, 0xff, 0xe9, 0x52, 0x00, 0x02, 0xff, 0x90, 0xbf, 0xf4, 0x00, 0x00, 0x00, 0x3f, 0xf9,
    0x0d, 0xfe, 0x00, 0x00, 0x00, 0x09, 0xff, 0x90, 0xcf, 0xf3, 0x00, 0x00, 0x06, 0xff, 0xf9, 0x08,
    0xff, 0xe8, 0x54, 0x7c, 0xff, 0xff, 0xa0, 0x1c, 0xff, 0xff, 0xff, 0xfd, 0x4b, 0xfd, 0x00, 0x06,
    0xce, 0xfe, 0xb6, 0x00, 0x8f, 0xf3, 0x0f, 0xf9, 0x00, 0x00, 0x00, 0x00, 0x00, 0x00, 0xff, 0x90,
    0x00, 0x00, 0x00, 0x00, 0x00, 0x0f, 0xf9, 0x00, 0x00, 0x00, 0x00, 0x00, 0x00, 0xff, 0x90, 0x00,
    0x00, 0x00, 0x00, 0x00, 0x0f, 0xf9, 0x00, 0x00, 0x00, 0x00, 0x00, 0x00, 0xff, 0x90, 0x00, 0x00,
    0x00, 0x00, 0x00, 0x0f, 0xf9, 0x06, 0xce, 0xec, 0x60, 0x00, 0x00, 0xff, 0x9b, 0xff, 0xff, 0xff,
    0xd2, 0x00, 0x0f, 0xff, 0xfd, 0x74, 0x6c, 0xff, 0xd1, 0x00, 0xff, 0xfc, 0x10, 0x00, 0x09, 0xff,
    0x70, 0x0f, 0xff, 0x20, 0x00, 0x00, 0x1d, 0xfe, 0x00, 0xff, 0xb0, 0x00, 0x00, 0x00, 0x8f, 0xf3,
    0x0f, 0xf7, 0x00, 0x00, 0x00, 0x05, 0xff, 0x50, 0xff, 0x60, 0x00, 0x00, 0x00, 0x4f, 0xf6, 0x0f,
    0xf6, 0x00, 0x00, 0x00, 0x04, 0xff, 0x60, 0xff, 0x70, 0x00, 0x00, 0x00, 0x5f, 0xf5, 0x0f, 0xfa,
    0x00, 0x00, 0x00, 0x09, 0xff, 0x20, 0xff, 0xe1, 0x00, 0x00, 0x01, 0xef, 0xd0, 0x0f, 0xff, 0xb0,
    0x00, 0x00, 0xaf, 0xf6, 0x00, 0xff, 0xef, 0xc6, 0x46, 0xcf, 0xfb, 0x00, 0x0f, 0xf7, 0xcf, 0xff,
    0xff, 0xfb, 0x10, 0x00, 0xff, 0x60, 0x7d, 0xfe, 0xb5, 0x00, 0x00, 0x00, 0x01, 0x7c, 0xef, 0xea,
    0x50, 0x00, 0x00, 0x4e, 0xff, 0xff, 0xff, 0xfa, 0x00, 0x03, 0xff, 0xfa, 0x54, 0x7d, 0xff, 0x90,
    0x0d, 0xff, 0x50, 0x00, 0x01, 0xcf, 0xf2, 0x4f, 0xf9, 0x00, 0x00, 0x00, 0x5e, 0xb4, 0x8f, 0xf3,
    0x00, 0x00, 0x00, 0x00, 0x00, 0xaf, 0xf0, 0x00, 0x00, 0x00, 0x00, 0x00, 0xcf, 0xe0, 0x00, 0x00,
    0x00, 0x00, 0x00, 0xcf, 0xe0, 0x00, 0x00, 0x00, 0x00, 0x00, 0xbf, 0xf0, 0x00, 0x00, 0x00, 0x00,
    0x00, 0x8f, 0xf3, 0x00, 0x00, 0x00, 0x1e, 0xc7, 0x4f, 0xf8, 0x00, 0x00, 0x00, 0x5f, 0xf6, 0x0d,
    0xff, 0x40, 0x00, 0x01, 0xdf, 0xe1, 0x04, 0xff, 0xf9, 0x54, 0x7e, 0xff, 0x70, 0x00, 0x5e, 0xff,
    0xff, 0xff, 0xf8, 0x00, 0x00, 0x01, 0x8c, 0xef, 0xda, 0x30, 0x00, 0x00, 0x00, 0x00, 0x00, 0x00,
    0x2f, 0xf8, 0x00, 0x00, 0x00, 0x00, 0x00, 0x2f, 0xf8, 0x00, 0x00, 0x00, 0x00, 0x00, 0x2f, 0xf8,
    0x00, 0x00, 0x00, 0x00, 0x00, 0x2f, 0xf8, 0x00, 0x00, 0x00, 0x00, 0x00, 0x2f, 0xf8, 0x00, 0x00,
    0x00, 0x00, 0x00, 0x2f, 0xf8, 0x00, 0x03, 0x9d, 0xed, 0x92, 0x2f, 0xf8, 0x00, 0x7f, 0xff, 0xff,
    0xfe, 0x6f, 0xf8, 0x06, 0xff, 0xe8, 0x45, 0xaf, 0xff, 0xf8, 0x1e, 0xfe, 0x20, 0x00, 0x05, 0xff,
    0xf8, 0x6f, 0xf6, 0x00, 0x00, 0x00, 0xaf, 0xf8, 0xaf, 0xf1, 0x00, 0x00, 0x00, 0x4f, 0xf8, 0xdf,
    0xd0, 0x00, 0x00, 0x00, 0x1f, 0xf8, 0xef, 0xb0, 0x00, 0x00, 0x00, 0x0e, 0xf8, 0xef, 0xb0, 0x00,
    0x00, 0x00, 0x0e, 0xf8, 0xcf, 0xd0, 0x00, 0x00, 0x00, 0x0f, 0xf8, 0xaf, 0xf1, 0x00, 0x00, 0x00,
    0x3f, 0xf8, 0x5f, 0xf7, 0x00, 0x00, 0x00, 0x8f, 0xf8, 0x1d, 0xfe, 0x30, 0x00, 0x04, 0xff, 0xf8,
    0x04, 0xff, 0xf9, 0x45, 0x9f, 0xff, 0xf8, 0x00, 0x5e, 0xff, 0xff, 0xff, 0x9e, 0xf8, 0x00, 0x02,
    0x8d, 0xee, 0xb5, 0x0e, 0xf8, 0x00, 0x01, 0x7c, 0xef, 0xda, 0x40, 0x00, 0x00, 0x03, 0xef, 0xff,
    0xff, 0xff, 0xa0, 0x00, 0x03, 0xff, 0xfa, 0x54, 0x6c, 0xff, 0xa0, 0x00, 0xdf, 0xf6, 0x00, 0x00,
    0x09, 0xff, 0x50, 0x5f, 0xf9, 0x00, 0x00, 0x00, 0x1e, 0xfc, 0x09, 0xff, 0x30, 0x00, 0x00, 0x00,
    0x9f, 0xf2, 0xcf, 0xf4, 0x44, 0x44, 0x44, 0x48, 0xff, 0x5d, 0xff, 0xff, 0xff, 0xff, 0xff, 0xff,
    0xf6, 0xdf, 0xff, 0xff, 0xff, 0xff, 0xff, 0xff, 0x6c, 0xfd, 0x00, 0x00, 0x00, 0x00, 0x00, 0x00,
    0xaf, 0xf1, 0x00, 0x00, 0x00, 0x00, 0x00, 0x05, 0xff, 0x80, 0x00, 0x00, 0x00, 0xae, 0xc2, 0x0d,
    0xff, 0x50, 0x00, 0x00, 0x6f, 0xfd, 0x00, 0x4f, 0xff, 0xa5, 0x46, 0xaf, 0xff, 0x40, 0x00, 0x4e,
    0xff, 0xff, 0xff, 0xfe, 0x50, 0x00, 0x00, 0x17, 0xce, 0xfe, 0xc8, 0x10, 0x00, 0x00, 0x00, 0x7d,
    0xee, 0xd4, 0x00, 0x0a, 0xff, 0xff, 0xf2, 0x00, 0x3f, 0xfd, 0x64, 0x50, 0x00, 0x5f, 0xf6, 0x00,
    0x00, 0x00, 0x6f, 0xf4, 0x00, 0x00, 0x00, 0x6f, 0xf4, 0x00, 0x00, 0xbf, 0xff, 0xff, 0xff, 0x40,
    0xbf, 0xff, 0xff, 0xff, 0x40, 0x34, 0x8f, 0xf6, 0x44, 0x10, 0x00, 0x6f, 0xf4, 0x00, 0x00, 0x00,
    0x6f, 0xf4, 0x00, 0x00, 0x00, 0x6f, 0xf4, 0x00, 0x00, 0x00, 0x6f, 0xf4, 0x00, 0x00, 0x00, 0x6f,
    0xf4, 0x00, 0x00, 0x00, 0x6f, 0xf4, 0x00, 0x00, 0x00, 0x6f, 0xf4, 0x00, 0x00, 0x00, 0x6f, 0xf4,
    0x00, 0x00, 0x00, 0x6f, 0xf4, 0x00, 0x00, 0x00, 0x6f, 0xf4, 0x00, 0x00, 0x00, 0x6f, 0xf4, 0x00,
    0x00, 0x00, 0x6f, 0xf4, 0x00, 0x00, 0x00, 0x6f, 0xf4, 0x00, 0x00, 0x00, 0x00, 0x3a, 0xdf, 0xea,
    0x40, 0xbf, 0xa0, 0x00, 0x6f, 0xff, 0xff, 0xff, 0x7b, 0xfa, 0x00, 0x5f, 0xfe, 0x84, 0x59, 0xff,
    0xef, 0xa0, 0x1e, 0xfe, 0x30, 0x00, 0x04, 0xff, 0xfa, 0x06, 0xff, 0x60, 0x00, 0x00, 0x08, 0xff,
    0xa0, 0xbf, 0xe0, 0x00, 0x00, 0x00, 0x2f, 0xfa, 0x0d, 0xfc, 0x00, 0x00, 0x00, 0x00, 0xef, 0xa0,
    0xff, 0xa0, 0x00, 0x00, 0x00, 0x0c, 0xfa, 0x0f, 0xfb, 0x00, 0x00, 0x00, 0x00, 0xcf, 0xa0, 0xef,
    0xc0, 0x00, 0x00, 0x00, 0x0d, 0xfa, 0x0b, 0xfe, 0x00, 0x00, 0x00, 0x01, 0xff, 0xa0, 0x7f, 0xf5,
    0x00, 0x00, 0x00, 0x7f, 0xfa, 0x01, 0xef, 0xe2, 0x00, 0x00, 0x3e, 0xff, 0xa0, 0x06, 0xff, 0xe8,
    0x45, 0x9f, 0xff, 0xfa, 0x00, 0x07, 0xff, 0xff, 0xff, 0xf6, 0xff, 0xa0, 0x00, 0x03, 0xad, 0xfe,
    0xa3, 0x0f, 0xf9, 0x00, 0x00, 0x00, 0x00, 0x00, 0x01, 0xff, 0x70, 0x7d, 0xb1, 0x00, 0x00, 0x00,
    0x6f, 0xf5, 0x05, 0xff, 0x80, 0x00, 0x00, 0x2d, 0xfe, 0x10, 0x1d, 0xff, 0xb6, 0x45, 0x8e, 0xff,
    0x60, 0x00, 0x3e, 0xff, 0xff, 0xff, 0xff, 0x70, 0x00, 0x00, 0x17, 0xbe, 0xfe, 0xc8, 0x20, 0x00,
    0x0f, 0xf9, 0x00, 0x00, 0x00, 0x00, 0x00, 0x0f, 0xf9, 0x00, 0x00, 0x00, 0x00, 0x00, 0x0f, 0xf9,
    0x00, 0x00, 0x00, 0x00, 0x00, 0x0f, 0xf9, 0x00, 0x00, 0x00, 0x00, 0x00, 0x0f, 0xf9, 0x00, 0x00,
    0x00, 0x00, 0x00, 0x0f, 0xf9, 0x00, 0x00, 0x00, 0x00, 0x00, 0x0f, 0xf9, 0x05, 0xbe, 0xfd, 0x92,
    0x00, 0x0f, 0xfa, 0xaf, 0xff, 0xff, 0xfe, 0x50, 0x0f, 0xff, 0xfd, 0x74, 0x6b, 0xff, 0xe1, 0x0f,
    0xff, 0xb1, 0x00, 0x00, 0x9f, 0xf6, 0x0f, 0xff, 0x20, 0x00, 0x00, 0x3f, 0xf8, 0x0f, 0xfc, 0x00,
    0x00, 0x00, 0x0f, 0xfa, 0x0f, 0xfa, 0x00, 0x00, 0x00, 0x0f, 0xfa, 0x0f, 0xf9, 0x00, 0x00, 0x00,
    0x0f, 0xfa, 0x0f, 0xf9, 0x00, 0x00, 0x00, 0x0f, 0xfa, 0x0f, 0xf9, 0x00, 0x00, 0x00, 0x0f, 0xfa,
    0x0f, 0xf9, 0x00, 0x00, 0x00, 0x0f, 0xfa, 0x0f, 0xf9, 0x00, 0x00, 0x00, 0x0f, 0xfa, 0x0f, 0xf9,
    0x00, 0x00, 0x00, 0x0f, 0xfa, 0x0f, 0xf9, 0x00, 0x00, 0x00, 0x0f, 0xfa, 0x0f, 0xf9, 0x00, 0x00,
    0x00, 0x0f, 0xfa, 0x0f, 0xf9, 0x00, 0x00, 0x00, 0x0f, 0xfa, 0xff, 0x9f, 0xf9, 0xff, 0x90, 0x00,
    0x00, 0x00, 0x00, 0xff, 0x9f, 0xf9, 0xff, 0x9f, 0xf9, 0xff, 0x9f, 0xf9, 0xff, 0x9f, 0xf9, 0xff,
    0x9f, 0xf9, 0xff, 0x9f, 0xf9, 0xff, 0x9f, 0xf9, 0xff, 0x9f, 0xf9, 0x00, 0x00, 0xff, 0x90, 0x00,
    0x0f, 0xf9, 0x00, 0x00, 0xff, 0x90, 0x00, 0x00, 0x00, 0x00, 0x00, 0x00, 0x00, 0x00, 0x00, 0x00,
    0x00, 0x00, 0xff, 0x90, 0x00, 0x0f, 0xf9, 0x00, 0x00, 0xff, 0x90, 0x00, 0x0f, 0xf9, 0x00, 0x00,
    0xff, 0x90, 0x00, 0x0f, 0xf9, 0x00, 0x00, 0xff, 0x90, 0x00, 0x0f, 0xf9, 0x00, 0x00, 0xff, 0x90,
    0x00, 0x0f, 0xf9, 0x00, 0x00, 0xff, 0x90, 0x00, 0x0f, 0xf9, 0x00, 0x00, 0xff, 0x90, 0x00, 0x0f,
    0xf9, 0x00, 0x00, 0xff, 0x90, 0x00, 0x0f, 0xf9, 0x00, 0x00, 0xff, 0x90, 0x00, 0x1f, 0xf8, 0x00,
    0x03, 0xff, 0x70, 0x54, 0xbf, 0xf4, 0x1f, 0xff, 0xfc, 0x03, 0xdf, 0xea, 0x10, 0xff, 0x90, 0x00,
    0x00, 0x00, 0x00, 0x0f, 0xf9, 0x00, 0x00, 0x00, 0x00, 0x00, 0xff, 0x90, 0x00, 0x00, 0x00, 0x00,
    0x0f, 0xf9, 0x00, 0x00, 0x00, 0x00, 0x00, 0xff, 0x90, 0x00, 0x00, 0x00, 0x00, 0x0f, 0xf9, 0x00,
    0x00, 0x00, 0x00, 0x00, 0xff, 0x90, 0x00, 0x00, 0x9f, 0xfb, 0x1f, 0xf9, 0x00, 0x00, 0x8f, 0xfb,
    0x10, 0xff, 0x90, 0x00, 0x8f, 0xfb, 0x10, 0x0f, 0xf9, 0x00, 0x7f, 0xfb, 0x10, 0x00, 0xff, 0x90,
    0x7f, 0xfb, 0x10, 0x00, 0x0f, 0xf9, 0x6f, 0xfb, 0x10, 0x00, 0x00, 0xff, 0xdf, 0xff, 0xa0, 0x00,
    0x00, 0x0f, 0xff, 0xff, 0xff, 0x50, 0x00, 0x00, 0xff, 0xfb, 0x3e, 0xfe, 0x10, 0x00, 0x0f, 0xfc,
    0x10, 0x7f, 0xfa, 0x00, 0x00, 0xff, 0x90, 0x00, 0xcf, 0xf5, 0x00, 0x0f, 0xf9, 0x00, 0x03, 0xff,
    0xd1, 0x00, 0xff, 0x90, 0x00, 0x09, 0xff, 0x90, 0x0f, 0xf9, 0x00, 0x00, 0x1d, 0xff, 0x40, 0xff,
    0x90, 0x00, 0x00, 0x5f, 0xfd, 0x1f, 0xf9, 0x00, 0x00, 0x00, 0xaf, 0xf8, 0x1f, 0xf8, 0x1f, 0xf8,
    0x1f, 0xf8, 0x1f, 0xf8, 0x1f, 0xf8, 0x1f, 0xf8, 0x1f, 0xf8, 0x1f, 0xf8, 0x1f, 0xf8, 0x1f, 0xf8,
    0x1f, 0xf8, 0x1f, 0xf8, 0x1f, 0xf8, 0x1f, 0xf8, 0x1f, 0xf8, 0x1f, 0xf8, 0x1f, 0xf8, 0x1f, 0xf8,
    0x1f, 0xf8, 0x1f, 0xf8, 0x1f, 0xf8, 0x1f, 0xf8, 0x0f, 0xf5, 0x06, 0xce, 0xec, 0x70, 0x00, 0x4a,
    0xef, 0xd8, 0x10, 0x00, 0xff, 0x6b, 0xff, 0xff, 0xff, 0xb0, 0x7f, 0xff, 0xff, 0xfd, 0x10, 0x0f,
    0xfd, 0xfc, 0x64, 0x7e, 0xff, 0xaf, 0xd7, 0x46, 0xdf, 0xf8, 0x00, 0xff, 0xfb, 0x00, 0x00, 0x4f,
    0xff, 0xc1, 0x00, 0x01, 0xef, 0xd0, 0x0f, 0xff, 0x20, 0x00, 0x00, 0xef, 0xf4, 0x00, 0x00, 0x0a,
    0xff, 0x00, 0xff, 0xc0, 0x00, 0x00, 0x0c, 0xff, 0x00, 0x00, 0x00, 0x9f, 0xf1, 0x0f, 0xfa, 0x00,
    0x00, 0x00, 0xcf, 0xd0, 0x00, 0x00, 0x08, 0xff, 0x10, 0xff, 0x90, 0x00, 0x00, 0x0c, 0xfd, 0x00,
    0x00, 0x00, 0x8f, 0xf1, 0x0f, 0xf9, 0x00, 0x00, 0x00, 0xcf, 0xd0, 0x00, 0x00, 0x08, 0xff, 0x10,
    0xff, 0x90, 0x00, 0x00, 0x0c, 0xfd, 0x00, 0x00, 0x00, 0x8f, 0xf1, 0x0f, 0xf9, 0x00, 0x00, 0x00,
    0xcf, 0xd0, 0x00, 0x00, 0x08, 0xff, 0x10, 0xff, 0x90, 0x00, 0x00, 0x0c, 0xfd, 0x00, 0x00, 0x00,
    0x8f, 0xf1, 0x0f, 0xf9, 0x00, 0x00, 0x00, 0xcf, 0xd0, 0x00, 0x00, 0x08, 0xff, 0x10, 0xff, 0x90,
    0x00, 0x00, 0x0c, 0xfd, 0x00, 0x00, 0x00, 0x8f, 0xf1, 0x0f, 0xf9, 0x00, 0x00, 0x00, 0xcf, 0xd0,
    0x00, 0x00, 0x08, 0xff, 0x10, 0xff, 0x90, 0x00, 0x00, 0x0c, 0xfd, 0x00, 0x00, 0x00, 0x8f, 0xf1,
    0x0f, 0xf5, 0x05, 0xbe, 0xfd, 0x92, 0x00, 0x0f, 0xf5, 0xaf, 0xff, 0xff, 0xff, 0x50, 0x0f, 0xfd,
    0xfd, 0x74, 0x5b, 0xff, 0xe1, 0x0f, 0xff, 0xa0, 0x00, 0x00, 0xaf, 0xf6, 0x0f, 0xff, 0x10, 0x00,
    0x00, 0x3f, 0xf8, 0x0f, 0xfc, 0x00, 0x00, 0x00, 0x1f, 0xf9, 0x0f, 0xfa, 0x00, 0x00, 0x00, 0x0f,
    0xf9, 0x0f, 0xf9, 0x00, 0x00, 0x00, 0x0f, 0xf9, 0x0f, 0xf9, 0x00, 0x00, 0x00, 0x0f, 0xf9, 0x0f,
    0xf9, 0x00, 0x00, 0x00, 0x0f, 0xf9, 0x0f, 0xf9, 0x00, 0x00, 0x00, 0x0f, 0xf9, 0x0f, 0xf9, 0x00,
    0x00, 0x00, 0x0f, 0xf9, 0x0f, 0xf9, 0x00, 0x00, 0x00, 0x0f, 0xf9, 0x0f, 0xf9, 0x00, 0x00, 0x00,
    0x0f, 0xf9, 0x0f, 0xf9, 0x00, 0x00, 0x00, 0x0f, 0xf9, 0x0f, 0xf9, 0x00, 0x00, 0x00, 0x0f, 0xf9,
    0x00, 0x01, 0x7c, 0xef, 0xda, 0x50, 0x00, 0x00, 0x05, 0xef, 0xff, 0xff, 0xff, 0xb1, 0x00, 0x05,
    0xff, 0xfa, 0x54, 0x6d, 0xff, 0xc1, 0x01, 0xef, 0xf4, 0x00, 0x00, 0x0a, 0xff, 0x80, 0x7f, 0xf7,
    0x00, 0x00, 0x00, 0x1d, 0xfe, 0x1b, 0xff, 0x10, 0x00, 0x00, 0x00, 0x7f, 0xf5, 0xdf, 0xc0, 0x00,
    0x00, 0x00, 0x04, 0xff, 0x7e, 0xfb, 0x00, 0x00, 0x00, 0x00, 0x2f, 0xf8, 0xff, 0xb0, 0x00, 0x00,
    0x00, 0x03, 0xff, 0x8d, 0xfc, 0x00, 0x00, 0x00, 0x00, 0x4f, 0xf7, 0xbf, 0xf1, 0x00, 0x00, 0x00,
    0x07, 0xff, 0x57, 0xff, 0x70, 0x00, 0x00, 0x01, 0xdf, 0xf1, 0x1e, 0xfe, 0x40, 0x00, 0x00, 0xaf,
    0xf9, 0x00, 0x5f, 0xff, 0x95, 0x46, 0xdf, 0xfd, 0x10, 0x00, 0x5e, 0xff, 0xff, 0xff, 0xfb, 0x10,
    0x00, 0x00, 0x18, 0xce, 0xfd, 0xa4, 0x00, 0x00, 0x0f, 0xf6, 0x06, 0xce, 0xec, 0x71, 0x00, 0x00,
    0xff, 0x6b, 0xff, 0xff, 0xff, 0xc2, 0x00, 0x0f, 0xfd, 0xfe, 0x74, 0x6c, 0xff, 0xd0, 0x00, 0xff,
    0xfd, 0x10, 0x00, 0x09, 0xff, 0x70, 0x0f, 0xff, 0x30, 0x00, 0x00, 0x1d, 0xfd, 0x00, 0xff, 0xb0,
    0x00, 0x00, 0x00, 0x8f, 0xf3, 0x0f, 0xf8, 0x00, 0x00, 0x00, 0x05, 0xff, 0x50, 0xff, 0x60, 0x00,
    0x00, 0x00, 0x4f, 0xf7, 0x0f, 0xf6, 0x00, 0x00, 0x00, 0x04, 0xff, 0x60, 0xff, 0x70, 0x00, 0x00,
    0x00, 0x5f, 0xf5, 0x0f, 0xfa, 0x00, 0x00, 0x00, 0x08, 0xff, 0x20, 0xff, 0xe1, 0x00, 0x00, 0x01,
    0xef, 0xc0, 0x0f, 0xff, 0xb0, 0x00, 0x00, 0xaf, 0xf6, 0x00, 0xff, 0xff, 0xd6, 0x46, 0xcf, 0xfb,
    0x00, 0x0f, 0xfa, 0xcf, 0xff, 0xff, 0xfa, 0x10, 0x00, 0xff, 0x90, 0x7d, 0xfd, 0xb4, 0x00, 0x00,
    0x0f, 0xf9, 0x00, 0x00, 0x00, 0x00, 0x00, 0x00, 0xff, 0x90, 0x00, 0x00, 0x00, 0x00, 0x00, 0x0f,
    0xf9, 0x00, 0x00, 0x00, 0x00, 0x00, 0x00, 0xff, 0x90, 0x00, 0x00, 0x00, 0x00, 0x00, 0x0f, 0xf9,
    0x00, 0x00, 0x00, 0x00, 0x00, 0x00, 0xff, 0x90, 0x00, 0x00, 0x00, 0x00, 0x00, 0x00, 0x03, 0x9d,
    0xed, 0x92, 0x0d, 0xf8, 0x00, 0x6f, 0xff, 0xff, 0xfe, 0x4d, 0xf8, 0x06, 0xff, 0xe8, 0x45, 0xaf,
    0xee, 0xf8, 0x1e, 0xfe, 0x30, 0x00, 0x06, 0xff, 0xf8, 0x6f, 0xf7, 0x00, 0x00, 0x00, 0xaf, 0xf8,
    0xaf, 0xf1, 0x00, 0x00, 0x00, 0x3f, 0xf8, 0xcf, 0xd0, 0x00, 0x00, 0x00, 0x0f, 0xf8, 0xef, 0xc0,
    0x00, 0x00, 0x00, 0x0d, 0xf8, 0xdf, 0xc0, 0x00, 0x00, 0x00, 0x0d, 0xf8, 0xcf, 0xd0, 0x00, 0x00,
    0x00, 0x0e, 0xf8, 0x9f, 0xf1, 0x00, 0x00, 0x00, 0x2f, 0xf8, 0x5f, 0xf8, 0x00, 0x00, 0x00, 0x8f,
    0xf8, 0x0d, 0xff, 0x40, 0x00, 0x04, 0xff, 0xf8, 0x03, 0xff, 0xf9, 0x54, 0x9f, 0xff, 0xf8, 0x00,
    0x4e, 0xff, 0xff, 0xff, 0x7f, 0xf8, 0x00, 0x01, 0x8d, 0xfe, 0xa3, 0x2f, 0xf8, 0x00, 0x00, 0x00,
    0x00, 0x00, 0x2f, 0xf8, 0x00, 0x00, 0x00, 0x00, 0x00, 0x2f, 0xf8, 0x00, 0x00, 0x00, 0x00, 0x00,
    0x2f, 0xf8, 0x00, 0x00, 0x00, 0x00, 0x00, 0x2f, 0xf8, 0x00, 0x00, 0x00, 0x00, 0x00, 0x2f, 0xf8,
    0x00, 0x00, 0x00, 0x00, 0x00, 0x2f, 0xf8, 0x1f, 0xf5, 0x3b, 0xed, 0x92, 0x1f, 0xf7, 0xef, 0xff,
    0xf1, 0x1f, 0xff, 0xf8, 0x46, 0x80, 0x1f, 0xff, 0x60, 0x00, 0x00, 0x1f, 0xff, 0x00, 0x00, 0x00,
    0x1f, 0xfc, 0x00, 0x00, 0x00, 0x1f, 0xfa, 0x00, 0x00, 0x00, 0x1f, 0xf9, 0x00, 0x00, 0x00, 0x1f,
    0xf9, 0x00, 0x00, 0x00, 0x1f, 0xf9, 0x00, 0x00, 0x00, 0x1f, 0xf9, 0x00, 0x00, 0x00, 0x1f, 0xf9,
    0x00, 0x00, 0x00, 0x1f, 0xf9, 0x00, 0x00, 0x00, 0x1f, 0xf9, 0x00, 0x00, 0x00, 0x1f, 0xf9, 0x00,
    0x00, 0x00, 0x1f, 0xf9, 0x00, 0x00, 0x00, 0x00, 0x02, 0x9d, 0xee, 0xda, 0x50, 0x00, 0x00, 0x5f,
    0xff, 0xff, 0xff, 0xfb, 0x10, 0x02, 0xff, 0xe7, 0x44, 0x7d, 0xff, 0x80, 0x08, 0xff, 0x20, 0x00,
    0x01, 0xdf, 0xe0, 0x09, 0xfe, 0x00, 0x00, 0x00, 0x7d, 0xb2, 0x07, 0xff, 0xb3, 0x00, 0x00, 0x00,
    0x00, 0x01, 0xef, 0xff, 0xd9, 0x51, 0x00, 0x00, 0x00, 0x3d, 0xff, 0xff, 0xff, 0xb5, 0x00, 0x00,
    0x00, 0x5a, 0xef, 0xff, 0xff, 0xb0, 0x00, 0x00, 0x00, 0x03, 0x7b, 0xff, 0xf7, 0x00, 0x00, 0x00,
    0x00, 0x00, 0x4f, 0xfb, 0x0a, 0xda, 0x00, 0x00, 0x00, 0x0e, 0xfc, 0x0b, 0xff, 0x40, 0x00, 0x00,
    0x4f, 0xf9, 0x04, 0xff, 0xf9, 0x54, 0x59, 0xff, 0xe2, 0x00, 0x6f, 0xff, 0xff, 0xff, 0xfe, 0x40,
    0x00, 0x03, 0x9c, 0xef, 0xec, 0x71, 0x00, 0x00, 0x02, 0xa1, 0x00, 0x00, 0x06, 0xff, 0x10, 0x00,
    0x00, 0x8f, 0xf1, 0x00, 0x00, 0x08, 0xff, 0x10, 0x00, 0x00, 0x8f, 0xf1, 0x00, 0x07, 0xff, 0xff,
    0xff, 0xb0, 0x7f, 0xff, 0xff, 0xfb, 0x02, 0x4a, 0xff, 0x54, 0x30, 0x00, 0x8f, 0xf1, 0x00, 0x00,
    0x08, 0xff, 0x10, 0x00, 0x00, 0x8f, 0xf1, 0x00, 0x00, 0x08, 0xff, 0x10, 0x00, 0x00, 0x8f, 0xf1,
    0x00, 0x00, 0x08, 0xff, 0x10, 0x00, 0x00, 0x8f, 0xf1, 0x00, 0x00, 0x08, 0xff, 0x10, 0x00, 0x00,
    0x8f, 0xf1, 0x00, 0x00, 0x07, 0xff, 0x20, 0x00, 0x00, 0x6f, 0xfa, 0x43, 0x00, 0x02, 0xff, 0xff,
    0xd0, 0x00, 0x04, 0xbe, 0xff, 0x10, 0x1f, 0xf8, 0x00, 0x00, 0x00, 0x2f, 0xf8, 0x1f, 0xf8, 0x00,
    0x00, 0x00, 0x2f, 0xf8, 0x1f, 0xf8, 0x00, 0x00, 0x00, 0x2f, 0xf8, 0x1f, 0xf8, 0x00, 0x00, 0x00,
    0x2f, 0xf8, 0x1f, 0xf8, 0x00, 0x00, 0x00, 0x2f, 0xf8, 0x1f, 0xf8, 0x00, 0x00, 0x00, 0x2f, 0xf8,
    0x1f, 0xf8, 0x00, 0x00, 0x00, 0x2f, 0xf8, 0x1f, 0xf8, 0x00, 0x00, 0x00, 0x2f, 0xf8, 0x1f, 0xf8,
    0x00, 0x00, 0x00, 0x2f, 0xf8, 0x1f, 0xf9, 0x00, 0x00, 0x00, 0x3f, 0xf8, 0x1f, 0xf9, 0x00, 0x00,
    0x00, 0x5f, 0xf8, 0x0f, 0xfb, 0x00, 0x00, 0x00, 0x9f, 0xf8, 0x0c, 0xff, 0x30, 0x00, 0x04, 0xff,
    0xf8, 0x07, 0xff, 0xe8, 0x45, 0xaf, 0xee, 0xf8, 0x00, 0xbf, 0xff, 0xff, 0xfe, 0x3c, 0xf8, 0x00,
    0x05, 0xbe, 0xfd, 0x81, 0x0c, 0xf8, 0x7f, 0xf5, 0x00, 0x00, 0x00, 0x04, 0xff, 0x71, 0xff, 0xa0,
    0x00, 0x00, 0x00, 0x9f, 0xf2, 0x0b, 0xff, 0x10, 0x00, 0x00, 0x0e, 0xfb, 0x00, 0x5f, 0xf6, 0x00,
    0x00, 0x04, 0xff, 0x50, 0x00, 0xef, 0xb0, 0x00, 0x00, 0xaf, 0xe1, 0x00, 0x09, 0xff, 0x10, 0x00,
    0x1e, 0xf9, 0x00, 0x00, 0x3f, 0xf6, 0x00, 0x05, 0xff, 0x40, 0x00, 0x00, 0xdf, 0xb0, 0x00, 0xbf,
    0xd0, 0x00, 0x00, 0x07, 0xff, 0x20, 0x1f, 0xf8, 0x00, 0x00, 0x00, 0x2f, 0xf7, 0x06, 0xff, 0x20,
    0x00, 0x00, 0x00, 0xbf, 0xb0, 0xbf, 0xc0, 0x00, 0x00, 0x00, 0x06, 0xff, 0x3f, 0xf6, 0x00, 0x00,
    0x00, 0x00, 0x1e, 0xfb, 0xff, 0x10, 0x00, 0x00, 0x00, 0x00, 0x9f, 0xff, 0xa0, 0x00, 0x00, 0x00,
    0x00, 0x04, 0xff, 0xf5, 0x00, 0x00, 0x00, 0x00, 0x00, 0x0d, 0xfe, 0x00, 0x00, 0x00, 0xbf, 0xe0,
    0x00, 0x00, 0x0a, 0xff, 0x50, 0x00, 0x00, 0x4f, 0xf4, 0x7f, 0xf3, 0x00, 0x00, 0x0d, 0xff, 0x90,
    0x00, 0x00, 0x8f, 0xe0, 0x3f, 0xf7, 0x00, 0x00, 0x2f, 0xff, 0xc0, 0x00, 0x00, 0xdf, 0xa0, 0x0d,
    0xfb, 0x00, 0x00, 0x6f, 0xff, 0xf1, 0x00, 0x02, 0xff, 0x60, 0x09, 0xfe, 0x00, 0x00, 0xaf, 0x9f,
    0xf5, 0x00, 0x06, 0xff, 0x10, 0x04, 0xff, 0x40, 0x00, 0xef, 0x4d, 0xf8, 0x00, 0x0a, 0xfb, 0x00,
    0x00, 0xef, 0x80, 0x03, 0xff, 0x1a, 0xfc, 0x00, 0x0e, 0xf7, 0x00, 0x00, 0xaf, 0xc0, 0x07, 0xfc,
    0x06, 0xff, 0x10, 0x4f, 0xf2, 0x00, 0x00, 0x6f, 0xf1, 0x0b, 0xf8, 0x02, 0xff, 0x40, 0x8f, 0xd0,
    0x00, 0x00, 0x1f, 0xf5, 0x0e, 0xf4, 0x00, 0xdf, 0x80, 0xcf, 0x80, 0x00, 0x00, 0x0c, 0xf9, 0x3f,
    0xf1, 0x00, 0x9f, 0xc2, 0xff, 0x40, 0x00, 0x00, 0x07, 0xfd, 0x7f, 0xb0, 0x00, 0x5f, 0xf8, 0xfe,
    0x00, 0x00, 0x00, 0x03, 0xff, 0xdf, 0x80, 0x00, 0x1f, 0xff, 0xf9, 0x00, 0x00, 0x00, 0x00, 0xdf,
    0xff, 0x40, 0x00, 0x0d, 0xff, 0xf5, 0x00, 0x00, 0x00, 0x00, 0x9f, 0xfe, 0x00, 0x00, 0x09, 0xff,
    0xf1, 0x00, 0x00, 0x00, 0x00, 0x5f, 0xfb, 0x00, 0x00, 0x05, 0xff, 0xb0, 0x00, 0x00, 0x1e, 0xff,
    0x40, 0x00, 0x00, 0x2f, 0xfe, 0x10, 0x5f, 0xfd, 0x00, 0x00, 0x0c, 0xff, 0x50, 0x00, 0xaf, 0xf8,
    0x00, 0x08, 0xff, 0x90, 0x00, 0x01, 0xdf, 0xf3, 0x03, 0xff, 0xd1, 0x00, 0x00, 0x04, 0xff, 0xc1,
    0xdf, 0xf3, 0x00, 0x00, 0x00, 0x09, 0xff, 0xcf, 0xf7, 0x00, 0x00, 0x00, 0x00, 0x1d, 0xff, 0xfb,
    0x00, 0x00, 0x00, 0x00, 0x00, 0x4f, 0xff, 0x30, 0x00, 0x00, 0x00, 0x00, 0x0a, 0xff, 0xfa, 0x00,
    0x00, 0x00, 0x00, 0x05, 0xff, 0xef, 0xf5, 0x00, 0x00, 0x00, 0x01, 0xef, 0xe2, 0xef, 0xe1, 0x00,
    0x00, 0x00, 0xbf, 0xf5, 0x05, 0xff, 0xb0, 0x00, 0x00, 0x6f, 0xfa, 0x00, 0x0b, 0xff, 0x60, 0x00,
    0x2e, 0xfe, 0x10, 0x00, 0x2e, 0xfe, 0x20, 0x0b, 0xff, 0x60, 0x00, 0x00, 0x6f, 0xfb, 0x07, 0xff,
    0xb0, 0x00, 0x00, 0x00, 0xcf, 0xf7, 0x5f, 0xf7, 0x00, 0x00, 0x00, 0x01, 0xff, 0x80, 0xef, 0xd0,
    0x00, 0x00, 0x00, 0x7f, 0xf3, 0x09, 0xff, 0x30, 0x00, 0x00, 0x0c, 0xfc, 0x00, 0x3f, 0xf8, 0x00,
    0x00, 0x02, 0xff, 0x60, 0x00, 0xdf, 0xd0, 0x00, 0x00, 0x7f, 0xf1, 0x00, 0x07, 0xff, 0x40, 0x00,
    0x0d, 0xfa, 0x00, 0x00, 0x2f, 0xf9, 0x00, 0x03, 0xff, 0x50, 0x00, 0x00, 0xbf, 0xe0, 0x00, 0x8f,
    0xe0, 0x00, 0x00, 0x06, 0xff, 0x40, 0x0e, 0xf9, 0x00, 0x00, 0x00, 0x1e, 0xf9, 0x04, 0xff, 0x30,
    0x00, 0x00, 0x00, 0xaf, 0xe0, 0x8f, 0xc0, 0x00, 0x00, 0x00, 0x04, 0xff, 0x3d, 0xf7, 0x00, 0x00,
    0x00, 0x00, 0x0d, 0xfa, 0xff, 0x10, 0x00, 0x00, 0x00, 0x00, 0x8f, 0xff, 0xb0, 0x00, 0x00, 0x00,
    0x00, 0x02, 0xff, 0xf5, 0x00, 0x00, 0x00, 0x00, 0x00, 0x0c, 0xfe, 0x00, 0x00, 0x00, 0x00, 0x00,
    0x00, 0xcf, 0x90, 0x00, 0x00, 0x00, 0x00, 0x00, 0x3f, 0xf3, 0x00, 0x00, 0x00, 0x00, 0x00, 0x0b,
    0xfc, 0x00, 0x00, 0x00, 0x00, 0x49, 0x8c, 0xff, 0x50, 0x00, 0x00, 0x00, 0x04, 0xff, 0xff, 0x90,
    0x00, 0x00, 0x00, 0x00, 0x2d, 0xfd, 0x70, 0x00, 0x00, 0x00, 0x00, 0x0c, 0xff, 0xff, 0xff, 0xff,
    0xff, 0xfd, 0x00, 0xcf, 0xff, 0xff, 0xff, 0xff, 0xff, 0xd0, 0x03, 0x44, 0x44, 0x44, 0x44, 0xdf,
    0xf4, 0x00, 0x00, 0x00, 0x00, 0x00, 0xaf, 0xf7, 0x00, 0x00, 0x00, 0x00, 0x00, 0x7f, 0xf9, 0x00,
    0x00, 0x00, 0x00, 0x00, 0x5f, 0xfc, 0x00, 0x00, 0x00, 0x00, 0x00, 0x3e, 0xfd, 0x10, 0x00, 0x00,
    0x00, 0x00, 0x2e, 0xfe, 0x30, 0x00, 0x00, 0x00, 0x00, 0x1c, 0xff, 0x50, 0x00, 0x00, 0x00, 0x00,
    0x0a, 0xff, 0x80, 0x00, 0x00, 0x00, 0x00, 0x08, 0xff, 0xa0, 0x00, 0x00, 0x00, 0x00, 0x06, 0xff,
    0xc1, 0x00, 0x00, 0x00, 0x00, 0x04, 0xff, 0xe2, 0x00, 0x00, 0x00, 0x00, 0x02, 0xef, 0xf5, 0x33,
    0x44, 0x44, 0x44, 0x41, 0x6f, 0xff, 0xff, 0xff, 0xff, 0xff, 0xff, 0x56, 0xff, 0xff, 0xff, 0xff,
    0xff, 0xff, 0xf5, 0x00, 0x00, 0x04, 0xce, 0xf5, 0x00, 0x00, 0x3f, 0xff, 0xf5, 0x00, 0x00, 0xbf,
    0xd3, 0x00, 0x00, 0x00, 0xef, 0x70, 0x00, 0x00, 0x01, 0xff, 0x50, 0x00, 0x00, 0x02, 0xff, 0x50,
    0x00, 0x00, 0x02, 0xff, 0x50, 0x00, 0x00, 0x02, 0xff, 0x50, 0x00, 0x00, 0x02, 0xff, 0x40, 0x00,
    0x00, 0x03, 0xff, 0x30, 0x00, 0x00, 0x05, 0xff, 0x10, 0x00, 0x00, 0x0a, 0xfb, 0x00, 0x00, 0x02,
    0x8f, 0xf3, 0x00, 0x00, 0x3f, 0xfd, 0x30, 0x00, 0x00, 0x3f, 0xfd, 0x30, 0x00, 0x00, 0x02, 0x8f,
    0xf3, 0x00, 0x00, 0x00, 0x0a, 0xfc, 0x00, 0x00, 0x00, 0x05, 0xff, 0x10, 0x00, 0x00, 0x03, 0xff,
    0x30, 0x00, 0x00, 0x02, 0xff, 0x50, 0x00, 0x00, 0x02, 0xff, 0x50, 0x00, 0x00, 0x02, 0xff, 0x50,
    0x00, 0x00, 0x02, 0xff, 0x50, 0x00, 0x00, 0x01, 0xff, 0x60, 0x00, 0x00, 0x00, 0xef, 0x70, 0x00,
    0x00, 0x00, 0xbf, 0xd3, 0x00, 0x00, 0x00, 0x4f, 0xff, 0xf5, 0x00, 0x00, 0x04, 0xbe, 0xf5, 0x4f,
    0xf1, 0x4f, 0xf1, 0x4f, 0xf1, 0x4f, 0xf1, 0x4f, 0xf1, 0x4f, 0xf1, 0x4f, 0xf1, 0x4f, 0xf1, 0x4f,
    0xf1, 0x4f, 0xf1, 0x4f, 0xf1, 0x4f, 0xf1, 0x4f, 0xf1, 0x4f, 0xf1, 0x4f, 0xf1, 0x4f, 0xf1, 0x4f,
    0xf1, 0x4f, 0xf1, 0x4f, 0xf1, 0x4f, 0xf1, 0x4f, 0xf1, 0x4f, 0xf1, 0x4f, 0xf1, 0x4f, 0xf1, 0x4f,
    0xf1, 0x4f, 0xf1, 0x4f, 0xf1, 0x4f, 0xf1, 0x5f, 0xeb, 0x40, 0x00, 0x00, 0x5f, 0xff, 0xf3, 0x00,
    0x00, 0x00, 0x3d, 0xfb, 0x00, 0x00, 0x00, 0x07, 0xfe, 0x00, 0x00, 0x00, 0x06, 0xff, 0x10, 0x00,
    0x00, 0x05, 0xff, 0x20, 0x00, 0x00, 0x05, 0xff, 0x20, 0x00, 0x00, 0x05, 0xff, 0x20, 0x00, 0x00,
    0x05, 0xff, 0x30, 0x00, 0x00, 0x03, 0xff, 0x30, 0x00, 0x00, 0x01, 0xff, 0x50, 0x00, 0x00, 0x00,
    0xcf, 0xa0, 0x00, 0x00, 0x00, 0x3e, 0xf8, 0x20, 0x00, 0x00, 0x03, 0xcf, 0xf3, 0x00, 0x00, 0x04,
    0xdf, 0xf3, 0x00, 0x00, 0x3f, 0xf8, 0x20, 0x00, 0x00, 0xbf, 0xa0, 0x00, 0x00, 0x01, 0xff, 0x50,
    0x00, 0x00, 0x03, 0xff, 0x30, 0x00, 0x00, 0x04, 0xff, 0x20, 0x00, 0x00, 0x05, 0xff, 0x20, 0x00,
    0x00, 0x05, 0xff, 0x20, 0x00, 0x00, 0x05, 0xff, 0x20, 0x00, 0x00, 0x05, 0xff, 0x10, 0x00, 0x00,
    0x07, 0xfe, 0x00, 0x00, 0x00, 0x3d, 0xfb, 0x00, 0x00, 0x5f, 0xff, 0xf3, 0x00, 0x00, 0x5f, 0xeb,
    0x40, 0x00, 0x00, 0x02, 0xae, 0xfd, 0x94, 0x00, 0x00, 0x00, 0x53, 0x4f, 0xff, 0xff, 0xff, 0xd7,
    0x20, 0x39, 0xf4, 0xbf, 0xff, 0xff, 0xff, 0xff, 0xff, 0xff, 0xf4, 0xbd, 0x51, 0x14, 0x9e, 0xff,
    0xff, 0xff, 0xb0, 0x71, 0x00, 0x00, 0x01, 0x6b, 0xef, 0xc6, 0x00, 0x00, 0x00, 0x00, 0x2e, 0xff,
    0x50, 0x00, 0x00, 0x00, 0x00, 0x00, 0x00, 0x00, 0x03, 0xef, 0xc0, 0x00, 0x00, 0x00, 0x00, 0x00,
    0x00, 0x00, 0x00, 0x5f, 0xf5, 0x00, 0x00, 0x00, 0x00, 0x00, 0x00, 0x00, 0x00, 0x07, 0xfc, 0x00,
    0x00, 0x00, 0x00, 0x00, 0x00, 0x00, 0x00, 0x00, 0x00, 0x00, 0x00, 0x00, 0x00, 0x00, 0x00, 0x00,
    0x00, 0x00, 0x00, 0x00, 0x00, 0x00, 0x00, 0x00, 0x00, 0x00, 0x01, 0xef, 0xf7, 0x00, 0x00, 0x00,
    0x00, 0x00, 0x00, 0x00, 0x05, 0xff, 0xfd, 0x00, 0x00, 0x00, 0x00, 0x00, 0x00, 0x00, 0x0b, 0xfd,
    0xff, 0x40, 0x00, 0x00, 0x00, 0x00, 0x00, 0x00, 0x2f, 0xf6, 0xef, 0xa0, 0x00, 0x00, 0x00, 0x00,
    0x00, 0x00, 0x7f, 0xf2, 0x9f, 0xf1, 0x00, 0x00, 0x00, 0x00, 0x00, 0x00, 0xdf, 0xc0, 0x4f, 0xf7,
    0x00, 0x00, 0x00, 0x00, 0x00, 0x04, 0xff, 0x80, 0x0e, 0xfd, 0x00, 0x00, 0x00, 0x00, 0x00, 0x09,
    0xff, 0x20, 0x09, 0xff, 0x40, 0x00, 0x00, 0x00, 0x00, 0x1e, 0xfc, 0x00, 0x03, 0xff, 0xa0, 0x00,
    0x00, 0x00, 0x00, 0x5f, 0xf6, 0x00, 0x00, 0xdf, 0xf1, 0x00, 0x00, 0x00, 0x00, 0xbf, 0xf1, 0x00,
    0x00, 0x7f, 0xf7, 0x00, 0x00, 0x00, 0x02, 0xff, 0xa0, 0x00, 0x00, 0x2f, 0xfd, 0x00, 0x00, 0x00,
    0x07, 0xff, 0x50, 0x00, 0x00, 0x0b, 0xff, 0x40, 0x00, 0x00, 0x0d, 0xff, 0xff, 0xff, 0xff, 0xff,
    0xff, 0xa0, 0x00, 0x00, 0x4f, 0xff, 0xff, 0xff, 0xff, 0xff, 0xff, 0xf1, 0x00, 0x00, 0x9f, 0xf6,
    0x44, 0x44, 0x44, 0x44, 0xaf, 0xf7, 0x00, 0x01, 0xef, 0xd0, 0x00, 0x00, 0x00, 0x00, 0x3f, 0xfd,
    0x00, 0x05, 0xff, 0x80, 0x00, 0x00, 0x00, 0x00, 0x0d, 0xff, 0x40, 0x0b, 0xff, 0x30, 0x00, 0x00,
    0x00, 0x00, 0x07, 0xff, 0xa0, 0x2f, 0xfd, 0x00, 0x00, 0x00, 0x00, 0x00, 0x02, 0xff, 0xf1, 0x7f,
    0xf7, 0x00, 0x00, 0x00, 0x00, 0x00, 0x00, 0xbf, 0xf7, 0xdf, 0xf2, 0x00, 0x00, 0x00, 0x00, 0x00,
    0x00, 0x6f, 0xfd, 0x00, 0x00, 0x00, 0x00, 0x06, 0xff, 0xd1, 0x00, 0x00, 0x00, 0x00, 0x00, 0x00,
    0x00, 0x0d, 0xfe, 0x30, 0x00, 0x00, 0x00, 0x00, 0x00, 0x00, 0x00, 0x5f, 0xf5, 0x00, 0x00, 0x00,
    0x00, 0x00, 0x00, 0x00, 0x00, 0xcf, 0x80, 0x00, 0x00, 0x00, 0x00, 0x00, 0x00, 0x00, 0x00, 0x00,
    0x00, 0x00, 0x00, 0x00, 0x00, 0x00, 0x00, 0x00, 0x00, 0x00, 0x00, 0x00, 0x00, 0x00, 0x00, 0x00,
    0x00, 0x00, 0x01, 0xef, 0xf7, 0x00, 0x00, 0x00, 0x00, 0x00, 0x00, 0x00, 0x05, 0xff, 0xfd, 0x00,
    0x00, 0x00, 0x00, 0x00, 0x00, 0x00, 0x0b, 0xfd, 0xff, 0x40, 0x00, 0x00, 0x00, 0x00, 0x00, 0x00,
    0x2f, 0xf6, 0xef, 0xa0, 0x00, 0x00, 0x00, 0x00, 0x00, 0x00, 0x7f, 0xf2, 0x9f, 0xf1, 0x00, 0x00,
    0x00, 0x00, 0x00, 0x00, 0xdf, 0xc0, 0x4f, 0xf7, 0x00, 0x00, 0x00, 0x00, 0x00, 0x04, 0xff, 0x80,
    0x0e, 0xfd, 0x00, 0x00, 0x00, 0x00, 0x00, 0x09, 0xff, 0x20, 0x09, 0xff, 0x40, 0x00, 0x00, 0x00,
    0x00, 0x1e, 0xfc, 0x00, 0x03, 0xff, 0xa0, 0x00, 0x00, 0x00, 0x00, 0x5f, 0xf6, 0x00, 0x00, 0xdf,
    0xf1, 0x00, 0x00, 0x00, 0x00, 0xbf, 0xf1, 0x00, 0x00, 0x7f, 0xf7, 0x00, 0x00, 0x00, 0x02, 0xff,
    0xa0, 0x00, 0x00, 0x2f, 0xfd, 0x00, 0x00, 0x00, 0x07, 0xff, 0x50, 0x00, 0x00, 0x0b, 0xff, 0x40,
    0x00, 0x00, 0x0d, 0xff, 0xff, 0xff, 0xff, 0xff, 0xff, 0xa0, 0x00, 0x00, 0x4f, 0xff, 0xff, 0xff,
    0xff, 0xff, 0xff, 0xf1, 0x00, 0x00, 0x9f, 0xf6, 0x44, 0x44, 0x44, 0x44, 0xaf, 0xf7, 0x00, 0x01,
    0xef, 0xd0, 0x00, 0x00, 0x00, 0x00, 0x3f, 0xfd, 0x00, 0x05, 0xff, 0x80, 0x00, 0x00, 0x00, 0x00,
    0x0d, 0xff, 0x40, 0x0b, 0xff, 0x30, 0x00, 0x00, 0x00, 0x00, 0x07, 0xff, 0xa0, 0x2f, 0xfd, 0x00,
    0x00, 0x00, 0x00, 0x00, 0x02, 0xff, 0xf1, 0x7f, 0xf7, 0x00, 0x00, 0x00, 0x00, 0x00, 0x00, 0xbf,
    0xf7, 0xdf, 0xf2, 0x00, 0x00, 0x00, 0x00, 0x00, 0x00, 0x6f, 0xfd, 0x00, 0x00, 0x00, 0x03, 0xff,
    0xf7, 0x00, 0x00, 0x00, 0x00, 0x00, 0x00, 0x00, 0x1d, 0xfd, 0xff, 0x40, 0x00, 0x00, 0x00, 0x00,
    0x00, 0x00, 0xbf, 0xe2, 0xaf, 0xe2, 0x00, 0x00, 0x00, 0x00, 0x00, 0x08, 0xff, 0x60, 0x1e, 0xfd,
    0x10, 0x00, 0x00, 0x00, 0x00, 0x00, 0x00, 0x00, 0x00, 0x00, 0x00, 0x00, 0x00, 0x00, 0x00, 0x00,
    0x00, 0x00, 0x00, 0x00, 0x00, 0x00, 0x00, 0x00, 0x00, 0x00, 0x01, 0xef, 0xf7, 0x00, 0x00, 0x00,
    0x00, 0x00, 0x00, 0x00, 0x05, 0xff, 0xfd, 0x00, 0x00, 0x00, 0x00, 0x00, 0x00, 0x00, 0x0b, 0xfd,
    0xff, 0x40, 0x00, 0x00, 0x00, 0x00, 0x00, 0x00, 0x2f, 0xf6, 0xef, 0xa0, 0x00, 0x00, 0x00, 0x00,
    0x00, 0x00, 0x7f, 0xf2, 0x9f, 0xf1, 0x00, 0x00, 0x00, 0x00, 0x00, 0x00, 0xdf, 0xc0, 0x4f, 0xf7,
    0x00, 0x00, 0x00, 0x00, 0x00, 0x04, 0xff, 0x80, 0x0e, 0xfd, 0x00, 0x00, 0x00, 0x00, 0x00, 0x09,
    0xff, 0x20, 0x09, 0xff, 0x40, 0x00, 0x00, 0x00, 0x00, 0x1e, 0xfc, 0x00, 0x03, 0xff, 0xa0, 0x00,
    0x00, 0x00, 0x00, 0x5f, 0xf6, 0x00, 0x00, 0xdf, 0xf1, 0x00, 0x00, 0x00, 0x00, 0xbf, 0xf1, 0x00,
    0x00, 0x7f, 0xf7, 0x00, 0x00, 0x00, 0x02, 0xff, 0xa0, 0x00, 0x00, 0x2f, 0xfd, 0x00, 0x00, 0x00,
    0x07, 0xff, 0x50, 0x00, 0x00, 0x0b, 0xff, 0x40, 0x00, 0x00, 0x0d, 0xff, 0xff, 0xff, 0xff, 0xff,
    0xff, 0xa0, 0x00, 0x00, 0x4f, 0xff, 0xff, 0xff, 0xff, 0xff, 0xff, 0xf1, 0x00, 0x00, 0x9f, 0xf6,
    0x44, 0x44, 0x44, 0x44, 0xaf, 0xf7, 0x00, 0x01, 0xef, 0xd0, 0x00, 0x00, 0x00, 0x00, 0x3f, 0xfd,
    0x00, 0x05, 0xff, 0x80, 0x00, 0x00, 0x00, 0x00, 0x0d, 0xff, 0x40, 0x0b, 0xff, 0x30, 0x00, 0x00,
    0x00, 0x00, 0x07, 0xff, 0xa0, 0x2f, 0xfd, 0x00, 0x00, 0x00, 0x00, 0x00, 0x02, 0xff, 0xf1, 0x7f,
    0xf7, 0x00, 0x00, 0x00, 0x00, 0x00, 0x00, 0xbf, 0xf7, 0xdf, 0xf2, 0x00, 0x00, 0x00, 0x00, 0x00,
    0x00, 0x6f, 0xfd, 0x00, 0x00, 0x00, 0x7d, 0xd9, 0x40, 0x2f, 0xc0, 0x00, 0x00, 0x00, 0x00, 0x07,
    0xfe, 0xdf, 0xfe, 0xff, 0x80, 0x00, 0x00, 0x00, 0x00, 0x0c, 0xf3, 0x03, 0x9e, 0xe9, 0x10, 0x00,
    0x00, 0x00, 0x00, 0x00, 0x00, 0x00, 0x00, 0x00, 0x00, 0x00, 0x00, 0x00, 0x00, 0x00, 0x00, 0x00,
    0x00, 0x00, 0x00, 0x00, 0x00, 0x00, 0x00, 0x00, 0x01, 0xef, 0xf7, 0x00, 0x00, 0x00, 0x00, 0x00,
    0x00, 0x00, 0x05, 0xff, 0xfd, 0x00, 0x00, 0x00, 0x00, 0x00, 0x00, 0x00, 0x0b, 0xfd, 0xff, 0x40,
    0x00, 0x00, 0x00, 0x00, 0x00, 0x00, 0x2f, 0xf6, 0xef, 0xa0, 0x00, 0x00, 0x00, 0x00, 0x00, 0x00,
    0x7f, 0xf2, 0x9f, 0xf1, 0x00, 0x00, 0x00, 0x00, 0x00, 0x00, 0xdf, 0xc0, 0x4f, 0xf7, 0x00, 0x00,
    0x00, 0x00, 0x00, 0x04, 0xff, 0x80, 0x0e, 0xfd, 0x00, 0x00, 0x00, 0x00, 0x00, 0x09, 0xff, 0x20,
    0x09, 0xff, 0x40, 0x00, 0x00, 0x00, 0x00, 0x1e, 0xfc, 0x00, 0x03, 0xff, 0xa0, 0x00, 0x00, 0x00,
    0x00, 0x5f, 0xf6, 0x00, 0x00, 0xdf, 0xf1, 0x00, 0x00, 0x00, 0x00, 0xbf, 0xf1, 0x00, 0x00, 0x7f,
    0xf7, 0x00, 0x00, 0x00, 0x02, 0xff, 0xa0, 0x00, 0x00, 0x2f, 0xfd, 0x00, 0x00, 0x00, 0x07, 0xff,
    0x50, 0x00, 0x00, 0x0b, 0xff, 0x40, 0x00, 0x00, 0x0d, 0xff, 0xff, 0xff, 0xff, 0xff, 0xff, 0xa0,
    0x00, 0x00, 0x4f, 0xff, 0xff, 0xff, 0xff, 0xff, 0xff, 0xf1, 0x00, 0x00, 0x9f, 0xf6, 0x44, 0x44,
    0x44, 0x44, 0xaf, 0xf7, 0x00, 0x01, 0xef, 0xd0, 0x00, 0x00, 0x00, 0x00, 0x3f, 0xfd, 0x00, 0x05,
    0xff, 0x80, 0x00, 0x00, 0x00, 0x00, 0x0d, 0xff, 0x40, 0x0b, 0xff, 0x30, 0x00, 0x00, 0x00, 0x00,
    0x07, 0xff, 0xa0, 0x2f, 0xfd, 0x00, 0x00, 0x00, 0x00, 0x00, 0x02, 0xff, 0xf1, 0x7f, 0xf7, 0x00,
    0x00, 0x00, 0x00, 0x00, 0x00, 0xbf, 0xf7, 0xdf, 0xf2, 0x00, 0x00, 0x00, 0x00, 0x00, 0x00, 0x6f,
    0xfd, 0x00, 0x00, 0x0a, 0xff, 0xb0, 0x00, 0x00, 0x00, 0x00, 0x00, 0x00, 0x0b, 0xff, 0x30, 0x00,
    0x00, 0x00, 0x00, 0x00, 0x00, 0x1d, 0xfb, 0x00, 0x00, 0x00, 0x00, 0x00, 0x00, 0x00, 0x2e, 0xf3,
    0x00, 0x00, 0x00, 0x00, 0x00, 0x00, 0x00, 0x00, 0x00, 0x00, 0x00, 0x00, 0x00, 0x00, 0x00, 0x00,
    0x00, 0x00, 0x00, 0x00, 0x9f, 0xff, 0xff, 0xff, 0xff, 0xff, 0xff, 0xfe, 0x09, 0xff, 0xff, 0xff,
    0xff, 0xff, 0xff, 0xff, 0xe0, 0x9f, 0xf9, 0x88, 0x88, 0x88, 0x88, 0x88, 0x87, 0x09, 0xff, 0x30,
    0x00, 0x00, 0x00, 0x00, 0x00, 0x00, 0x9f, 0xf3, 0x00, 0x00, 0x00, 0x00, 0x00, 0x00, 0x09, 0xff,
    0x30, 0x00, 0x00, 0x00, 0x00, 0x00, 0x00, 0x9f, 0xf3, 0x00, 0x00, 0x00, 0x00, 0x00, 0x00, 0x09,
    0xff, 0x30, 0x00, 0x00, 0x00, 0x00, 0x00, 0x00, 0x9f, 0xf3, 0x00, 0x00, 0x00, 0x00, 0x00, 0x00,
    0x09, 0xff, 0xff, 0xff, 0xff, 0xff, 0xff, 0xff, 0x10, 0x9f, 0xff, 0xff, 0xff, 0xff, 0xff, 0xff,
    0xf1, 0x09, 0xff, 0x98, 0x88, 0x88, 0x88, 0x88, 0x88, 0x10, 0x9f, 0xf3, 0x00, 0x00, 0x00, 0x00,
    0x00, 0x00, 0x09, 0xff, 0x30, 0x00, 0x00, 0x00, 0x00, 0x00, 0x00, 0x9f, 0xf3, 0x00, 0x00, 0x00,
    0x00, 0x00, 0x00, 0x09, 0xff, 0x30, 0x00, 0x00, 0x00, 0x00, 0x00, 0x00, 0x9f, 0xf3, 0x00, 0x00,
    0x00, 0x00, 0x00, 0x00, 0x09, 0xff, 0x30, 0x00, 0x00, 0x00, 0x00, 0x00, 0x00, 0x9f, 0xf3, 0x00,
    0x00, 0x00, 0x00, 0x00, 0x00, 0x09, 0xff, 0x98, 0x88, 0x88, 0x88, 0x88, 0x88, 0x83, 0x9f, 0xff,
    0xff, 0xff, 0xff, 0xff, 0xff, 0xff, 0x69, 0xff, 0xff, 0xff, 0xff, 0xff, 0xff, 0xff, 0xf6, 0x00,
    0x00, 0x00, 0x01, 0xef, 0xf4, 0x00, 0x00, 0x00, 0x00, 0x00, 0x00, 0x8f, 0xf6, 0x00, 0x00, 0x00,
    0x00, 0x00, 0x00, 0x1e, 0xf9, 0x00, 0x00, 0x00, 0x00, 0x00, 0x00, 0x08, 0xfc, 0x00, 0x00, 0x00,
    0x00, 0x00, 0x00, 0x00, 0x00, 0x00, 0x00, 0x00, 0x00, 0x00, 0x00, 0x00, 0x00, 0x00, 0x00, 0x00,
    0x00, 0x00, 0x9f, 0xff, 0xff, 0xff, 0xff, 0xff, 0xff, 0xfe, 0x09, 0xff, 0xff, 0xff, 0xff, 0xff,
    0xff, 0xff, 0xe0, 0x9f, 0xf9, 0x88, 0x88, 0x88, 0x88, 0x88, 0x87, 0x09, 0xff, 0x30, 0x00, 0x00,
    0x00, 0x00, 0x00, 0x00, 0x9f, 0xf3, 0x00, 0x00, 0x00, 0x00, 0x00, 0x00, 0x09, 0xff, 0x30, 0x00,
    0x00, 0x00, 0x00, 0x00, 0x00, 0x9f, 0xf3, 0x00, 0x00, 0x00, 0x00, 0x00, 0x00, 0x09, 0xff, 0x30,
    0x00, 0x00, 0x00, 0x00, 0x00, 0x00, 0x9f, 0xf3, 0x00, 0x00, 0x00, 0x00, 0x00, 0x00, 0x09, 0xff,
    0xff, 0xff, 0xff, 0xff, 0xff, 0xff, 0x10, 0x9f, 0xff, 0xff, 0xff, 0xff, 0xff, 0xff, 0xf1, 0x09,
    0xff, 0x98, 0x88, 0x88, 0x88, 0x88, 0x88, 0x10, 0x9f, 0xf3, 0x00, 0x00, 0x00, 0x00, 0x00, 0x00,
    0x09, 0xff, 0x30, 0x00, 0x00, 0x00, 0x00, 0x00, 0x00, 0x9f, 0xf3, 0x00, 0x00, 0x00, 0x00, 0x00,
    0x00, 0x09, 0xff, 0x30, 0x00, 0x00, 0x00, 0x00, 0x00, 0x00, 0x9f, 0xf3, 0x00, 0x00, 0x00, 0x00,
    0x00, 0x00, 0x09, 0xff, 0x30, 0x00, 0x00, 0x00, 0x00, 0x00, 0x00, 0x9f, 0xf3, 0x00, 0x00, 0x00,
    0x00, 0x00, 0x00, 0x09, 0xff, 0x98, 0x88, 0x88, 0x88, 0x88, 0x88, 0x83, 0x9f, 0xff, 0xff, 0xff,
    0xff, 0xff, 0xff, 0xff, 0x69, 0xff, 0xff, 0xff, 0xff, 0xff, 0xff, 0xff, 0xf6, 0x00, 0x00, 0x00,
    0x8f, 0xfe, 0x20, 0x00, 0x00, 0x00, 0x00, 0x00, 0x5f, 0xfd, 0xfd, 0x10, 0x00, 0x00, 0x00, 0x00,
    0x3e, 0xfb, 0x2e, 0xfb, 0x00, 0x00, 0x00, 0x00, 0x1d, 0xfe, 0x20, 0x5f, 0xf8, 0x00, 0x00, 0x00,
    0x00, 0x00, 0x00, 0x00, 0x00, 0x00, 0x00, 0x00, 0x00, 0x00, 0x00, 0x00, 0x00, 0x00, 0x00, 0x00,
    0x9f, 0xff, 0xff, 0xff, 0xff, 0xff, 0xff, 0xfe, 0x09, 0xff, 0xff, 0xff, 0xff, 0xff, 0xff, 0xff,
    0xe0, 0x9f, 0xf9, 0x88, 0x88, 0x88, 0x88, 0x88, 0x87, 0x09, 0xff, 0x30, 0x00, 0x00, 0x00, 0x00,
    0x00, 0x00, 0x9f, 0xf3, 0x00, 0x00, 0x00, 0x00, 0x00, 0x00, 0x09, 0xff, 0x30, 0x00, 0x00, 0x00,
    0x00, 0x00, 0x00, 0x9f, 0xf3, 0x00, 0x00, 0x00, 0x00, 0x00, 0x00, 0x09, 0xff, 0x30, 0x00, 0x00,
    0x00, 0x00, 0x00, 0x00, 0x9f, 0xf3, 0x00, 0x00, 0x00, 0x00, 0x00, 0x00, 0x09, 0xff, 0xff, 0xff,
    0xff, 0xff, 0xff, 0xff, 0x10, 0x9f, 0xff, 0xff, 0xff, 0xff, 0xff, 0xff, 0xf1, 0x09, 0xff, 0x98,
    0x88, 0x88, 0x88, 0x88, 0x88, 0x10, 0x9f, 0xf3, 0x00, 0x00, 0x00, 0x00, 0x00, 0x00, 0x09, 0xff,
    0x30, 0x00, 0x00, 0x00, 0x00, 0x00, 0x00, 0x9f, 0xf3, 0x00, 0x00, 0x00, 0x00, 0x00, 0x00, 0x09,
    0xff, 0x30, 0x00, 0x00, 0x00, 0x00, 0x00, 0x00, 0x9f, 0xf3, 0x00, 0x00, 0x00, 0x00, 0x00, 0x00,
    0x09, 0xff, 0x30, 0x00, 0x00, 0x00, 0x00, 0x00, 0x00, 0x9f, 0xf3, 0x00, 0x00, 0x00, 0x00, 0x00,
    0x00, 0x09, 0xff, 0x98, 0x88, 0x88, 0x88, 0x88, 0x88, 0x83, 0x9f, 0xff, 0xff, 0xff, 0xff, 0xff,
    0xff, 0xff, 0x69, 0xff, 0xff, 0xff, 0xff, 0xff, 0xff, 0xff, 0xf6, 0x0c, 0xff, 0x80, 0x00, 0x1d,
    0xfe, 0x10, 0x00, 0x2e, 0xf8, 0x00, 0x00, 0x4f, 0xe1, 0x00, 0x00, 0x00, 0x00, 0x00, 0x00, 0x00,
    0x00, 0x3f, 0xfa, 0x00, 0x03, 0xff, 0xa0, 0x00, 0x3f, 0xfa, 0x00, 0x03, 0xff, 0xa0, 0x00, 0x3f,
    0xfa, 0x00, 0x03, 0xff, 0xa0, 0x00, 0x3f, 0xfa, 0x00, 0x03, 0xff, 0xa0, 0x00, 0x3f, 0xfa, 0x00,
    0x03, 0xff, 0xa0, 0x00, 0x3f, 0xfa, 0x00, 0x03, 0xff, 0xa0, 0x00, 0x3f, 0xfa, 0x00, 0x03, 0xff,
    0xa0, 0x00, 0x3f, 0xfa, 0x00, 0x03, 0xff, 0xa0, 0x00, 0x3f, 0xfa, 0x00, 0x03, 0xff, 0xa0, 0x00,
    0x3f, 0xfa, 0x00, 0x03, 0xff, 0xa0, 0x00, 0x3f, 0xfa, 0x00, 0x03, 0xff, 0xa0, 0x03, 0xff, 0xe2,
    0x0b, 0xff, 0x40, 0x3f, 0xf7, 0x00, 0xaf, 0xa0, 0x00, 0x00, 0x00, 0x00, 0x00, 0x00, 0x00, 0x3f,
    0xfa, 0x00, 0x3f, 0xfa, 0x00, 0x3f, 0xfa, 0x00, 0x3f, 0xfa, 0x00, 0x3f, 0xfa, 0x00, 0x3f, 0xfa,
    0x00, 0x3f, 0xfa, 0x00, 0x3f, 0xfa, 0x00, 0x3f, 0xfa, 0x00, 0x3f, 0xfa, 0x00, 0x3f, 0xfa, 0x00,
    0x3f, 0xfa, 0x00, 0x3f, 0xfa, 0x00, 0x3f, 0xfa, 0x00, 0x3f, 0xfa, 0x00, 0x3f, 0xfa, 0x00, 0x3f,
    0xfa, 0x00, 0x3f, 0xfa, 0x00, 0x3f, 0xfa, 0x00, 0x3f, 0xfa, 0x00, 0x3f, 0xfa, 0x00, 0x3f, 0xfa,
    0x00, 0x00, 0x00, 0x00, 0x0a, 0xff, 0xa0, 0x00, 0x00, 0x00, 0x00, 0x00, 0x00, 0x00, 0x00, 0x1c,
    0xff, 0x30, 0x00, 0x00, 0x00, 0x00, 0x00, 0x00, 0x00, 0x00, 0x1d, 0xfa, 0x00, 0x00, 0x00, 0x00,
    0x00, 0x00, 0x00, 0x00, 0x00, 0x3e, 0xf3, 0x00, 0x00, 0x00, 0x00, 0x00, 0x00, 0x00, 0x00, 0x00,
    0x00, 0x00, 0x00, 0x00, 0x00, 0x00, 0x00, 0x00, 0x00, 0x00, 0x00, 0x00, 0x00, 0x00, 0x00, 0x00,
    0x00, 0x00, 0x00, 0x38, 0xcd, 0xfe, 0xda, 0x50, 0x00, 0x00, 0x00, 0x00, 0x02, 0xaf, 0xff, 0xff,
    0xff, 0xff, 0xd5, 0x00, 0x00, 0x00, 0x03, 0xef, 0xfe, 0x96, 0x45, 0x7c, 0xff, 0xf8, 0x00, 0x00,
    0x02, 0xef, 0xf9, 0x10, 0x00, 0x00, 0x05, 0xef, 0xf8, 0x00, 0x00, 0xcf, 0xf7, 0x00, 0x00, 0x00,
    0x00, 0x03, 0xef, 0xf4, 0x00, 0x5f, 0xfa, 0x00, 0x00, 0x00, 0x00, 0x00, 0x06, 0xff, 0xc0, 0x0c,
    0xff, 0x30, 0x00, 0x00, 0x00, 0x00, 0x00, 0x0c, 0xff, 0x31, 0xff, 0xd0, 0x00, 0x00, 0x00, 0x00,
    0x00, 0x00, 0x7f, 0xf8, 0x4f, 0xf9, 0x00, 0x00, 0x00, 0x00, 0x00, 0x00, 0x03, 0xff, 0xb6, 0xff,
    0x70, 0x00, 0x00, 0x00, 0x00, 0x00, 0x00, 0x1f, 0xfd, 0x7f, 0xf6, 0x00, 0x00, 0x00, 0x00, 0x00,
    0x00, 0x00, 0xff, 0xe8, 0xff, 0x60, 0x00, 0x00, 0x00, 0x00, 0x00, 0x00, 0x0f, 0xfe, 0x7f, 0xf7,
    0x00, 0x00, 0x00, 0x00, 0x00, 0x00, 0x01, 0xff, 0xd5, 0xff, 0x90, 0x00, 0x00, 0x00, 0x00, 0x00,
    0x00, 0x3f, 0xfb, 0x2f, 0xfc, 0x00, 0x00, 0x00, 0x00, 0x00, 0x00, 0x06, 0xff, 0x80, 0xcf, 0xf3,
    0x00, 0x00, 0x00, 0x00, 0x00, 0x00, 0xcf, 0xf3, 0x05, 0xff, 0xb0, 0x00, 0x00, 0x00, 0x00, 0x00,
    0x5f, 0xfc, 0x00, 0x0c, 0xff, 0x80, 0x00, 0x00, 0x00, 0x00, 0x2e, 0xff, 0x40, 0x00, 0x2e, 0xff,
    0x91, 0x00, 0x00, 0x00, 0x5e, 0xff, 0x80, 0x00, 0x00, 0x3e, 0xff, 0xe9, 0x54, 0x57, 0xcf, 0xff,
    0x90, 0x00, 0x00, 0x00, 0x1a, 0xff, 0xff, 0xff, 0xff, 0xfd, 0x50, 0x00, 0x00, 0x00, 0x00, 0x02,
    0x8c, 0xef, 0xed, 0xa5, 0x00, 0x00, 0x00, 0x00, 0x00, 0x00, 0x00, 0x00, 0x6f, 0xfd, 0x10, 0x00,
    0x00, 0x00, 0x00, 0x00, 0x00, 0x00, 0x0d, 0xfe, 0x30, 0x00, 0x00, 0x00, 0x00, 0x00, 0x00, 0x00,
    0x05, 0xff, 0x50, 0x00, 0x00, 0x00, 0x00, 0x00, 0x00, 0x00, 0x00, 0xcf, 0x80, 0x00, 0x00, 0x00,
    0x00, 0x00, 0x00, 0x00, 0x00, 0x00, 0x00, 0x00, 0x00, 0x00, 0x00, 0x00, 0x00, 0x00, 0x00, 0x00,
    0x00, 0x00, 0x00, 0x00, 0x00, 0x00, 0x00, 0x00, 0x00, 0x38, 0xcd, 0xfe, 0xda, 0x50, 0x00, 0x00,
    0x00, 0x00, 0x02, 0xaf, 0xff, 0xff, 0xff, 0xff, 0xd5, 0x00, 0x00, 0x00, 0x03, 0xef, 0xfe, 0x96,
    0x45, 0x7c, 0xff, 0xf8, 0x00, 0x00, 0x02, 0xef, 0xf9, 0x10, 0x00, 0x00, 0x05, 0xef, 0xf8, 0x00,
    0x00, 0xcf, 0xf7, 0x00, 0x00, 0x00, 0x00, 0x03, 0xef, 0xf4, 0x00, 0x5f, 0xfa, 0x00, 0x00, 0x00,
    0x00, 0x00, 0x06, 0xff, 0xc0, 0x0c, 0xff, 0x30, 0x00, 0x00, 0x00, 0x00, 0x00, 0x0c, 0xff, 0x31,
    0xff, 0xd0, 0x00, 0x00, 0x00, 0x00, 0x00, 0x00, 0x7f, 0xf8, 0x4f, 0xf9, 0x00, 0x00, 0x00, 0x00,
    0x00, 0x00, 0x03, 0xff, 0xb6, 0xff, 0x70, 0x00, 0x00, 0x00, 0x00, 0x00, 0x00, 0x1f, 0xfd, 0x7f,
    0xf6, 0x00, 0x00, 0x00, 0x00, 0x00, 0x00, 0x00, 0xff, 0xe8, 0xff, 0x60, 0x00, 0x00, 0x00, 0x00,
    0x00, 0x00, 0x0f, 0xfe, 0x7f, 0xf7, 0x00, 0x00, 0x00, 0x00, 0x00, 0x00, 0x01, 0xff, 0xd5, 0xff,
    0x90, 0x00, 0x00, 0x00, 0x00, 0x00, 0x00, 0x3f, 0xfb, 0x2f, 0xfc, 0x00, 0x00, 0x00, 0x00, 0x00,
    0x00, 0x06, 0xff, 0x80, 0xcf, 0xf3, 0x00, 0x00, 0x00, 0x00, 0x00, 0x00, 0xcf, 0xf3, 0x05, 0xff,
    0xb0, 0x00, 0x00, 0x00, 0x00, 0x00, 0x5f, 0xfc, 0x00, 0x0c, 0xff, 0x80, 0x00, 0x00, 0x00, 0x00,
    0x2e, 0xff, 0x40, 0x00, 0x2e, 0xff, 0x91, 0x00, 0x00, 0x00, 0x5e, 0xff, 0x80, 0x00, 0x00, 0x3e,
    0xff, 0xe9, 0x54, 0x57, 0xcf, 0xff, 0x90, 0x00, 0x00, 0x00, 0x1a, 0xff, 0xff, 0xff, 0xff, 0xfd,
    0x50, 0x00, 0x00, 0x00, 0x00, 0x02, 0x8c, 0xef, 0xed, 0xa5, 0x00, 0x00, 0x00, 0x00, 0x00, 0x00,
    0x00, 0x3f, 0xff, 0x60, 0x00, 0x00, 0x00, 0x00, 0x00, 0x00, 0x00, 0x1e, 0xfd, 0xff, 0x40, 0x00,
    0x00, 0x00, 0x00, 0x00, 0x00, 0x0c, 0xfe, 0x2a, 0xfe, 0x20, 0x00, 0x00, 0x00, 0x00, 0x00, 0x09,
    0xff, 0x60, 0x1e, 0xfc, 0x10, 0x00, 0x00, 0x00, 0x00, 0x00, 0x00, 0x00, 0x00, 0x00, 0x00, 0x00,
    0x00, 0x00, 0x00, 0x00, 0x00, 0x00, 0x00, 0x00, 0x00, 0x00, 0x00, 0x00, 0x00, 0x00, 0x00, 0x38,
    0xcd, 0xfe, 0xda, 0x50, 0x00, 0x00, 0x00, 0x00, 0x02, 0xaf, 0xff, 0xff, 0xff, 0xff, 0xd5, 0x00,
    0x00, 0x00, 0x03, 0xef, 0xfe, 0x96, 0x45, 0x7c, 0xff, 0xf8, 0x00, 0x00, 0x02, 0xef, 0xf9, 0x10,
    0x00, 0x00, 0x05, 0xef, 0xf8, 0x00, 0x00, 0xcf, 0xf7, 0x00, 0x00, 0x00, 0x00, 0x03, 0xef, 0xf4,
    0x00, 0x5f, 0xfa, 0x00, 0x00, 0x00, 0x00, 0x00, 0x06, 0xff, 0xc0, 0x0c, 0xff, 0x30, 0x00, 0x00,
    0x00, 0x00, 0x00, 0x0c, 0xff, 0x31, 0xff, 0xd0, 0x00, 0x00, 0x00, 0x00, 0x00, 0x00, 0x7f, 0xf8,
    0x4f, 0xf9, 0x00, 0x00, 0x00, 0x00, 0x00, 0x00, 0x03, 0xff, 0xb6, 0xff, 0x70, 0x00, 0x00, 0x00,
    0x00, 0x00, 0x00, 0x1f, 0xfd, 0x7f, 0xf6, 0x00, 0x00, 0x00, 0x00, 0x00, 0x00, 0x00, 0xff, 0xe8,
    0xff, 0x60, 0x00, 0x00, 0x00, 0x00, 0x00, 0x00, 0x0f, 0xfe, 0x7f, 0xf7, 0x00, 0x00, 0x00, 0x00,
    0x00, 0x00, 0x01, 0xff, 0xd5, 0xff, 0x90, 0x00, 0x00, 0x00, 0x00, 0x00, 0x00, 0x3f, 0xfb, 0x2f,
    0xfc, 0x00, 0x00, 0x00, 0x00, 0x00, 0x00, 0x06, 0xff, 0x80, 0xcf, 0xf3, 0x00, 0x00, 0x00, 0x00,
    0x00, 0x00, 0xcf, 0xf3, 0x05, 0xff, 0xb0, 0x00, 0x00, 0x00, 0x00, 0x00, 0x5f, 0xfc, 0x00, 0x0c,
    0xff, 0x80, 0x00, 0x00, 0x00, 0x00, 0x2e, 0xff, 0x40, 0x00, 0x2e, 0xff, 0x91, 0x00, 0x00, 0x00,
    0x5e, 0xff, 0x80, 0x00, 0x00, 0x3e, 0xff, 0xe9, 0x54, 0x57, 0xcf, 0xff, 0x90, 0x00, 0x00, 0x00,
    0x1a, 0xff, 0xff, 0xff, 0xff, 0xfd, 0x50, 0x00, 0x00, 0x00, 0x00, 0x02, 0x8c, 0xef, 0xed, 0xa5,
    0x00, 0x00, 0x00, 0x00, 0x00, 0x00, 0x19, 0xdc, 0x82, 0x06, 0xf8, 0x00, 0x00, 0x00, 0x00, 0x00,
    0x0b, 0xfd, 0xef, 0xfd, 0xff, 0x40, 0x00, 0x00, 0x00, 0x00, 0x01, 0xfd, 0x00, 0x5b, 0xed, 0x60,
    0x00, 0x00, 0x00, 0x00, 0x00, 0x00, 0x00, 0x00, 0x00, 0x00, 0x00, 0x00, 0x00, 0x00, 0x00, 0x00,
    0x00, 0x00, 0x00, 0x00, 0x00, 0x00, 0x00, 0x00, 0x00, 0x00, 0x03, 0x8c, 0xdf, 0xed, 0xa5, 0x00,
    0x00, 0x00, 0x00, 0x00, 0x2a, 0xff, 0xff, 0xff, 0xff, 0xfd, 0x50, 0x00, 0x00, 0x00, 0x3e, 0xff,
    0xe9, 0x64, 0x57, 0xcf, 0xff, 0x80, 0x00, 0x00, 0x2e, 0xff, 0x91, 0x00, 0x00, 0x00, 0x5e, 0xff,
    0x80, 0x00, 0x0c, 0xff, 0x70, 0x00, 0x00, 0x00, 0x00, 0x3e, 0xff, 0x40, 0x05, 0xff, 0xa0, 0x00,
    0x00, 0x00, 0x00, 0x00, 0x6f, 0xfc, 0x00, 0xcf, 0xf3, 0x00, 0x00, 0x00, 0x00, 0x00, 0x00, 0xcf,
    0xf3, 0x1f, 0xfd, 0x00, 0x00, 0x00, 0x00, 0x00, 0x00, 0x07, 0xff, 0x84, 0xff, 0x90, 0x00, 0x00,
    0x00, 0x00, 0x00, 0x00, 0x3f, 0xfb, 0x6f, 0xf7, 0x00, 0x00, 0x00, 0x00, 0x00, 0x00, 0x01, 0xff,
    0xd7, 0xff, 0x60, 0x00, 0x00, 0x00, 0x00, 0x00, 0x00, 0x0f, 0xfe, 0x8f, 0xf6, 0x00, 0x00, 0x00,
    0x00, 0x00, 0x00, 0x00, 0xff, 0xe7, 0xff, 0x70, 0x00, 0x00, 0x00, 0x00, 0x00, 0x00, 0x1f, 0xfd,
    0x5f, 0xf9, 0x00, 0x00, 0x00, 0x00, 0x00, 0x00, 0x03, 0xff, 0xb2, 0xff, 0xc0, 0x00, 0x00, 0x00,
    0x00, 0x00, 0x00, 0x6f, 0xf8, 0x0c, 0xff, 0x30, 0x00, 0x00, 0x00, 0x00, 0x00, 0x0c, 0xff, 0x30,
    0x5f, 0xfb, 0x00, 0x00, 0x00, 0x00, 0x00, 0x05, 0xff, 0xc0, 0x00, 0xcf, 0xf8, 0x00, 0x00, 0x00,
    0x00, 0x02, 0xef, 0xf4, 0x00, 0x02, 0xef, 0xf9, 0x10, 0x00, 0x00, 0x05, 0xef, 0xf8, 0x00, 0x00,
    0x03, 0xef, 0xfe, 0x95, 0x45, 0x7c, 0xff, 0xf9, 0x00, 0x00, 0x00, 0x01, 0xaf, 0xff, 0xff, 0xff,
    0xff, 0xd5, 0x00, 0x00, 0x00, 0x00, 0x00, 0x28, 0xce, 0xfe, 0xda, 0x50, 0x00, 0x00, 0x00, 0x00,
    0x00, 0x09, 0xff, 0xc0, 0x00, 0x00, 0x00, 0x00, 0x00, 0x00, 0x00, 0xbf, 0xf4, 0x00, 0x00, 0x00,
    0x00, 0x00, 0x00, 0x00, 0x1c, 0xfc, 0x00, 0x00, 0x00, 0x00, 0x00, 0x00, 0x00, 0x02, 0xef, 0x40,
    0x00, 0x00, 0x00, 0x00, 0x00, 0x00, 0x00, 0x00, 0x00, 0x00, 0x00, 0x00, 0x00, 0x00, 0x00, 0x00,
    0x00, 0x00, 0x00, 0x00, 0x00, 0xaf, 0xf3, 0x00, 0x00, 0x00, 0x00, 0x00, 0x9f, 0xf4, 0xaf, 0xf3,
    0x00, 0x00, 0x00, 0x00, 0x00, 0x9f, 0xf4, 0xaf, 0xf3, 0x00, 0x00, 0x00, 0x00, 0x00, 0x9f, 0xf4,
    0xaf, 0xf3, 0x00, 0x00, 0x00, 0x00, 0x00, 0x9f, 0xf4, 0xaf, 0xf3, 0x00, 0x00, 0x00, 0x00, 0x00,
    0x9f, 0xf4, 0xaf, 0xf3, 0x00, 0x00, 0x00, 0x00, 0x00, 0x9f, 0xf4, 0xaf, 0xf3, 0x00, 0x00, 0x00,
    0x00, 0x00, 0x9f, 0xf4, 0xaf, 0xf3, 0x00, 0x00, 0x00, 0x00, 0x00, 0x9f, 0xf4, 0xaf, 0xf3, 0x00,
    0x00, 0x00, 0x00, 0x00, 0x9f, 0xf4, 0xaf, 0xf3, 0x00, 0x00, 0x00, 0x00, 0x00, 0x9f, 0xf4, 0xaf,
    0xf3, 0x00, 0x00, 0x00, 0x00, 0x00, 0x9f, 0xf4, 0xaf, 0xf3, 0x00, 0x00, 0x00, 0x00, 0x00, 0x9f,
    0xf4, 0xaf, 0xf3, 0x00, 0x00, 0x00, 0x00, 0x00, 0x9f, 0xf4, 0x9f, 0xf3, 0x00, 0x00, 0x00, 0x00,
    0x00, 0xaf, 0xf3, 0x8f, 0xf4, 0x00, 0x00, 0x00, 0x00, 0x00, 0xbf, 0xf2, 0x7f, 0xf6, 0x00, 0x00,
    0x00, 0x00, 0x00, 0xdf, 0xf1, 0x4f, 0xfa, 0x00, 0x00, 0x00, 0x00, 0x02, 0xff, 0xd0, 0x0e, 0xff,
    0x30, 0x00, 0x00, 0x00, 0x09, 0xff, 0x80, 0x08, 0xff, 0xe4, 0x00, 0x00, 0x01, 0x7f, 0xff, 0x20,
    0x01, 0xcf, 0xff, 0xd9, 0x88, 0xae, 0xff, 0xf6, 0x00, 0x00, 0x1a, 0xff, 0xff, 0xff, 0xff, 0xfe,
    0x50, 0x00, 0x00, 0x00, 0x39, 0xce, 0xff, 0xdb, 0x61, 0x00, 0x00, 0x00, 0x00, 0x00, 0x00, 0x4f,
    0xfe, 0x20, 0x00, 0x00, 0x00, 0x00, 0x00, 0x00, 0xcf, 0xf3, 0x00, 0x00, 0x00, 0x00, 0x00, 0x00,
    0x04, 0xff, 0x60, 0x00, 0x00, 0x00, 0x00, 0x00, 0x00, 0x0b, 0xf9, 0x00, 0x00, 0x00, 0x00, 0x00,
    0x00, 0x00, 0x00, 0x00, 0x00, 0x00, 0x00, 0x00, 0x00, 0x00, 0x00, 0x00, 0x00, 0x00, 0x00, 0x00,
    0x00, 0xaf, 0xf3, 0x00, 0x00, 0x00, 0x00, 0x00, 0x9f, 0xf4, 0xaf, 0xf3, 0x00, 0x00, 0x00, 0x00,
    0x00, 0x9f, 0xf4, 0xaf, 0xf3, 0x00, 0x00, 0x00, 0x00, 0x00, 0x9f, 0xf4, 0xaf, 0xf3, 0x00, 0x00,
    0x00, 0x00, 0x00, 0x9f, 0xf4, 0xaf, 0xf3, 0x00, 0x00, 0x00, 0x00, 0x00, 0x9f, 0xf4, 0xaf, 0xf3,
    0x00, 0x00, 0x00, 0x00, 0x00, 0x9f, 0xf4, 0xaf, 0xf3, 0x00, 0x00, 0x00, 0x00, 0x00, 0x9f, 0xf4,
    0xaf, 0xf3, 0x00, 0x00, 0x00, 0x00, 0x00, 0x9f, 0xf4, 0xaf, 0xf3, 0x00, 0x00, 0x00, 0x00, 0x00,
    0x9f, 0xf4, 0xaf, 0xf3, 0x00, 0x00, 0x00, 0x00, 0x00, 0x9f, 0xf4, 0xaf, 0xf3, 0x00, 0x00, 0x00,
    0x00, 0x00, 0x9f, 0xf4, 0xaf, 0xf3, 0x00, 0x00, 0x00, 0x00, 0x00, 0x9f, 0xf4, 0xaf, 0xf3, 0x00,
    0x00, 0x00, 0x00, 0x00, 0x9f, 0xf4, 0x9f, 0xf3, 0x00, 0x00, 0x00, 0x00, 0x00, 0xaf, 0xf3, 0x8f,
    0xf4, 0x00, 0x00, 0x00, 0x00, 0x00, 0xbf, 0xf2, 0x7f, 0xf6, 0x00, 0x00, 0x00, 0x00, 0x00, 0xdf,
    0xf1, 0x4f, 0xfa, 0x00, 0x00, 0x00, 0x00, 0x02, 0xff, 0xd0, 0x0e, 0xff, 0x30, 0x00, 0x00, 0x00,
    0x09, 0xff, 0x80, 0x08, 0xff, 0xe4, 0x00, 0x00, 0x01, 0x7f, 0xff, 0x20, 0x01, 0xcf, 0xff, 0xd9,
    0x88, 0xae, 0xff, 0xf6, 0x00, 0x00, 0x1a, 0xff, 0xff, 0xff, 0xff, 0xfe, 0x50, 0x00, 0x00, 0x00,
    0x39, 0xce, 0xff, 0xdb, 0x61, 0x00, 0x00, 0x00, 0x00, 0x00, 0x00, 0x03, 0xff, 0xe3, 0x00, 0x00,
    0x00, 0x00, 0x00, 0x00, 0x00, 0x0a, 0xff, 0x50, 0x00, 0x00, 0x00, 0x00, 0x00, 0x00, 0x00, 0x2f,
    0xf8, 0x00, 0x00, 0x00, 0x00, 0x00, 0x00, 0x00, 0x00, 0xaf, 0xb0, 0x00, 0x00, 0x00, 0x00, 0x00,
    0x00, 0x00, 0x00, 0x00, 0x00, 0x00, 0x00, 0x00, 0x00, 0x00, 0x00, 0x00, 0x00, 0x00, 0x00, 0x00,
    0x00, 0x00, 0x00, 0x9f, 0xfc, 0x00, 0x00, 0x00, 0x00, 0x00, 0x00, 0xcf, 0xf7, 0x1d, 0xff, 0x70,
    0x00, 0x00, 0x00, 0x00, 0x07, 0xff, 0xc0, 0x05, 0xff, 0xe2, 0x00, 0x00, 0x00, 0x00, 0x2e, 0xff,
    0x20, 0x00, 0xaf, 0xfa, 0x00, 0x00, 0x00, 0x00, 0xaf, 0xf7, 0x00, 0x00, 0x2e, 0xff, 0x50, 0x00,
    0x00, 0x05, 0xff, 0xc0, 0x00, 0x00, 0x06, 0xff, 0xd1, 0x00, 0x00, 0x1d, 0xff, 0x30, 0x00, 0x00,
    0x00, 0xcf, 0xf8, 0x00, 0x00, 0x8f, 0xf7, 0x00, 0x00, 0x00, 0x00, 0x2f, 0xff, 0x20, 0x03, 0xff,
    0xc0, 0x00, 0x00, 0x00, 0x00, 0x08, 0xff, 0xa0, 0x0b, 0xff, 0x30, 0x00, 0x00, 0x00, 0x00, 0x00,
    0xdf, 0xf4, 0x5f, 0xf8, 0x00, 0x00, 0x00, 0x00, 0x00, 0x00, 0x4f, 0xfc, 0xdf, 0xc0, 0x00, 0x00,
    0x00, 0x00, 0x00, 0x00, 0x09, 0xff, 0xff, 0x30, 0x00, 0x00, 0x00, 0x00, 0x00, 0x00, 0x01, 0xef,
    0xf8, 0x00, 0x00, 0x00, 0x00, 0x00, 0x00, 0x00, 0x00, 0xaf, 0xf3, 0x00, 0x00, 0x00, 0x00, 0x00,
    0x00, 0x00, 0x00, 0xaf, 0xf3, 0x00, 0x00, 0x00, 0x00, 0x00, 0x00, 0x00, 0x00, 0xaf, 0xf3, 0x00,
    0x00, 0x00, 0x00, 0x00, 0x00, 0x00, 0x00, 0xaf, 0xf3, 0x00, 0x00, 0x00, 0x00, 0x00, 0x00, 0x00,
    0x00, 0xaf, 0xf3, 0x00, 0x00, 0x00, 0x00, 0x00, 0x00, 0x00, 0x00, 0xaf, 0xf3, 0x00, 0x00, 0x00,
    0x00, 0x00, 0x00, 0x00, 0x00, 0xaf, 0xf3, 0x00, 0x00, 0x00, 0x00, 0x00, 0x00, 0x00, 0x00, 0xaf,
    0xf3, 0x00, 0x00, 0x00, 0x00, 0x00, 0x00, 0x00, 0x00, 0xaf, 0xf3, 0x00, 0x00, 0x00, 0x00, 0x00,
    0x00, 0x9f, 0xfb, 0x00, 0x00, 0x00, 0x00, 0x00, 0x00, 0xbf, 0xf3, 0x00, 0x00, 0x00, 0x00, 0x00,
    0x01, 0xdf, 0xb0, 0x00, 0x00, 0x00, 0x00, 0x00, 0x02, 0xef, 0x30, 0x00, 0x00, 0x00, 0x00, 0x00,
    0x00, 0x00, 0x00, 0x00, 0x00, 0x00, 0x39, 0xce, 0xfe, 0xd9, 0x30, 0x00, 0x00, 0xaf, 0xff, 0xff,
    0xff, 0xff, 0x60, 0x00, 0x9f, 0xfd, 0x75, 0x46, 0xcf, 0xff, 0x20, 0x2f, 0xfc, 0x10, 0x00, 0x00,
    0x9f, 0xf6, 0x04, 0xce, 0x50, 0x00, 0x00, 0x03, 0xff, 0x80, 0x00, 0x00, 0x00, 0x00, 0x00, 0x1f,
    0xf9, 0x00, 0x00, 0x00, 0x01, 0x36, 0x9d, 0xff, 0x90, 0x00, 0x17, 0xbe, 0xff, 0xff, 0xff, 0xf9,
    0x00, 0x6e, 0xff, 0xff, 0xfd, 0xa7, 0xff, 0x90, 0x4f, 0xfe, 0x95, 0x20, 0x00, 0x2f, 0xf9, 0x0b,
    0xff, 0x40, 0x00, 0x00, 0x03, 0xff, 0x90, 0xdf, 0xe0, 0x00, 0x00, 0x00, 0x9f, 0xf9, 0x0c, 0xff,
    0x30, 0x00, 0x00, 0x6f, 0xff, 0x90, 0x8f, 0xfe, 0x85, 0x47, 0xcf, 0xff, 0xfa, 0x01, 0xcf, 0xff,
    0xff, 0xff, 0xd4, 0xbf, 0xd0, 0x00, 0x6c, 0xef, 0xeb, 0x60, 0x08, 0xff, 0x30, 0x00, 0x00, 0x00,
    0x08, 0xff, 0xb0, 0x00, 0x00, 0x00, 0x00, 0x01, 0xef, 0xd1, 0x00, 0x00, 0x00, 0x00, 0x00, 0x7f,
    0xf3, 0x00, 0x00, 0x00, 0x00, 0x00, 0x1e, 0xf6, 0x00, 0x00, 0x00, 0x00, 0x00, 0x00, 0x00, 0x00,
    0x00, 0x00, 0x00, 0x00, 0x39, 0xce, 0xfe, 0xd9, 0x30, 0x00, 0x00, 0xaf, 0xff, 0xff, 0xff, 0xff,
    0x60, 0x00, 0x9f, 0xfd, 0x75, 0x46, 0xcf, 0xff, 0x20, 0x2f, 0xfc, 0x10, 0x00, 0x00, 0x9f, 0xf6,
    0x04, 0xce, 0x50, 0x00, 0x00, 0x03, 0xff, 0x80, 0x00, 0x00, 0x00, 0x00, 0x00, 0x1f, 0xf9, 0x00,
    0x00, 0x00, 0x01, 0x36, 0x9d, 0xff, 0x90, 0x00, 0x17, 0xbe, 0xff, 0xff, 0xff, 0xf9, 0x00, 0x6e,
    0xff, 0xff, 0xfd, 0xa7, 0xff, 0x90, 0x4f, 0xfe, 0x95, 0x20, 0x00, 0x2f, 0xf9, 0x0b, 0xff, 0x40,
    0x00, 0x00, 0x03, 0xff, 0x90, 0xdf, 0xe0, 0x00, 0x00, 0x00, 0x9f, 0xf9, 0x0c, 0xff, 0x30, 0x00,
    0x00, 0x6f, 0xff, 0x90, 0x8f, 0xfe, 0x85, 0x47, 0xcf, 0xff, 0xfa, 0x01, 0xcf, 0xff, 0xff, 0xff,
    0xd4, 0xbf, 0xd0, 0x00, 0x6c, 0xef, 0xeb, 0x60, 0x08, 0xff, 0x30, 0x00, 0x00, 0x09, 0xff, 0xd2,
    0x00, 0x00, 0x00, 0x00, 0x06, 0xff, 0xdf, 0xc0, 0x00, 0x00, 0x00, 0x03, 0xff, 0xa2, 0xef, 0xa0,
    0x00, 0x00, 0x01, 0xef, 0xe1, 0x06, 0xff, 0x70, 0x00, 0x00, 0x00, 0x00, 0x00, 0x00, 0x00, 0x00,
    0x00, 0x00, 0x39, 0xce, 0xfe, 0xd9, 0x30, 0x00, 0x00, 0xaf, 0xff, 0xff, 0xff, 0xff, 0x60, 0x00,
    0x9f, 0xfd, 0x75, 0x46, 0xcf, 0xff, 0x20, 0x2f, 0xfc, 0x10, 0x00, 0x00, 0x9f, 0xf6, 0x04, 0xce,
    0x50, 0x00, 0x00, 0x03, 0xff, 0x80, 0x00, 0x00, 0x00, 0x00, 0x00, 0x1f, 0xf9, 0x00, 0x00, 0x00,
    0x01, 0x36, 0x9d, 0xff, 0x90, 0x00, 0x17, 0xbe, 0xff, 0xff, 0xff, 0xf9, 0x00, 0x6e, 0xff, 0xff,
    0xfd, 0xa7, 0xff, 0x90, 0x4f, 0xfe, 0x95, 0x20, 0x00, 0x2f, 0xf9, 0x0b, 0xff, 0x40, 0x00, 0x00,
    0x03, 0xff, 0x90, 0xdf, 0xe0, 0x00, 0x00, 0x00, 0x9f, 0xf9, 0x0c, 0xff, 0x30, 0x00, 0x00, 0x6f,
    0xff, 0x90, 0x8f, 0xfe, 0x85, 0x47, 0xcf, 0xff, 0xfa, 0x01, 0xcf, 0xff, 0xff, 0xff, 0xd4, 0xbf,
    0xd0, 0x00, 0x6c, 0xef, 0xeb, 0x60, 0x08, 0xff, 0x30, 0x00, 0x05, 0xcd, 0xb5, 0x00, 0xdf, 0x10,
    0x00, 0x03, 0xff, 0xdf, 0xfe, 0xef, 0xc0, 0x00, 0x00, 0x8f, 0x60, 0x28, 0xde, 0xb2, 0x00, 0x00,
    0x00, 0x00, 0x00, 0x00, 0x00, 0x00, 0x00, 0x00, 0x03, 0x9c, 0xef, 0xed, 0x93, 0x00, 0x00, 0x0a,
    0xff, 0xff, 0xff, 0xff, 0xf6, 0x00, 0x09, 0xff, 0xd7, 0x54, 0x6c, 0xff, 0xf2, 0x02, 0xff, 0xc1,
    0x00, 0x00, 0x09, 0xff, 0x60, 0x4c, 0xe5, 0x00, 0x00, 0x00, 0x3f, 0xf8, 0x00, 0x00, 0x00, 0x00,
    0x00, 0x01, 0xff, 0x90, 0x00, 0x00, 0x00, 0x13, 0x69, 0xdf, 0xf9, 0x00, 0x01, 0x7b, 0xef, 0xff,
    0xff, 0xff, 0x90, 0x06, 0xef, 0xff, 0xff, 0xda, 0x7f, 0xf9, 0x04, 0xff, 0xe9, 0x52, 0x00, 0x02,
    0xff, 0x90, 0xbf, 0xf4, 0x00, 0x00, 0x00, 0x3f, 0xf9, 0x0d, 0xfe, 0x00, 0x00, 0x00, 0x09, 0xff,
    0x90, 0xcf, 0xf3, 0x00, 0x00, 0x06, 0xff, 0xf9, 0x08, 0xff, 0xe8, 0x54, 0x7c, 0xff, 0xff, 0xa0,
    0x1c, 0xff, 0xff, 0xff, 0xfd, 0x4b, 0xfd, 0x00, 0x06, 0xce, 0xfe, 0xb6, 0x00, 0x8f, 0xf3, 0x00,
    0x02, 0xef, 0xf5, 0x00, 0x00, 0x00, 0x00, 0x00, 0x03, 0xff, 0xc0, 0x00, 0x00, 0x00, 0x00, 0x00,
    0x05, 0xff, 0x40, 0x00, 0x00, 0x00, 0x00, 0x00, 0x08, 0xfc, 0x00, 0x00, 0x00, 0x00, 0x00, 0x00,
    0x00, 0x00, 0x00, 0x00, 0x00, 0x00, 0x17, 0xce, 0xfd, 0xa4, 0x00, 0x00, 0x00, 0x3e, 0xff, 0xff,
    0xff, 0xfa, 0x00, 0x00, 0x3f, 0xff, 0xa5, 0x46, 0xcf, 0xfa, 0x00, 0x0d, 0xff, 0x60, 0x00, 0x00,
    0x9f, 0xf5, 0x05, 0xff, 0x90, 0x00, 0x00, 0x01, 0xef, 0xc0, 0x9f, 0xf3, 0x00, 0x00, 0x00, 0x09,
    0xff, 0x2c, 0xff, 0x44, 0x44, 0x44, 0x44, 0x8f, 0xf5, 0xdf, 0xff, 0xff, 0xff, 0xff, 0xff, 0xff,
    0x6d, 0xff, 0xff, 0xff, 0xff, 0xff, 0xff, 0xf6, 0xcf, 0xd0, 0x00, 0x00, 0x00, 0x00, 0x00, 0x0a,
    0xff, 0x10, 0x00, 0x00, 0x00, 0x00, 0x00, 0x5f, 0xf8, 0x00, 0x00, 0x00, 0x0a, 0xec, 0x20, 0xdf,
    0xf5, 0x00, 0x00, 0x06, 0xff, 0xd0, 0x04, 0xff, 0xfa, 0x54, 0x6a, 0xff, 0xf4, 0x00, 0x04, 0xef,
    0xff, 0xff, 0xff, 0xe5, 0x00, 0x00, 0x01, 0x7c, 0xef, 0xec, 0x81, 0x00, 0x00, 0x00, 0x00, 0x00,
    0x07, 0xff, 0xc0, 0x00, 0x00, 0x00, 0x00, 0x01, 0xef, 0xe2, 0x00, 0x00, 0x00, 0x00, 0x00, 0x7f,
    0xf3, 0x00, 0x00, 0x00, 0x00, 0x00, 0x1e, 0xf6, 0x00, 0x00, 0x00, 0x00, 0x00, 0x00, 0x00, 0x00,
    0x00, 0x00, 0x00, 0x00, 0x17, 0xce, 0xfd, 0xa4, 0x00, 0x00, 0x00, 0x3e, 0xff, 0xff, 0xff, 0xfa,
    0x00, 0x00, 0x3f, 0xff, 0xa5, 0x46, 0xcf, 0xfa, 0x00, 0x0d, 0xff, 0x60, 0x00, 0x00, 0x9f, 0xf5,
    0x05, 0xff, 0x90, 0x00, 0x00, 0x01, 0xef, 0xc0, 0x9f, 0xf3, 0x00, 0x00, 0x00, 0x09, 0xff, 0x2c,
    0xff, 0x44, 0x44, 0x44, 0x44, 0x8f, 0xf5, 0xdf, 0xff, 0xff, 0xff, 0xff, 0xff, 0xff, 0x6d, 0xff,
    0xff, 0xff, 0xff, 0xff, 0xff, 0xf6, 0xcf, 0xd0, 0x00, 0x00, 0x00, 0x00, 0x00, 0x0a, 0xff, 0x10,
    0x00, 0x00, 0x00, 0x00, 0x00, 0x5f, 0xf8, 0x00, 0x00, 0x00, 0x0a, 0xec, 0x20, 0xdf, 0xf5, 0x00,
    0x00, 0x06, 0xff, 0xd0, 0x04, 0xff, 0xfa, 0x54, 0x6a, 0xff, 0xf4, 0x00, 0x04, 0xef, 0xff, 0xff,
    0xff, 0xe5, 0x00, 0x00, 0x01, 0x7c, 0xef, 0xec, 0x81, 0x00, 0x00, 0x00, 0x00, 0x09, 0xff, 0xe2,
    0x00, 0x00, 0x00, 0x00, 0x06, 0xff, 0xdf, 0xc1, 0x00, 0x00, 0x00, 0x03, 0xff, 0xa2, 0xef, 0xa0,
    0x00, 0x00, 0x01, 0xdf, 0xe1, 0x06, 0xff, 0x70, 0x00, 0x00, 0x00, 0x00, 0x00, 0x00, 0x00, 0x00,
    0x00, 0x00, 0x17, 0xce, 0xfd, 0xa4, 0x00, 0x00, 0x00, 0x3e, 0xff, 0xff, 0xff, 0xfa, 0x00, 0x00,
    0x3f, 0xff, 0xa5, 0x46, 0xcf, 0xfa, 0x00, 0x0d, 0xff, 0x60, 0x00, 0x00, 0x9f, 0xf5, 0x05, 0xff,
    0x90, 0x00, 0x00, 0x01, 0xef, 0xc0, 0x9f, 0xf3, 0x00, 0x00, 0x00, 0x09, 0xff, 0x2c, 0xff, 0x44,
    0x44, 0x44, 0x44, 0x8f, 0xf5, 0xdf, 0xff, 0xff, 0xff, 0xff, 0xff, 0xff, 0x6d, 0xff, 0xff, 0xff,
    0xff, 0xff, 0xff, 0xf6, 0xcf, 0xd0, 0x00, 0x00, 0x00, 0x00, 0x00, 0x0a, 0xff, 0x10, 0x00, 0x00,
    0x00, 0x00, 0x00, 0x5f, 0xf8, 0x00, 0x00, 0x00, 0x0a, 0xec, 0x20, 0xdf, 0xf5, 0x00, 0x00, 0x06,
    0xff, 0xd0, 0x04, 0xff, 0xfa, 0x54, 0x6a, 0xff, 0xf4, 0x00, 0x04, 0xef, 0xff, 0xff, 0xff, 0xe5,
    0x00, 0x00, 0x01, 0x7c, 0xef, 0xec, 0x81, 0x00, 0x00, 0x2e, 0xff, 0x40, 0x04, 0xff, 0xc0, 0x00,
    0x6f, 0xf4, 0x00, 0x08, 0xfb, 0x00, 0x00, 0x00, 0x00, 0x1f, 0xf8, 0x00, 0x1f, 0xf8, 0x00, 0x1f,
    0xf8, 0x00, 0x1f, 0xf8, 0x00, 0x1f, 0xf8, 0x00, 0x1f, 0xf8, 0x00, 0x1f, 0xf8, 0x00, 0x1f, 0xf8,
    0x00, 0x1f, 0xf8, 0x00, 0x1f, 0xf8, 0x00, 0x1f, 0xf8, 0x00, 0x1f, 0xf8, 0x00, 0x1f, 0xf8, 0x00,
    0x1f, 0xf8, 0x00, 0x1f, 0xf8, 0x00, 0x1f, 0xf8, 0x00, 0x8f, 0xfb, 0x00, 0x1e, 0xfd, 0x10, 0x08,
    0xfe, 0x30, 0x01, 0xef, 0x50, 0x00, 0x00, 0x00, 0x00, 0x01, 0xff, 0x80, 0x00, 0x1f, 0xf8, 0x00,
    0x01, 0xff, 0x80, 0x00, 0x1f, 0xf8, 0x00, 0x01, 0xff, 0x80, 0x00, 0x1f, 0xf8, 0x00, 0x01, 0xff,
    0x80, 0x00, 0x1f, 0xf8, 0x00, 0x01, 0xff, 0x80, 0x00, 0x1f, 0xf8, 0x00, 0x01, 0xff, 0x80, 0x00,
    0x1f, 0xf8, 0x00, 0x01, 0xff, 0x80, 0x00, 0x1f, 0xf8, 0x00, 0x01, 0xff, 0x80, 0x00, 0x1f, 0xf8,
    0x00, 0x00, 0x00, 0x02, 0xef, 0xf5, 0x00, 0x00, 0x00, 0x00, 0x00, 0x03, 0xff, 0xc0, 0x00, 0x00,
    0x00, 0x00, 0x00, 0x05, 0xff, 0x50, 0x00, 0x00, 0x00, 0x00, 0x00, 0x07, 0xfc, 0x00, 0x00, 0x00,
    0x00, 0x00, 0x00, 0x00, 0x00, 0x00, 0x00, 0x00, 0x00, 0x17, 0xce, 0xfd, 0xa5, 0x00, 0x00, 0x00,
    0x5e, 0xff, 0xff, 0xff, 0xfb, 0x10, 0x00, 0x5f, 0xff, 0xa5, 0x46, 0xdf, 0xfc, 0x10, 0x1e, 0xff,
    0x40, 0x00, 0x00, 0xaf, 0xf8, 0x07, 0xff, 0x70, 0x00, 0x00, 0x01, 0xdf, 0xe1, 0xbf, 0xf1, 0x00,
    0x00, 0x00, 0x07, 0xff, 0x5d, 0xfc, 0x00, 0x00, 0x00, 0x00, 0x4f, 0xf7, 0xef, 0xb0, 0x00, 0x00,
    0x00, 0x02, 0xff, 0x8f, 0xfb, 0x00, 0x00, 0x00, 0x00, 0x3f, 0xf8, 0xdf, 0xc0, 0x00, 0x00, 0x00,
    0x04, 0xff, 0x7b, 0xff, 0x10, 0x00, 0x00, 0x00, 0x7f, 0xf5, 0x7f, 0xf7, 0x00, 0x00, 0x00, 0x1d,
    0xff, 0x11, 0xef, 0xe4, 0x00, 0x00, 0x0a, 0xff, 0x90, 0x05, 0xff, 0xf9, 0x54, 0x6d, 0xff, 0xd1,
    0x00, 0x05, 0xef, 0xff, 0xff, 0xff, 0xb1, 0x00, 0x00, 0x01, 0x8c, 0xef, 0xda, 0x40, 0x00, 0x00,
    0x00, 0x00, 0x00, 0x07, 0xff, 0xc0, 0x00, 0x00, 0x00, 0x00, 0x01, 0xef, 0xe2, 0x00, 0x00, 0x00,
    0x00, 0x00, 0x7f, 0xf4, 0x00, 0x00, 0x00, 0x00, 0x00, 0x0e, 0xf6, 0x00, 0x00, 0x00, 0x00, 0x00,
    0x00, 0x00, 0x00, 0x00, 0x00, 0x00, 0x00, 0x17, 0xce, 0xfd, 0xa5, 0x00, 0x00, 0x00, 0x5e, 0xff,
    0xff, 0xff, 0xfb, 0x10, 0x00, 0x5f, 0xff, 0xa5, 0x46, 0xdf, 0xfc, 0x10, 0x1e, 0xff, 0x40, 0x00,
    0x00, 0xaf, 0xf8, 0x07, 0xff, 0x70, 0x00, 0x00, 0x01, 0xdf, 0xe1, 0xbf, 0xf1, 0x00, 0x00, 0x00,
    0x07, 0xff, 0x5d, 0xfc, 0x00, 0x00, 0x00, 0x00, 0x4f, 0xf7, 0xef, 0xb0, 0x00, 0x00, 0x00, 0x02,
    0xff, 0x8f, 0xfb, 0x00, 0x00, 0x00, 0x00, 0x3f, 0xf8, 0xdf, 0xc0, 0x00, 0x00, 0x00, 0x04, 0xff,
    0x7b, 0xff, 0x10, 0x00, 0x00, 0x00, 0x7f, 0xf5, 0x7f, 0xf7, 0x00, 0x00, 0x00, 0x1d, 0xff, 0x11,
    0xef, 0xe4, 0x00, 0x00, 0x0a, 0xff, 0x90, 0x05, 0xff, 0xf9, 0x54, 0x6d, 0xff, 0xd1, 0x00, 0x05,
    0xef, 0xff, 0xff, 0xff, 0xb1, 0x00, 0x00, 0x01, 0x8c, 0xef, 0xda, 0x40, 0x00, 0x00, 0x00, 0x00,
    0x09, 0xff, 0xe2, 0x00, 0x00, 0x00, 0x00, 0x06, 0xff, 0xdf, 0xc1, 0x00, 0x00, 0x00, 0x03, 0xff,
    0xa2, 0xef, 0xa0, 0x00, 0x00, 0x01, 0xdf, 0xe1, 0x06, 0xff, 0x80, 0x00, 0x00, 0x00, 0x00, 0x00,
    0x00, 0x00, 0x00, 0x00, 0x00, 0x17, 0xce, 0xfd, 0xa5, 0x00, 0x00, 0x00, 0x5e, 0xff, 0xff, 0xff,
    0xfb, 0x10, 0x00, 0x5f, 0xff, 0xa5, 0x46, 0xdf, 0xfc, 0x10, 0x1e, 0xff, 0x40, 0x00, 0x00, 0xaf,
    0xf8, 0x07, 0xff, 0x70, 0x00, 0x00, 0x01, 0xdf, 0xe1, 0xbf, 0xf1, 0x00, 0x00, 0x00, 0x07, 0xff,
    0x5d, 0xfc, 0x00, 0x00, 0x00, 0x00, 0x4f, 0xf7, 0xef, 0xb0, 0x00, 0x00, 0x00, 0x02, 0xff, 0x8f,
    0xfb, 0x00, 0x00, 0x00, 0x00, 0x3f, 0xf8, 0xdf, 0xc0, 0x00, 0x00, 0x00, 0x04, 0xff, 0x7b, 0xff,
    0x10, 0x00, 0x00, 0x00, 0x7f, 0xf5, 0x7f, 0xf7, 0x00, 0x00, 0x00, 0x1d, 0xff, 0x11, 0xef, 0xe4,
    0x00, 0x00, 0x0a, 0xff, 0x90, 0x05, 0xff, 0xf9, 0x54, 0x6d, 0xff, 0xd1, 0x00, 0x05, 0xef, 0xff,
    0xff, 0xff, 0xb1, 0x00, 0x00, 0x01, 0x8c, 0xef, 0xda, 0x40, 0x00, 0x00, 0x00, 0x04, 0xcd, 0xb5,
    0x10, 0xdf, 0x10, 0x00, 0x03, 0xff, 0xdf, 0xfe, 0xef, 0xc0, 0x00, 0x00, 0x8f, 0x70, 0x28, 0xde,
    0xb2, 0x00, 0x00, 0x00, 0x00, 0x00, 0x00, 0x00, 0x00, 0x00, 0x00, 0x01, 0x7c, 0xef, 0xda, 0x50,
    0x00, 0x00, 0x05, 0xef, 0xff, 0xff, 0xff, 0xb1, 0x00, 0x05, 0xff, 0xfa, 0x54, 0x6d, 0xff, 0xc1,
    0x01, 0xef, 0xf4, 0x00, 0x00, 0x0a, 0xff, 0x80, 0x7f, 0xf7, 0x00, 0x00, 0x00, 0x1d, 0xfe, 0x1b,
    0xff, 0x10, 0x00, 0x00, 0x00, 0x7f, 0xf5, 0xdf, 0xc0, 0x00, 0x00, 0x00, 0x04, 0xff, 0x7e, 0xfb,
    0x00, 0x00, 0x00, 0x00, 0x2f, 0xf8, 0xff, 0xb0, 0x00, 0x00, 0x00, 0x03, 0xff, 0x8d, 0xfc, 0x00,
    0x00, 0x00, 0x00, 0x4f, 0xf7, 0xbf, 0xf1, 0x00, 0x00, 0x00, 0x07, 0xff, 0x57, 0xff, 0x70, 0x00,
    0x00, 0x01, 0xdf, 0xf1, 0x1e, 0xfe, 0x40, 0x00, 0x00, 0xaf, 0xf9, 0x00, 0x5f, 0xff, 0x95, 0x46,
    0xdf, 0xfd, 0x10, 0x00, 0x5e, 0xff, 0xff, 0xff, 0xfb, 0x10, 0x00, 0x00, 0x18, 0xce, 0xfd, 0xa4,
    0x00, 0x00, 0x00, 0x00, 0x6f, 0xfe, 0x00, 0x00, 0x00, 0x00, 0x00, 0x09, 0xff, 0x60, 0x00, 0x00,
    0x00, 0x00, 0x00, 0xbf, 0xd0, 0x00, 0x00, 0x00, 0x00, 0x00, 0x1c, 0xf6, 0x00, 0x00, 0x00, 0x00,
    0x00, 0x00, 0x00, 0x00, 0x00, 0x1f, 0xf8, 0x00, 0x00, 0x00, 0x2f, 0xf8, 0x1f, 0xf8, 0x00, 0x00,
    0x00, 0x2f, 0xf8, 0x1f, 0xf8, 0x00, 0x00, 0x00, 0x2f, 0xf8, 0x1f, 0xf8, 0x00, 0x00, 0x00, 0x2f,
    0xf8, 0x1f, 0xf8, 0x00, 0x00, 0x00, 0x2f, 0xf8, 0x1f, 0xf8, 0x00, 0x00, 0x00, 0x2f, 0xf8, 0x1f,
    0xf8, 0x00, 0x00, 0x00, 0x2f, 0xf8, 0x1f, 0xf8, 0x00, 0x00, 0x00, 0x2f, 0xf8, 0x1f, 0xf8, 0x00,
    0x00, 0x00, 0x2f, 0xf8, 0x1f, 0xf9, 0x00, 0x00, 0x00, 0x3f, 0xf8, 0x1f, 0xf9, 0x00, 0x00, 0x00,
    0x5f, 0xf8, 0x0f, 0xfb, 0x00, 0x00, 0x00, 0x9f, 0xf8, 0x0c, 0xff, 0x30, 0x00, 0x04, 0xff, 0xf8,
    0x07, 0xff, 0xe8, 0x45, 0xaf, 0xee, 0xf8, 0x00, 0xbf, 0xff, 0xff, 0xfe, 0x3c, 0xf8, 0x00, 0x05,
    0xbe, 0xfd, 0x81, 0x0c, 0xf8, 0x00, 0x00, 0x00, 0x0a, 0xff, 0xa0, 0x00, 0x00, 0x00, 0x00, 0x2f,
    0xfc, 0x10, 0x00, 0x00, 0x00, 0x00, 0x9f, 0xe2, 0x00, 0x00, 0x00, 0x00, 0x02, 0xff, 0x40, 0x00,
    0x00, 0x00, 0x00, 0x00, 0x00, 0x00, 0x00, 0x00, 0x1f, 0xf8, 0x00, 0x00, 0x00, 0x2f, 0xf8, 0x1f,
    0xf8, 0x00, 0x00, 0x00, 0x2f, 0xf8, 0x1f, 0xf8, 0x00, 0x00, 0x00, 0x2f, 0xf8, 0x1f, 0xf8, 0x00,
    0x00, 0x00, 0x2f, 0xf8, 0x1f, 0xf8, 0x00, 0x00, 0x00, 0x2f, 0xf8, 0x1f, 0xf8, 0x00, 0x00, 0x00,
    0x2f, 0xf8, 0x1f, 0xf8, 0x00, 0x00, 0x00, 0x2f, 0xf8, 0x1f, 0xf8, 0x00, 0x00, 0x00, 0x2f, 0xf8,
    0x1f, 0xf8, 0x00, 0x00, 0x00, 0x2f, 0xf8, 0x1f, 0xf9, 0x00, 0x00, 0x00, 0x3f, 0xf8, 0x1f, 0xf9,
    0x00, 0x00, 0x00, 0x5f, 0xf8, 0x0f, 0xfb, 0x00, 0x00, 0x00, 0x9f, 0xf8, 0x0c, 0xff, 0x30, 0x00,
    0x04, 0xff, 0xf8, 0x07, 0xff, 0xe8, 0x45, 0xaf, 0xee, 0xf8, 0x00, 0xbf, 0xff, 0xff, 0xfe, 0x3c,
    0xf8, 0x00, 0x05, 0xbe, 0xfd, 0x81, 0x0c, 0xf8, 0x00, 0x00, 0x00, 0x02, 0xff, 0xe3, 0x00, 0x00,
    0x00, 0x00, 0x00, 0x9f, 0xf5, 0x00, 0x00, 0x00, 0x00, 0x00, 0x2f, 0xf8, 0x00, 0x00, 0x00, 0x00,
    0x00, 0x09, 0xfb, 0x00, 0x00, 0x00, 0x00, 0x00, 0x00, 0x00, 0x00, 0x00, 0x00, 0x05, 0xff, 0x70,
    0x00, 0x00, 0x00, 0x1f, 0xf8, 0x0e, 0xfd, 0x00, 0x00, 0x00, 0x07, 0xff, 0x30, 0x9f, 0xf3, 0x00,
    0x00, 0x00, 0xcf, 0xc0, 0x03, 0xff, 0x80, 0x00, 0x00, 0x2f, 0xf6, 0x00, 0x0d, 0xfd, 0x00, 0x00,
    0x07, 0xff, 0x10, 0x00, 0x7f, 0xf4, 0x00, 0x00, 0xdf, 0xa0, 0x00, 0x02, 0xff, 0x90, 0x00, 0x3f,
    0xf5, 0x00, 0x00, 0x0b, 0xfe, 0x00, 0x08, 0xfe, 0x00, 0x00, 0x00, 0x6f, 0xf4, 0x00, 0xef, 0x90,
    0x00, 0x00, 0x01, 0xef, 0x90, 0x4f, 0xf3, 0x00, 0x00, 0x00, 0x0a, 0xfe, 0x08, 0xfc, 0x00, 0x00,
    0x00, 0x00, 0x4f, 0xf3, 0xdf, 0x70, 0x00, 0x00, 0x00, 0x00, 0xdf, 0xaf, 0xf1, 0x00, 0x00, 0x00,
    0x00, 0x08, 0xff, 0xfb, 0x00, 0x00, 0x00, 0x00, 0x00, 0x2f, 0xff, 0x50, 0x00, 0x00, 0x00, 0x00,
    0x00, 0xcf, 0xe0, 0x00, 0x00, 0x00, 0x00, 0x00, 0x0c, 0xf9, 0x00, 0x00, 0x00, 0x00, 0x00, 0x03,
    0xff, 0x30, 0x00, 0x00, 0x00, 0x00, 0x00, 0xbf, 0xc0, 0x00, 0x00, 0x00, 0x04, 0x98, 0xcf, 0xf5,
    0x00, 0x00, 0x00, 0x00, 0x4f, 0xff, 0xf9, 0x00, 0x00, 0x00, 0x00, 0x02, 0xdf, 0xd7, 0x00, 0x00,
    0x00, 0x00, 0x00, 0x00, 0x00, 0x04, 0xf9, 0x00, 0x00, 0xaf, 0x20, 0x00, 0x00, 0x00, 0x00, 0x00,
    0xef, 0x50, 0x06, 0xfd, 0x00, 0x00, 0x00, 0x00, 0x00, 0x00, 0x6f, 0xff, 0xff, 0xf4, 0x00, 0x00,
    0x00, 0x00, 0x00, 0x00, 0x05, 0xcf, 0xeb, 0x40, 0x00, 0x00, 0x00, 0x00, 0x00, 0x00, 0x00, 0x00,
    0x00, 0x00, 0x00, 0x00, 0x00, 0x00, 0x00, 0x00, 0x00, 0x00, 0x00, 0x00, 0x00, 0x00, 0x00, 0x00,
    0x00, 0x00, 0x01, 0xef, 0xf7, 0x00, 0x00, 0x00, 0x00, 0x00, 0x00, 0x00, 0x05, 0xff, 0xfd, 0x00,
    0x00, 0x00, 0x00, 0x00, 0x00, 0x00, 0x0b, 0xfd, 0xff, 0x40, 0x00, 0x00, 0x00, 0x00, 0x00, 0x00,
    0x2f, 0xf6, 0xef, 0xa0, 0x00, 0x00, 0x00, 0x00, 0x00, 0x00, 0x7f, 0xf2, 0x9f, 0xf1, 0x00, 0x00,
    0x00, 0x00, 0x00, 0x00, 0xdf, 0xc0, 0x4f, 0xf7, 0x00, 0x00, 0x00, 0x00, 0x00, 0x04, 0xff, 0x80,
    0x0e, 0xfd, 0x00, 0x00, 0x00, 0x00, 0x00, 0x09, 0xff, 0x20, 0x09, 0xff, 0x40, 0x00, 0x00, 0x00,
    0x00, 0x1e, 0xfc, 0x00, 0x03, 0xff, 0xa0, 0x00, 0x00, 0x00, 0x00, 0x5f, 0xf6, 0x00, 0x00, 0xdf,
    0xf1, 0x00, 0x00, 0x00, 0x00, 0xbf, 0xf1, 0x00, 0x00, 0x7f, 0xf7, 0x00, 0x00, 0x00, 0x02, 0xff,
    0xa0, 0x00, 0x00, 0x2f, 0xfd, 0x00, 0x00, 0x00, 0x07, 0xff, 0x50, 0x00, 0x00, 0x0b, 0xff, 0x40,
    0x00, 0x00, 0x0d, 0xff, 0xff, 0xff, 0xff, 0xff, 0xff, 0xa0, 0x00, 0x00, 0x4f, 0xff, 0xff, 0xff,
    0xff, 0xff, 0xff, 0xf1, 0x00, 0x00, 0x9f, 0xf6, 0x44, 0x44, 0x44, 0x44, 0xaf, 0xf7, 0x00, 0x01,
    0xef, 0xd0, 0x00, 0x00, 0x00, 0x00, 0x3f, 0xfd, 0x00, 0x05, 0xff, 0x80, 0x00, 0x00, 0x00, 0x00,
    0x0d, 0xff, 0x40, 0x0b, 0xff, 0x30, 0x00, 0x00, 0x00, 0x00, 0x07, 0xff, 0xa0, 0x2f, 0xfd, 0x00,
    0x00, 0x00, 0x00, 0x00, 0x02, 0xff, 0xf1, 0x7f, 0xf7, 0x00, 0x00, 0x00, 0x00, 0x00, 0x00, 0xbf,
    0xf7, 0xdf, 0xf2, 0x00, 0x00, 0x00, 0x00, 0x00, 0x00, 0x6f, 0xfd, 0x00, 0x09, 0xf3, 0x00, 0x01,
    0xfc, 0x00, 0x00, 0x00, 0x5f, 0xc2, 0x01, 0xaf, 0x80, 0x00, 0x00, 0x00, 0xbf, 0xfe, 0xff, 0xd1,
    0x00, 0x00, 0x00, 0x01, 0x8d, 0xfe, 0xa2, 0x00, 0x00, 0x00, 0x00, 0x00, 0x00, 0x00, 0x00, 0x00,
    0x00, 0x00, 0x39, 0xce, 0xfe, 0xd9, 0x30, 0x00, 0x00, 0xaf, 0xff, 0xff, 0xff, 0xff, 0x60, 0x00,
    0x9f, 0xfd, 0x75, 0x46, 0xcf, 0xff, 0x20, 0x2f, 0xfc, 0x10, 0x00, 0x00, 0x9f, 0xf6, 0x04, 0xce,
    0x50, 0x00, 0x00, 0x03, 0xff, 0x80, 0x00, 0x00, 0x00, 0x00, 0x00, 0x1f, 0xf9, 0x00, 0x00, 0x00,
    0x01, 0x36, 0x9d, 0xff, 0x90, 0x00, 0x17, 0xbe, 0xff, 0xff, 0xff, 0xf9, 0x00, 0x6e, 0xff, 0xff,
    0xfd, 0xa7, 0xff, 0x90, 0x4f, 0xfe, 0x95, 0x20, 0x00, 0x2f, 0xf9, 0x0b, 0xff, 0x40, 0x00, 0x00,
    0x03, 0xff, 0x90, 0xdf, 0xe0, 0x00, 0x00, 0x00, 0x9f, 0xf9, 0x0c, 0xff, 0x30, 0x00, 0x00, 0x6f,
    0xff, 0x90, 0x8f, 0xfe, 0x85, 0x47, 0xcf, 0xff, 0xfa, 0x01, 0xcf, 0xff, 0xff, 0xff, 0xd4, 0xbf,
    0xd0, 0x00, 0x6c, 0xef, 0xeb, 0x60, 0x08, 0xff, 0x30, 0x00, 0x0a, 0xff, 0xff, 0xff, 0xff, 0xed,
    0xa5, 0x00, 0x00, 0x00, 0x00, 0x0a, 0xff, 0xff, 0xff, 0xff, 0xff, 0xff, 0xd4, 0x00, 0x00, 0x00,
    0x0a, 0xff, 0x98, 0x88, 0x88, 0x9b, 0xff, 0xff, 0x40, 0x00, 0x00, 0x0a, 0xff, 0x20, 0x00, 0x00,
    0x00, 0x2a, 0xff, 0xe2, 0x00, 0x00, 0x0a, 0xff, 0x20, 0x00, 0x00, 0x00, 0x00, 0xaf, 0xfa, 0x00,
    0x00, 0x0a, 0xff, 0x20, 0x00, 0x00, 0x00, 0x00, 0x1e, 0xff, 0x20, 0x00, 0x0a, 0xff, 0x20, 0x00,
    0x00, 0x00, 0x00, 0x08, 0xff, 0x70, 0x00, 0x0a, 0xff, 0x20, 0x00, 0x00, 0x00, 0x00, 0x03, 0xff,
    0xa0, 0x00, 0x0a, 0xff, 0x20, 0x00, 0x00, 0x00, 0x00, 0x00, 0xff, 0xd0, 0x00, 0x0a, 0xff, 0x20,
    0x00, 0x00, 0x00, 0x00, 0x00, 0xef, 0xe0, 0x1f, 0xff, 0xff, 0xff, 0xff, 0xff, 0x10, 0x00, 0x00,
    0xdf, 0xf0, 0x1e, 0xef, 0xff, 0xee, 0xee, 0xee, 0x10, 0x00, 0x00, 0xef, 0xf1, 0x00, 0x0a, 0xff,
    0x20, 0x00, 0x00, 0x00, 0x00, 0x00, 0xef, 0xf0, 0x00, 0x0a, 0xff, 0x20, 0x00, 0x00, 0x00, 0x00,
    0x01, 0xff, 0xd0, 0x00, 0x0a, 0xff, 0x20, 0x00, 0x00, 0x00, 0x00, 0x04, 0xff, 0xa0, 0x00, 0x0a,
    0xff, 0x20, 0x00, 0x00, 0x00, 0x00, 0x09, 0xff, 0x60, 0x00, 0x0a, 0xff, 0x20, 0x00, 0x00, 0x00,
    0x00, 0x1e, 0xff, 0x10, 0x00, 0x0a, 0xff, 0x20, 0x00, 0x00, 0x00, 0x00, 0xaf, 0xf9, 0x00, 0x00,
    0x0a, 0xff, 0x20, 0x00, 0x00, 0x00, 0x2a, 0xff, 0xe1, 0x00, 0x00, 0x0a, 0xff, 0x98, 0x88, 0x88,
    0x9c, 0xff, 0xff, 0x40, 0x00, 0x00, 0x0a, 0xff, 0xff, 0xff, 0xff, 0xff, 0xff, 0xc3, 0x00, 0x00,
    0x00, 0x0a, 0xff, 0xff, 0xff, 0xff, 0xed, 0xa4, 0x00, 0x00, 0x00, 0x00, 0x00, 0x00, 0x00, 0x00,
    0x2f, 0xf8, 0x00, 0x00, 0x00, 0x00, 0x00, 0x00, 0x2f, 0xf8, 0x00, 0x00, 0x00, 0x03, 0xff, 0xff,
    0xff, 0xff, 0xfa, 0x00, 0x00, 0x02, 0xee, 0xee, 0xef, 0xff, 0xe9, 0x00, 0x00, 0x00, 0x00, 0x00,
    0x2f, 0xf8, 0x00, 0x00, 0x00, 0x00, 0x00, 0x00, 0x2f, 0xf8, 0x00, 0x00, 0x03, 0x9d, 0xed, 0x92,
    0x2f, 0xf8, 0x00, 0x00, 0x7f, 0xff, 0xff, 0xfe, 0x6f, 0xf8, 0x00, 0x06, 0xff, 0xe8, 0x45, 0xaf,
    0xff, 0xf8, 0x00, 0x1e, 0xfe, 0x20, 0x00, 0x05, 0xff, 0xf8, 0x00, 0x6f, 0xf6, 0x00, 0x00, 0x00,
    0xaf, 0xf8, 0x00, 0xaf, 0xf1, 0x00, 0x00, 0x00, 0x4f, 0xf8, 0x00, 0xdf, 0xd0, 0x00, 0x00, 0x00,
    0x1f, 0xf8, 0x00, 0xef, 0xb0, 0x00, 0x00, 0x00, 0x0e, 0xf8, 0x00, 0xef, 0xb0, 0x00, 0x00, 0x00,
    0x0e, 0xf8, 0x00, 0xcf, 0xd0, 0x00, 0x00, 0x00, 0x0f, 0xf8, 0x00, 0xaf, 0xf1, 0x00, 0x00, 0x00,
    0x3f, 0xf8, 0x00, 0x5f, 0xf7, 0x00, 0x00, 0x00, 0x8f, 0xf8, 0x00, 0x1d, 0xfe, 0x30, 0x00, 0x04,
    0xff, 0xf8, 0x00, 0x04, 0xff, 0xf9, 0x45, 0x9f, 0xef, 0xf8, 0x00, 0x00, 0x5e, 0xff, 0xff, 0xff,
    0x5e, 0xf8, 0x00, 0x00, 0x02, 0x8d, 0xee, 0xa3, 0x0e, 0xf8, 0x00, 0x08, 0xdd, 0x94, 0x03, 0xfb,
    0x8f, 0xed, 0xff, 0xef, 0xf8, 0xdf, 0x20, 0x4a, 0xee, 0x90, 0x00, 0x00, 0x00, 0x00, 0x00, 0x00,
    0x00, 0x00, 0x00, 0x00, 0x00, 0x03, 0xff, 0xa0, 0x00, 0x00, 0x03, 0xff, 0xa0, 0x00, 0x00, 0x03,
    0xff, 0xa0, 0x00, 0x00, 0x03, 0xff, 0xa0, 0x00, 0x00, 0x03, 0xff, 0xa0, 0x00, 0x00, 0x03, 0xff,
    0xa0, 0x00, 0x00, 0x03, 0xff, 0xa0, 0x00, 0x00, 0x03, 0xff, 0xa0, 0x00, 0x00, 0x03, 0xff, 0xa0,
    0x00, 0x00, 0x03, 0xff, 0xa0, 0x00, 0x00, 0x03, 0xff, 0xa0, 0x00, 0x00, 0x03, 0xff, 0xa0, 0x00,
    0x00, 0x03, 0xff, 0xa0, 0x00, 0x00, 0x03, 0xff, 0xa0, 0x00, 0x00, 0x03, 0xff, 0xa0, 0x00, 0x00,
    0x03, 0xff, 0xa0, 0x00, 0x00, 0x03, 0xff, 0xa0, 0x00, 0x00, 0x03, 0xff, 0xa0, 0x00, 0x00, 0x03,
    0xff, 0xa0, 0x00, 0x00, 0x03, 0xff, 0xa0, 0x00, 0x00, 0x03, 0xff, 0xa0, 0x00, 0x00, 0x03, 0xff,
    0xa0, 0x00, 0x05, 0xcd, 0xb5, 0x00, 0xdf, 0x14, 0xff, 0xdf, 0xfe, 0xef, 0xc0, 0x9f, 0x60, 0x28,
    0xde, 0xb2, 0x00, 0x00, 0x00, 0x00, 0x00, 0x00, 0x00, 0x01, 0xff, 0x80, 0x00, 0x00, 0x00, 0x1f,
    0xf8, 0x00, 0x00, 0x00, 0x01, 0xff, 0x80, 0x00, 0x00, 0x00, 0x1f, 0xf8, 0x00, 0x00, 0x00, 0x01,
    0xff, 0x80, 0x00, 0x00, 0x00, 0x1f, 0xf8, 0x00, 0x00, 0x00, 0x01, 0xff, 0x80, 0x00, 0x00, 0x00,
    0x1f, 0xf8, 0x00, 0x00, 0x00, 0x01, 0xff, 0x80, 0x00, 0x00, 0x00, 0x1f, 0xf8, 0x00, 0x00, 0x00,
    0x01, 0xff, 0x80, 0x00, 0x00, 0x00, 0x1f, 0xf8, 0x00, 0x00, 0x00, 0x01, 0xff, 0x80, 0x00, 0x00,
    0x00, 0x1f, 0xf8, 0x00, 0x00, 0x00, 0x01, 0xff, 0x80, 0x00, 0x00, 0x00, 0x1f, 0xf8, 0x00, 0x00,
    0x00, 0x00, 0x06, 0xde, 0xb5, 0x01, 0xee, 0x00, 0x00, 0x00, 0x00, 0x5f, 0xec, 0xff, 0xef, 0xfa,
    0x00, 0x00, 0x00, 0x00, 0xaf, 0x50, 0x28, 0xde, 0xa1, 0x00, 0x00, 0x00, 0x00, 0x00, 0x00, 0x00,
    0x00, 0x00, 0x00, 0x00, 0x00, 0x00, 0x00, 0x00, 0x00, 0x00, 0x00, 0x00, 0x00, 0xaf, 0xf3, 0x00,
    0x00, 0x00, 0x00, 0x00, 0x9f, 0xf4, 0xaf, 0xf3, 0x00, 0x00, 0x00, 0x00, 0x00, 0x9f, 0xf4, 0xaf,
    0xf3, 0x00, 0x00, 0x00, 0x00, 0x00, 0x9f, 0xf4, 0xaf, 0xf3, 0x00, 0x00, 0x00, 0x00, 0x00, 0x9f,
    0xf4, 0xaf, 0xf3, 0x00, 0x00, 0x00, 0x00, 0x00, 0x9f, 0xf4, 0xaf, 0xf3, 0x00, 0x00, 0x00, 0x00,
    0x00, 0x9f, 0xf4, 0xaf, 0xf3, 0x00, 0x00, 0x00, 0x00, 0x00, 0x9f, 0xf4, 0xaf, 0xf3, 0x00, 0x00,
    0x00, 0x00, 0x00, 0x9f, 0xf4, 0xaf, 0xf3, 0x00, 0x00, 0x00, 0x00, 0x00, 0x9f, 0xf4, 0xaf, 0xf3,
    0x00, 0x00, 0x00, 0x00, 0x00, 0x9f, 0xf4, 0xaf, 0xf3, 0x00, 0x00, 0x00, 0x00, 0x00, 0x9f, 0xf4,
    0xaf, 0xf3, 0x00, 0x00, 0x00, 0x00, 0x00, 0x9f, 0xf4, 0xaf, 0xf3, 0x00, 0x00, 0x00, 0x00, 0x00,
    0x9f, 0xf4, 0x9f, 0xf3, 0x00, 0x00, 0x00, 0x00, 0x00, 0xaf, 0xf3, 0x8f, 0xf4, 0x00, 0x00, 0x00,
    0x00, 0x00, 0xbf, 0xf2, 0x7f, 0xf6, 0x00, 0x00, 0x00, 0x00, 0x00, 0xdf, 0xf1, 0x4f, 0xfa, 0x00,
    0x00, 0x00, 0x00, 0x02, 0xff, 0xd0, 0x0e, 0xff, 0x30, 0x00, 0x00, 0x00, 0x09, 0xff, 0x80, 0x08,
    0xff, 0xe4, 0x00, 0x00, 0x01, 0x7f, 0xff, 0x20, 0x01, 0xcf, 0xff, 0xd9, 0x88, 0xae, 0xff, 0xf6,
    0x00, 0x00, 0x1a, 0xff, 0xff, 0xff, 0xff, 0xfe, 0x50, 0x00, 0x00, 0x00, 0x39, 0xce, 0xff, 0xdb,
    0x61, 0x00, 0x00, 0x00, 0x03, 0xbe, 0xc7, 0x10, 0xbf, 0x40, 0x00, 0x1e, 0xfc, 0xef, 0xfe, 0xfe,
    0x10, 0x00, 0x5f, 0x90, 0x16, 0xce, 0xc3, 0x00, 0x00, 0x00, 0x00, 0x00, 0x00, 0x00, 0x00, 0x1f,
    0xf8, 0x00, 0x00, 0x00, 0x2f, 0xf8, 0x1f, 0xf8, 0x00, 0x00, 0x00, 0x2f, 0xf8, 0x1f, 0xf8, 0x00,
    0x00, 0x00, 0x2f, 0xf8, 0x1f, 0xf8, 0x00, 0x00, 0x00, 0x2f, 0xf8, 0x1f, 0xf8, 0x00, 0x00, 0x00,
    0x2f, 0xf8, 0x1f, 0xf8, 0x00, 0x00, 0x00, 0x2f, 0xf8, 0x1f, 0xf8, 0x00, 0x00, 0x00, 0x2f, 0xf8,
    0x1f, 0xf8, 0x00, 0x00, 0x00, 0x2f, 0xf8, 0x1f, 0xf8, 0x00, 0x00, 0x00, 0x2f, 0xf8, 0x1f, 0xf9,
    0x00, 0x00, 0x00, 0x3f, 0xf8, 0x1f, 0xf9, 0x00, 0x00, 0x00, 0x5f, 0xf8, 0x0f, 0xfb, 0x00, 0x00,
    0x00, 0x9f, 0xf8, 0x0c, 0xff, 0x30, 0x00, 0x04, 0xff, 0xf8, 0x07, 0xff, 0xe8, 0x45, 0xaf, 0xee,
    0xf8, 0x00, 0xbf, 0xff, 0xff, 0xfe, 0x3c, 0xf8, 0x00, 0x05, 0xbe, 0xfd, 0x81, 0x0c, 0xf8, 0x00,
    0x00, 0x00, 0x38, 0xcd, 0xfe, 0xd9, 0x40, 0x00, 0x00, 0x0c, 0xff, 0x00, 0x00, 0x02, 0xaf, 0xff,
    0xff, 0xff, 0xff, 0xc3, 0x00, 0x00, 0xcf, 0xf0, 0x00, 0x03, 0xef, 0xff, 0xff, 0xff, 0xff, 0xff,
    0xf6, 0x00, 0x0c, 0xff, 0x00, 0x02, 0xef, 0xff, 0xa5, 0x10, 0x13, 0x8e, 0xff, 0xf6, 0x00, 0x07,
    0xe0, 0x00, 0xcf, 0xfd, 0x30, 0x00, 0x00, 0x00, 0x1a, 0xff, 0xf2, 0x00, 0xac, 0x00, 0x5f, 0xfe,
    0x20, 0x00, 0x00, 0x00, 0x00, 0x0a, 0xff, 0xb0, 0x4f, 0x60, 0x0c, 0xff, 0x60, 0x00, 0x00, 0x00,
    0x00, 0x00, 0x1e, 0xff, 0x8e, 0x90, 0x01, 0xff, 0xe1, 0x00, 0x00, 0x00, 0x00, 0x00, 0x00, 0x8f,
    0xfe, 0x60, 0x00, 0x4f, 0xfb, 0x00, 0x00, 0x00, 0x00, 0x00, 0x00, 0x04, 0xff, 0xa0, 0x00, 0x06,
    0xff, 0x80, 0x00, 0x00, 0x00, 0x00, 0x00, 0x00, 0x1f, 0xfd, 0x00, 0x00, 0x7f, 0xf6, 0x00, 0x00,
    0x00, 0x00, 0x00, 0x00, 0x00, 0xff, 0xe0, 0x00, 0x08, 0xff, 0x60, 0x00, 0x00, 0x00, 0x00, 0x00,
    0x00, 0x0f, 0xff, 0x00, 0x00, 0x7f, 0xf7, 0x00, 0x00, 0x00, 0x00, 0x00, 0x00, 0x01, 0xff, 0xe0,
    0x00, 0x05, 0xff, 0xa0, 0x00, 0x00, 0x00, 0x00, 0x00, 0x00, 0x4f, 0xfc, 0x00, 0x00, 0x2f, 0xfe,
    0x00, 0x00, 0x00, 0x00, 0x00, 0x00, 0x08, 0xff, 0x90, 0x00, 0x00, 0xcf, 0xf6, 0x00, 0x00, 0x00,
    0x00, 0x00, 0x01, 0xef, 0xf4, 0x00, 0x00, 0x05, 0xff, 0xe2, 0x00, 0x00, 0x00, 0x00, 0x00, 0xaf,
    0xfd, 0x00, 0x00, 0x00, 0x0c, 0xff, 0xe3, 0x00, 0x00, 0x00, 0x01, 0xaf, 0xff, 0x50, 0x00, 0x00,
    0x00, 0x2e, 0xff, 0xfa, 0x51, 0x01, 0x37, 0xef, 0xff, 0x90, 0x00, 0x00, 0x00, 0x00, 0x3e, 0xff,
    0xff, 0xff, 0xff, 0xff, 0xff, 0x90, 0x00, 0x00, 0x00, 0x00, 0x00, 0x1a, 0xff, 0xff, 0xff, 0xff,
    0xfd, 0x50, 0x00, 0x00, 0x00, 0x00, 0x00, 0x00, 0x02, 0x8c, 0xef, 0xed, 0xa5, 0x00, 0x00, 0x00,
    0x00, 0x00, 0x00, 0x01, 0x7c, 0xef, 0xda, 0x50, 0x00, 0x1f, 0xfb, 0x00, 0x5e, 0xff, 0xff, 0xff,
    0xfc, 0x20, 0x1f, 0xfb, 0x05, 0xff, 0xff, 0xff, 0xff, 0xff, 0xd1, 0x1f, 0xfb, 0x1e, 0xff, 0xc5,
    0x10, 0x28, 0xff, 0xfa, 0x00, 0xb9, 0x7f, 0xfc, 0x10, 0x00, 0x00, 0x4f, 0xff, 0x21, 0xe5, 0xbf,
    0xf3, 0x00, 0x00, 0x00, 0x0a, 0xff, 0x8d, 0xa0, 0xdf, 0xd0, 0x00, 0x00, 0x00, 0x05, 0xff, 0xe7,
    0x00, 0xef, 0xb0, 0x00, 0x00, 0x00, 0x03, 0xff, 0x80, 0x00, 0xff, 0xb0, 0x00, 0x00, 0x00, 0x03,
    0xff, 0x70, 0x00, 0xdf, 0xd0, 0x00, 0x00, 0x00, 0x05, 0xff, 0x60, 0x00, 0xbf, 0xf3, 0x00, 0x00,
    0x00, 0x0a, 0xff, 0x30, 0x00, 0x7f, 0xfc, 0x10, 0x00, 0x00, 0x4f, 0xfd, 0x00, 0x00, 0x1e, 0xff,
    0xc5, 0x10, 0x28, 0xff, 0xf7, 0x00, 0x00, 0x05, 0xff, 0xff, 0xff, 0xff, 0xff, 0xc0, 0x00, 0x00,
    0x00, 0x5e, 0xff, 0xff, 0xff, 0xfa, 0x10, 0x00, 0x00, 0x00, 0x02, 0x8c, 0xef, 0xda, 0x40, 0x00,
    0x00, 0x00, 0xaf, 0xf3, 0x00, 0x00, 0x00, 0x00, 0x00, 0x9f, 0xf4, 0x06, 0xff, 0x6a, 0xff, 0x30,
    0x00, 0x00, 0x00, 0x00, 0x09, 0xff, 0x40, 0x6f, 0xf6, 0xaf, 0xf3, 0x00, 0x00, 0x00, 0x00, 0x00,
    0x9f, 0xf4, 0x06, 0xff, 0x6a, 0xff, 0x30, 0x00, 0x00, 0x00, 0x00, 0x09, 0xff, 0x40, 0x01, 0xf5,
    0xaf, 0xf3, 0x00, 0x00, 0x00, 0x00, 0x00, 0x9f, 0xf4, 0x00, 0x3f, 0x3a, 0xff, 0x30, 0x00, 0x00,
    0x00, 0x00, 0x09, 0xff, 0x40, 0x0a, 0xc0, 0xaf, 0xf3, 0x00, 0x00, 0x00, 0x00, 0x00, 0x9f, 0xf5,
    0x5b, 0xd2, 0x0a, 0xff, 0x30, 0x00, 0x00, 0x00, 0x00, 0x09, 0xff, 0xec, 0x71, 0x00, 0xaf, 0xf3,
    0x00, 0x00, 0x00, 0x00, 0x00, 0x9f, 0xf4, 0x00, 0x00, 0x0a, 0xff, 0x30, 0x00, 0x00, 0x00, 0x00,
    0x09, 0xff, 0x40, 0x00, 0x00, 0xaf, 0xf3, 0x00, 0x00, 0x00, 0x00, 0x00, 0x9f, 0xf4, 0x00, 0x00,
    0x0a, 0xff, 0x30, 0x00, 0x00, 0x00, 0x00, 0x09, 0xff, 0x40, 0x00, 0x00, 0xaf, 0xf3, 0x00, 0x00,
    0x00, 0x00, 0x00, 0x9f, 0xf4, 0x00, 0x00, 0x09, 0xff, 0x40, 0x00, 0x00, 0x00, 0x00, 0x0a, 0xff,
    0x30, 0x00, 0x00, 0x8f, 0xf5, 0x00, 0x00, 0x00, 0x00, 0x00, 0xbf, 0xf2, 0x00, 0x00, 0x06, 0xff,
    0x80, 0x00, 0x00, 0x00, 0x00, 0x0e, 0xff, 0x00, 0x00, 0x00, 0x4f, 0xfd, 0x00, 0x00, 0x00, 0x00,
    0x04, 0xff, 0xc0, 0x00, 0x00, 0x00, 0xef, 0xf8, 0x00, 0x00, 0x00, 0x01, 0xdf, 0xf8, 0x00, 0x00,
    0x00, 0x08, 0xff, 0xfb, 0x52, 0x01, 0x37, 0xdf, 0xfe, 0x10, 0x00, 0x00, 0x00, 0x1c, 0xff, 0xff,
    0xff, 0xff, 0xff, 0xff, 0x50, 0x00, 0x00, 0x00, 0x00, 0x1a, 0xff, 0xff, 0xff, 0xff, 0xfe, 0x40,
    0x00, 0x00, 0x00, 0x00, 0x00, 0x03, 0x9c, 0xef, 0xfd, 0xb6, 0x10, 0x00, 0x00, 0x00, 0x00, 0x1f,
    0xf8, 0x00, 0x00, 0x00, 0x2f, 0xf8, 0x0a, 0xff, 0x31, 0xff, 0x80, 0x00, 0x00, 0x02, 0xff, 0x80,
    0xaf, 0xf3, 0x1f, 0xf8, 0x00, 0x00, 0x00, 0x2f, 0xf8, 0x0a, 0xff, 0x21, 0xff, 0x80, 0x00, 0x00,
    0x02, 0xff, 0x80, 0x05, 0xf2, 0x1f, 0xf8, 0x00, 0x00, 0x00, 0x2f, 0xf8, 0x00, 0x6e, 0x01, 0xff,
    0x80, 0x00, 0x00, 0x02, 0xff, 0x80, 0x1d, 0x90, 0x1f, 0xf8, 0x00, 0x00, 0x00, 0x2f, 0xf9, 0x5d,
    0xb0, 0x01, 0xff, 0x80, 0x00, 0x00, 0x02, 0xff, 0xfc, 0x60, 0x00, 0x1f, 0xf8, 0x00, 0x00, 0x00,
    0x2f, 0xf8, 0x00, 0x00, 0x01, 0xff, 0x90, 0x00, 0x00, 0x03, 0xff, 0x80, 0x00, 0x00, 0x1f, 0xfa,
    0x00, 0x00, 0x00, 0x7f, 0xf8, 0x00, 0x00, 0x00, 0xff, 0xe1, 0x00, 0x00, 0x1d, 0xff, 0x80, 0x00,
    0x00, 0x0c, 0xff, 0xb3, 0x11, 0x6d, 0xfe, 0xf8, 0x00, 0x00, 0x00, 0x7f, 0xff, 0xff, 0xff, 0xf9,
    0xcf, 0x80, 0x00, 0x00, 0x00, 0xbf, 0xff, 0xff, 0xfb, 0x1c, 0xf8, 0x00, 0x00, 0x00, 0x00, 0x6b,
    0xee, 0xc6, 0x00, 0xcf, 0x80, 0x00, 0x00, 0x00, 0x00, 0x00, 0x01, 0xef, 0xf7, 0x00, 0x00, 0x00,
    0x00, 0x00, 0x00, 0x00, 0x05, 0xff, 0xfd, 0x00, 0x00, 0x00, 0x00, 0x00, 0x00, 0x00, 0x0b, 0xfd,
    0xff, 0x40, 0x00, 0x00, 0x00, 0x00, 0x00, 0x00, 0x2f, 0xf6, 0xef, 0xa0, 0x00, 0x00, 0x00, 0x00,
    0x00, 0x00, 0x7f, 0xf2, 0x9f, 0xf1, 0x00, 0x00, 0x00, 0x00, 0x00, 0x00, 0xdf, 0xc0, 0x4f, 0xf7,
    0x00, 0x00, 0x00, 0x00, 0x00, 0x04, 0xff, 0x80, 0x0e, 0xfd, 0x00, 0x00, 0x00, 0x00, 0x00, 0x09,
    0xff, 0x20, 0x09, 0xff, 0x40, 0x00, 0x00, 0x00, 0x00, 0x1e, 0xfc, 0x00, 0x03, 0xff, 0xa0, 0x00,
    0x00, 0x00, 0x00, 0x5f, 0xf6, 0x00, 0x00, 0xdf, 0xf1, 0x00, 0x00, 0x00, 0x00, 0xbf, 0xf1, 0x00,
    0x00, 0x7f, 0xf7, 0x00, 0x00, 0x00, 0x02, 0xff, 0xa0, 0x00, 0x00, 0x2f, 0xfd, 0x00, 0x00, 0x00,
    0x07, 0xff, 0x50, 0x00, 0x00, 0x0b, 0xff, 0x40, 0x00, 0x00, 0x0d, 0xff, 0xff, 0xff, 0xff, 0xff,
    0xff, 0xa0, 0x00, 0x00, 0x4f, 0xff, 0xff, 0xff, 0xff, 0xff, 0xff, 0xf1, 0x00, 0x00, 0x9f, 0xf6,
    0x44, 0x44, 0x44, 0x44, 0xaf, 0xf7, 0x00, 0x01, 0xef, 0xd0, 0x00, 0x00, 0x00, 0x00, 0x3f, 0xfd,
    0x00, 0x05, 0xff, 0x80, 0x00, 0x00, 0x00, 0x00, 0x0d, 0xff, 0x40, 0x0b, 0xff, 0x30, 0x00, 0x00,
    0x00, 0x00, 0x07, 0xff, 0xa0, 0x2f, 0xfd, 0x00, 0x00, 0x00, 0x00, 0x00, 0x02, 0xff, 0xf1, 0x7f,
    0xf7, 0x00, 0x00, 0x00, 0x00, 0x00, 0x00, 0xbf, 0xf7, 0xdf, 0xf2, 0x00, 0x00, 0x00, 0x00, 0x00,
    0x00, 0x6f, 0xfd, 0x00, 0x00, 0x00, 0x00, 0x00, 0x00, 0x00, 0x00, 0x00, 0x00, 0x00, 0x00, 0x00,
    0x00, 0x00, 0x00, 0x00, 0x00, 0x00, 0x00, 0x00, 0x00, 0x00, 0x00, 0xbf, 0xf4, 0x00, 0x00, 0x00,
    0x00, 0x00, 0x00, 0x00, 0x00, 0xbf, 0xf4, 0x00, 0x00, 0x00, 0x00, 0x00, 0x00, 0x00, 0x00, 0xbf,
    0xf4, 0x00, 0x00, 0x00, 0x00, 0x00, 0x03, 0x9c, 0xef, 0xed, 0x93, 0x00, 0x00, 0x0a, 0xff, 0xff,
    0xff, 0xff, 0xf6, 0x00, 0x09, 0xff, 0xd7, 0x54, 0x6c, 0xff, 0xf2, 0x02, 0xff, 0xc1, 0x00, 0x00,
    0x09, 0xff, 0x60, 0x4c, 0xe5, 0x00, 0x00, 0x00, 0x3f, 0xf8, 0x00, 0x00, 0x00, 0x00, 0x00, 0x01,
    0xff, 0x90, 0x00, 0x00, 0x00, 0x13, 0x69, 0xdf, 0xf9, 0x00, 0x01, 0x7b, 0xef, 0xff, 0xff, 0xff,
    0x90, 0x06, 0xef, 0xff, 0xff, 0xda, 0x7f, 0xf9, 0x04, 0xff, 0xe9, 0x52, 0x00, 0x02, 0xff, 0x90,
    0xbf, 0xf4, 0x00, 0x00, 0x00, 0x3f, 0xf9, 0x0d, 0xfe, 0x00, 0x00, 0x00, 0x09, 0xff, 0x90, 0xcf,
    0xf3, 0x00, 0x00, 0x06, 0xff, 0xf9, 0x08, 0xff, 0xe8, 0x54, 0x7c, 0xff, 0xff, 0xa0, 0x1c, 0xff,
    0xff, 0xff, 0xfd, 0x4b, 0xfd, 0x00, 0x06, 0xce, 0xfe, 0xb6, 0x00, 0x8f, 0xf3, 0x00, 0x00, 0x00,
    0x00, 0x00, 0x00, 0x00, 0x00, 0x00, 0x00, 0x00, 0x00, 0x00, 0x00, 0x00, 0x00, 0x00, 0x04, 0xff,
    0xb0, 0x00, 0x00, 0x00, 0x00, 0x00, 0x4f, 0xfb, 0x00, 0x00, 0x00, 0x00, 0x00, 0x04, 0xff, 0xb0,
    0x00, 0x00, 0x00, 0x00, 0x00, 0x00, 0x1f, 0xfe, 0xd8, 0x10, 0x00, 0x00, 0x00, 0x00, 0x00, 0x00,
    0x00, 0x02, 0x9f, 0xd1, 0x00, 0x00, 0x00, 0x00, 0x00, 0x00, 0x00, 0x01, 0x9f, 0xf2, 0x00, 0x00,
    0x00, 0x00, 0x00, 0x00, 0x00, 0x1f, 0xfc, 0x50, 0x00, 0x00, 0x00, 0x00, 0x00, 0x00, 0x00, 0x1f,
    0x80, 0x00, 0x00, 0x00, 0x00, 0x00, 0x00, 0x00, 0x00, 0x00, 0x00, 0x00, 0x00, 0x00, 0x00, 0x00,
    0x00, 0x00, 0x01, 0xef, 0xf7, 0x00, 0x00, 0x00, 0x00, 0x00, 0x00, 0x00, 0x05, 0xff, 0xfd, 0x00,
    0x00, 0x00, 0x00, 0x00, 0x00, 0x00, 0x0b, 0xfd, 0xff, 0x40, 0x00, 0x00, 0x00, 0x00, 0x00, 0x00,
    0x2f, 0xf6, 0xef, 0xa0, 0x00, 0x00, 0x00, 0x00, 0x00, 0x00, 0x7f, 0xf2, 0x9f, 0xf1, 0x00, 0x00,
    0x00, 0x00, 0x00, 0x00, 0xdf, 0xc0, 0x4f, 0xf7, 0x00, 0x00, 0x00, 0x00, 0x00, 0x04, 0xff, 0x80,
    0x0e, 0xfd, 0x00, 0x00, 0x00, 0x00, 0x00, 0x09, 0xff, 0x20, 0x09, 0xff, 0x40, 0x00, 0x00, 0x00,
    0x00, 0x1e, 0xfc, 0x00, 0x03, 0xff, 0xa0, 0x00, 0x00, 0x00, 0x00, 0x5f, 0xf6, 0x00, 0x00, 0xdf,
    0xf1, 0x00, 0x00, 0x00, 0x00, 0xbf, 0xf1, 0x00, 0x00, 0x7f, 0xf7, 0x00, 0x00, 0x00, 0x02, 0xff,
    0xa0, 0x00, 0x00, 0x2f, 0xfd, 0x00, 0x00, 0x00, 0x07, 0xff, 0x50, 0x00, 0x00, 0x0b, 0xff, 0x40,
    0x00, 0x00, 0x0d, 0xff, 0xff, 0xff, 0xff, 0xff, 0xff, 0xa0, 0x00, 0x00, 0x4f, 0xff, 0xff, 0xff,
    0xff, 0xff, 0xff, 0xf1, 0x00, 0x00, 0x9f, 0xf6, 0x44, 0x44, 0x44, 0x44, 0xaf, 0xf7, 0x00, 0x01,
    0xef, 0xd0, 0x00, 0x00, 0x00, 0x00, 0x3f, 0xfd, 0x00, 0x05, 0xff, 0x80, 0x00, 0x00, 0x00, 0x00,
    0x0d, 0xff, 0x40, 0x0b, 0xff, 0x30, 0x00, 0x00, 0x00, 0x00, 0x07, 0xff, 0xa0, 0x2f, 0xfd, 0x00,
    0x00, 0x00, 0x00, 0x00, 0x02, 0xff, 0xf1, 0x7f, 0xf7, 0x00, 0x00, 0x00, 0x00, 0x00, 0x00, 0xbf,
    0xf7, 0xdf, 0xf2, 0x00, 0x00, 0x00, 0x00, 0x00, 0x00, 0x6f, 0xfd, 0x00, 0x00, 0x3f, 0xfe, 0xc8,
    0x20, 0x00, 0x00, 0x00, 0x00, 0x00, 0x2a, 0xfd, 0x00, 0x00, 0x00, 0x00, 0x00, 0x02, 0xbf, 0xe0,
    0x00, 0x00, 0x00, 0x00, 0x04, 0xff, 0xc4, 0x00, 0x00, 0x00, 0x00, 0x00, 0x4f, 0x60, 0x00, 0x00,
    0x00, 0x00, 0x00, 0x00, 0x00, 0x00, 0x00, 0x00, 0x00, 0x00, 0x00, 0x00, 0x00, 0x00, 0x00, 0x00,
    0x00, 0x39, 0xce, 0xfe, 0xd9, 0x30, 0x00, 0x00, 0xaf, 0xff, 0xff, 0xff, 0xff, 0x60, 0x00, 0x9f,
    0xfd, 0x75, 0x46, 0xcf, 0xff, 0x20, 0x2f, 0xfc, 0x10, 0x00, 0x00, 0x9f, 0xf6, 0x04, 0xce, 0x50,
    0x00, 0x00, 0x03, 0xff, 0x80, 0x00, 0x00, 0x00, 0x00, 0x00, 0x1f, 0xf9, 0x00, 0x00, 0x00, 0x01,
    0x36, 0x9d, 0xff, 0x90, 0x00, 0x17, 0xbe, 0xff, 0xff, 0xff, 0xf9, 0x00, 0x6e, 0xff, 0xff, 0xfd,
    0xa7, 0xff, 0x90, 0x4f, 0xfe, 0x95, 0x20, 0x00, 0x2f, 0xf9, 0x0b, 0xff, 0x40, 0x00, 0x00, 0x03,
    0xff, 0x90, 0xdf, 0xe0, 0x00, 0x00, 0x00, 0x9f, 0xf9, 0x0c, 0xff, 0x30, 0x00, 0x00, 0x6f, 0xff,
    0x90, 0x8f, 0xfe, 0x85, 0x47, 0xcf, 0xff, 0xfa, 0x01, 0xcf, 0xff, 0xff, 0xff, 0xd4, 0xbf, 0xd0,
    0x00, 0x6c, 0xef, 0xeb, 0x60, 0x08, 0xff, 0x30, 0x00, 0x00, 0x00, 0x00, 0x04, 0xff, 0x91, 0x00,
    0x00, 0x00, 0x00, 0x00, 0x00, 0x00, 0x4f, 0xc3, 0x00, 0x00, 0x00, 0x00, 0x00, 0x00, 0x00, 0x00,
    0x00, 0x00, 0x00, 0x00, 0x00, 0x00, 0x00, 0x00, 0x00, 0x08, 0xff, 0xfb, 0x20, 0x00, 0x00, 0x00,
    0x00, 0x00, 0x03, 0xcf, 0x91, 0x6e, 0xe6, 0x00, 0x00, 0x00, 0x00, 0x00, 0x00, 0x00, 0x00, 0x00,
    0x00, 0x00, 0x00, 0x00, 0x00, 0x00, 0x00, 0x01, 0xef, 0xf7, 0x00, 0x00, 0x00, 0x00, 0x00, 0x00,
    0x00, 0x05, 0xff, 0xfd, 0x00, 0x00, 0x00, 0x00, 0x00, 0x00, 0x00, 0x0b, 0xfd, 0xff, 0x40, 0x00,
    0x00, 0x00, 0x00, 0x00, 0x00, 0x2f, 0xf6, 0xef, 0xa0, 0x00, 0x00, 0x00, 0x00, 0x00, 0x00, 0x7f,
    0xf2, 0x9f, 0xf1, 0x00, 0x00, 0x00, 0x00, 0x00, 0x00, 0xdf, 0xc0, 0x4f, 0xf7, 0x00, 0x00, 0x00,
    0x00, 0x00, 0x04, 0xff, 0x80, 0x0e, 0xfd, 0x00, 0x00, 0x00, 0x00, 0x00, 0x09, 0xff, 0x20, 0x09,
    0xff, 0x40, 0x00, 0x00, 0x00, 0x00, 0x1e, 0xfc, 0x00, 0x03, 0xff, 0xa0, 0x00, 0x00, 0x00, 0x00,
    0x5f, 0xf6, 0x00, 0x00, 0xdf, 0xf1, 0x00, 0x00, 0x00, 0x00, 0xbf, 0xf1, 0x00, 0x00, 0x7f, 0xf7,
    0x00, 0x00, 0x00, 0x02, 0xff, 0xa0, 0x00, 0x00, 0x2f, 0xfd, 0x00, 0x00, 0x00, 0x07, 0xff, 0x50,
    0x00, 0x00, 0x0b, 0xff, 0x40, 0x00, 0x00, 0x0d, 0xff, 0xff, 0xff, 0xff, 0xff, 0xff, 0xa0, 0x00,
    0x00, 0x4f, 0xff, 0xff, 0xff, 0xff, 0xff, 0xff, 0xf1, 0x00, 0x00, 0x9f, 0xf6, 0x44, 0x44, 0x44,
    0x44, 0xaf, 0xf7, 0x00, 0x01, 0xef, 0xd0, 0x00, 0x00, 0x00, 0x00, 0x3f, 0xfd, 0x00, 0x05, 0xff,
    0x80, 0x00, 0x00, 0x00, 0x00, 0x0d, 0xff, 0x40, 0x0b, 0xff, 0x30, 0x00, 0x00, 0x00, 0x00, 0x07,
    0xff, 0xa0, 0x2f, 0xfd, 0x00, 0x00, 0x00, 0x00, 0x00, 0x02, 0xff, 0xf1, 0x7f, 0xf7, 0x00, 0x00,
    0x00, 0x00, 0x00, 0x00, 0xbf, 0xf7, 0xdf, 0xf2, 0x00, 0x00, 0x00, 0x00, 0x00, 0x00, 0x6f, 0xfd,
    0x00, 0x00, 0x00, 0x08, 0xff, 0xc1, 0x00, 0x00, 0x00, 0x00, 0x01, 0xef, 0xe2, 0x00, 0x00, 0x00,
    0x00, 0x00, 0x7f, 0xe3, 0x00, 0x00, 0x00, 0x00, 0x00, 0x1e, 0xf5, 0x00, 0x00, 0x00, 0x00, 0x00,
    0x00, 0x00, 0x00, 0x00, 0x00, 0x00, 0x00, 0x00, 0x9f, 0xfd, 0x20, 0x00, 0x00, 0x00, 0x00, 0x6f,
    0xfd, 0xfc, 0x00, 0x00, 0x00, 0x00, 0x3f, 0xfa, 0x2e, 0xfa, 0x00, 0x00, 0x00, 0x1e, 0xfe, 0x10,
    0x6f, 0xf7, 0x00, 0x00, 0x00, 0x00, 0x00, 0x00, 0x00, 0x00, 0x00, 0x00, 0x00, 0x00, 0x00, 0x00,
    0x00, 0x00, 0x00, 0x00, 0x39, 0xce, 0xfe, 0xd9, 0x30, 0x00, 0x00, 0xaf, 0xff, 0xff, 0xff, 0xff,
    0x60, 0x00, 0x9f, 0xfd, 0x75, 0x46, 0xcf, 0xff, 0x20, 0x2f, 0xfc, 0x10, 0x00, 0x00, 0x9f, 0xf6,
    0x04, 0xce, 0x50, 0x00, 0x00, 0x03, 0xff, 0x80, 0x00, 0x00, 0x00, 0x00, 0x00, 0x1f, 0xf9, 0x00,
    0x00, 0x00, 0x01, 0x36, 0x9d, 0xff, 0x90, 0x00, 0x17, 0xbe, 0xff, 0xff, 0xff, 0xf9, 0x00, 0x6e,
    0xff, 0xff, 0xfd, 0xa7, 0xff, 0x90, 0x4f, 0xfe, 0x95, 0x20, 0x00, 0x2f, 0xf9, 0x0b, 0xff, 0x40,
    0x00, 0x00, 0x03, 0xff, 0x90, 0xdf, 0xe0, 0x00, 0x00, 0x00, 0x9f, 0xf9, 0x0c, 0xff, 0x30, 0x00,
    0x00, 0x6f, 0xff, 0x90, 0x8f, 0xfe, 0x85, 0x47, 0xcf, 0xff, 0xfa, 0x01, 0xcf, 0xff, 0xff, 0xff,
    0xd4, 0xbf, 0xd0, 0x00, 0x6c, 0xef, 0xeb, 0x60, 0x08, 0xff, 0x30, 0x00, 0x00, 0x00, 0x6e, 0xf9,
    0x00, 0x00, 0x00, 0x00, 0x00, 0x00, 0x00, 0x00, 0x01, 0x9f, 0x90, 0x00, 0x00, 0x00, 0x00, 0x00,
    0x00, 0x00, 0x00, 0x00, 0x00, 0x00, 0x00, 0x00, 0x00, 0x00, 0x00, 0x00, 0x08, 0xff, 0xfb, 0x20,
    0x00, 0x00, 0x00, 0x00, 0x00, 0x03, 0xcf, 0x91, 0x6e, 0xe6, 0x00, 0x00, 0x00, 0x00, 0x00, 0x00,
    0x00, 0x00, 0x00, 0x00, 0x00, 0x00, 0x00, 0x00, 0x00, 0x00, 0x01, 0xef, 0xf7, 0x00, 0x00, 0x00,
    0x00, 0x00, 0x00, 0x00, 0x05, 0xff, 0xfd, 0x00, 0x00, 0x00, 0x00, 0x00, 0x00, 0x00, 0x0b, 0xfd,
    0xff, 0x40, 0x00, 0x00, 0x00, 0x00, 0x00, 0x00, 0x2f, 0xf6, 0xef, 0xa0, 0x00, 0x00, 0x00, 0x00,
    0x00, 0x00, 0x7f, 0xf2, 0x9f, 0xf1, 0x00, 0x00, 0x00, 0x00, 0x00, 0x00, 0xdf, 0xc0, 0x4f, 0xf7,
    0x00, 0x00, 0x00, 0x00, 0x00, 0x04, 0xff, 0x80, 0x0e, 0xfd, 0x00, 0x00, 0x00, 0x00, 0x00, 0x09,
    0xff, 0x20, 0x09, 0xff, 0x40, 0x00, 0x00, 0x00, 0x00, 0x1e, 0xfc, 0x00, 0x03, 0xff, 0xa0, 0x00,
    0x00, 0x00, 0x00, 0x5f, 0xf6, 0x00, 0x00, 0xdf, 0xf1, 0x00, 0x00, 0x00, 0x00, 0xbf, 0xf1, 0x00,
    0x00, 0x7f, 0xf7, 0x00, 0x00, 0x00, 0x02, 0xff, 0xa0, 0x00, 0x00, 0x2f, 0xfd, 0x00, 0x00, 0x00,
    0x07, 0xff, 0x50, 0x00, 0x00, 0x0b, 0xff, 0x40, 0x00, 0x00, 0x0d, 0xff, 0xff, 0xff, 0xff, 0xff,
    0xff, 0xa0, 0x00, 0x00, 0x4f, 0xff, 0xff, 0xff, 0xff, 0xff, 0xff, 0xf1, 0x00, 0x00, 0x9f, 0xf6,
    0x44, 0x44, 0x44, 0x44, 0xaf, 0xf7, 0x00, 0x01, 0xef, 0xd0, 0x00, 0x00, 0x00, 0x00, 0x3f, 0xfd,
    0x00, 0x05, 0xff, 0x80, 0x00, 0x00, 0x00, 0x00, 0x0d, 0xff, 0x40, 0x0b, 0xff, 0x30, 0x00, 0x00,
    0x00, 0x00, 0x07, 0xff, 0xa0, 0x2f, 0xfd, 0x00, 0x00, 0x00, 0x00, 0x00, 0x02, 0xff, 0xf1, 0x7f,
    0xf7, 0x00, 0x00, 0x00, 0x00, 0x00, 0x00, 0xbf, 0xf7, 0xdf, 0xf2, 0x00, 0x00, 0x00, 0x00, 0x00,
    0x00, 0x6f, 0xfd, 0x00, 0x08, 0xff, 0xd0, 0x00, 0x00, 0x00, 0x00, 0x00, 0x0a, 0xff, 0x50, 0x00,
    0x00, 0x00, 0x00, 0x00, 0x0c, 0xfd, 0x00, 0x00, 0x00, 0x00, 0x00, 0x00, 0x1d, 0xf5, 0x00, 0x00,
    0x00, 0x00, 0x00, 0x00, 0x00, 0x00, 0x00, 0x00, 0x00, 0x00, 0x00, 0x9f, 0xfd, 0x20, 0x00, 0x00,
    0x00, 0x00, 0x6f, 0xfd, 0xfc, 0x00, 0x00, 0x00, 0x00, 0x3f, 0xfa, 0x2e, 0xfa, 0x00, 0x00, 0x00,
    0x1e, 0xfe, 0x10, 0x6f, 0xf7, 0x00, 0x00, 0x00, 0x00, 0x00, 0x00, 0x00, 0x00, 0x00, 0x00, 0x00,
    0x00, 0x00, 0x00, 0x00, 0x00, 0x00, 0x00, 0x39, 0xce, 0xfe, 0xd9, 0x30, 0x00, 0x00, 0xaf, 0xff,
    0xff, 0xff, 0xff, 0x60, 0x00, 0x9f, 0xfd, 0x75, 0x46, 0xcf, 0xff, 0x20, 0x2f, 0xfc, 0x10, 0x00,
    0x00, 0x9f, 0xf6, 0x04, 0xce, 0x50, 0x00, 0x00, 0x03, 0xff, 0x80, 0x00, 0x00, 0x00, 0x00, 0x00,
    0x1f, 0xf9, 0x00, 0x00, 0x00, 0x01, 0x36, 0x9d, 0xff, 0x90, 0x00, 0x17, 0xbe, 0xff, 0xff, 0xff,
    0xf9, 0x00, 0x6e, 0xff, 0xff, 0xfd, 0xa7, 0xff, 0x90, 0x4f, 0xfe, 0x95, 0x20, 0x00, 0x2f, 0xf9,
    0x0b, 0xff, 0x40, 0x00, 0x00, 0x03, 0xff, 0x90, 0xdf, 0xe0, 0x00, 0x00, 0x00, 0x9f, 0xf9, 0x0c,
    0xff, 0x30, 0x00, 0x00, 0x6f, 0xff, 0x90, 0x8f, 0xfe, 0x85, 0x47, 0xcf, 0xff, 0xfa, 0x01, 0xcf,
    0xff, 0xff, 0xff, 0xd4, 0xbf, 0xd0, 0x00, 0x6c, 0xef, 0xeb, 0x60, 0x08, 0xff, 0x30, 0x00, 0x00,
    0x00, 0x0d, 0xff, 0xda, 0x30, 0x00, 0x00, 0x00, 0x00, 0x00, 0x00, 0x01, 0x01, 0xaf, 0xc0, 0x00,
    0x00, 0x00, 0x00, 0x00, 0x00, 0x00, 0x0e, 0xfc, 0x50, 0x00, 0x00, 0x00, 0x00, 0x00, 0x00, 0x08,
    0xff, 0xfb, 0x20, 0x00, 0x00, 0x00, 0x00, 0x00, 0x03, 0xcf, 0x91, 0x6e, 0xe6, 0x00, 0x00, 0x00,
    0x00, 0x00, 0x00, 0x00, 0x00, 0x00, 0x00, 0x00, 0x00, 0x00, 0x00, 0x00, 0x00, 0x01, 0xef, 0xf7,
    0x00, 0x00, 0x00, 0x00, 0x00, 0x00, 0x00, 0x05, 0xff, 0xfd, 0x00, 0x00, 0x00, 0x00, 0x00, 0x00,
    0x00, 0x0b, 0xfd, 0xff, 0x40, 0x00, 0x00, 0x00, 0x00, 0x00, 0x00, 0x2f, 0xf6, 0xef, 0xa0, 0x00,
    0x00, 0x00, 0x00, 0x00, 0x00, 0x7f, 0xf2, 0x9f, 0xf1, 0x00, 0x00, 0x00, 0x00, 0x00, 0x00, 0xdf,
    0xc0, 0x4f, 0xf7, 0x00, 0x00, 0x00, 0x00, 0x00, 0x04, 0xff, 0x80, 0x0e, 0xfd, 0x00, 0x00, 0x00,
    0x00, 0x00, 0x09, 0xff, 0x20, 0x09, 0xff, 0x40, 0x00, 0x00, 0x00, 0x00, 0x1e, 0xfc, 0x00, 0x03,
    0xff, 0xa0, 0x00, 0x00, 0x00, 0x00, 0x5f, 0xf6, 0x00, 0x00, 0xdf, 0xf1, 0x00, 0x00, 0x00, 0x00,
    0xbf, 0xf1, 0x00, 0x00, 0x7f, 0xf7, 0x00, 0x00, 0x00, 0x02, 0xff, 0xa0, 0x00, 0x00, 0x2f, 0xfd,
    0x00, 0x00, 0x00, 0x07, 0xff, 0x50, 0x00, 0x00, 0x0b, 0xff, 0x40, 0x00, 0x00, 0x0d, 0xff, 0xff,
    0xff, 0xff, 0xff, 0xff, 0xa0, 0x00, 0x00, 0x4f, 0xff, 0xff, 0xff, 0xff, 0xff, 0xff, 0xf1, 0x00,
    0x00, 0x9f, 0xf6, 0x44, 0x44, 0x44, 0x44, 0xaf, 0xf7, 0x00, 0x01, 0xef, 0xd0, 0x00, 0x00, 0x00,
    0x00, 0x3f, 0xfd, 0x00, 0x05, 0xff, 0x80, 0x00, 0x00, 0x00, 0x00, 0x0d, 0xff, 0x40, 0x0b, 0xff,
    0x30, 0x00, 0x00, 0x00, 0x00, 0x07, 0xff, 0xa0, 0x2f, 0xfd, 0x00, 0x00, 0x00, 0x00, 0x00, 0x02,
    0xff, 0xf1, 0x7f, 0xf7, 0x00, 0x00, 0x00, 0x00, 0x00, 0x00, 0xbf, 0xf7, 0xdf, 0xf2, 0x00, 0x00,
    0x00, 0x00, 0x00, 0x00, 0x6f, 0xfd, 0x00, 0x00, 0x7f, 0xfe, 0xb5, 0x00, 0x00, 0x00, 0x00, 0x00,
    0x01, 0x4e, 0xf7, 0x00, 0x00, 0x00, 0x00, 0x00, 0x03, 0xdf, 0xa0, 0x00, 0x00, 0x00, 0x00, 0x08,
    0xfe, 0xa2, 0x00, 0x00, 0x00, 0x00, 0x00, 0x8f, 0x10, 0x00, 0x00, 0x00, 0x00, 0x00, 0x00, 0x00,
    0x00, 0x00, 0x00, 0x00, 0x00, 0x09, 0xff, 0xd2, 0x00, 0x00, 0x00, 0x00, 0x06, 0xff, 0xdf, 0xc0,
    0x00, 0x00, 0x00, 0x03, 0xff, 0xa2, 0xef, 0xa0, 0x00, 0x00, 0x01, 0xef, 0xe1, 0x06, 0xff, 0x70,
    0x00, 0x00, 0x00, 0x00, 0x00, 0x00, 0x00, 0x00, 0x00, 0x00, 0x00, 0x00, 0x00, 0x00, 0x00, 0x00,
    0x00, 0x03, 0x9c, 0xef, 0xed, 0x93, 0x00, 0x00, 0x0a, 0xff, 0xff, 0xff, 0xff, 0xf6, 0x00, 0x09,
    0xff, 0xd7, 0x54, 0x6c, 0xff, 0xf2, 0x02, 0xff, 0xc1, 0x00, 0x00, 0x09, 0xff, 0x60, 0x4c, 0xe5,
    0x00, 0x00, 0x00, 0x3f, 0xf8, 0x00, 0x00, 0x00, 0x00, 0x00, 0x01, 0xff, 0x90, 0x00, 0x00, 0x00,
    0x13, 0x69, 0xdf, 0xf9, 0x00, 0x01, 0x7b, 0xef, 0xff, 0xff, 0xff, 0x90, 0x06, 0xef, 0xff, 0xff,
    0xda, 0x7f, 0xf9, 0x04, 0xff, 0xe9, 0x52, 0x00, 0x02, 0xff, 0x90, 0xbf, 0xf4, 0x00, 0x00, 0x00,
    0x3f, 0xf9, 0x0d, 0xfe, 0x00, 0x00, 0x00, 0x09, 0xff, 0x90, 0xcf, 0xf3, 0x00, 0x00, 0x06, 0xff,
    0xf9, 0x08, 0xff, 0xe8, 0x54, 0x7c, 0xff, 0xff, 0xa0, 0x1c, 0xff, 0xff, 0xff, 0xfd, 0x4b, 0xfd,
    0x00, 0x06, 0xce, 0xfe, 0xb6, 0x00, 0x8f, 0xf3, 0x00, 0x00, 0x04, 0xce, 0xea, 0x51, 0x2e, 0x90,
    0x00, 0x00, 0x00, 0x00, 0x0e, 0x80, 0x26, 0xbe, 0xea, 0x10, 0x00, 0x00, 0x00, 0x00, 0x00, 0x00,
    0x00, 0x00, 0x00, 0x00, 0x00, 0x00, 0x00, 0x00, 0x00, 0x08, 0xff, 0xfb, 0x20, 0x00, 0x00, 0x00,
    0x00, 0x00, 0x03, 0xcf, 0x91, 0x6e, 0xe6, 0x00, 0x00, 0x00, 0x00, 0x00, 0x00, 0x00, 0x00, 0x00,
    0x00, 0x00, 0x00, 0x00, 0x00, 0x00, 0x00, 0x01, 0xef, 0xf7, 0x00, 0x00, 0x00, 0x00, 0x00, 0x00,
    0x00, 0x05, 0xff, 0xfd, 0x00, 0x00, 0x00, 0x00, 0x00, 0x00, 0x00, 0x0b, 0xfd, 0xff, 0x40, 0x00,
    0x00, 0x00, 0x00, 0x00, 0x00, 0x2f, 0xf6, 0xef, 0xa0, 0x00, 0x00, 0x00, 0x00, 0x00, 0x00, 0x7f,
    0xf2, 0x9f, 0xf1, 0x00, 0x00, 0x00, 0x00, 0x00, 0x00, 0xdf, 0xc0, 0x4f, 0xf7, 0x00, 0x00, 0x00,
    0x00, 0x00, 0x04, 0xff, 0x80, 0x0e, 0xfd, 0x00, 0x00, 0x00, 0x00, 0x00, 0x09, 0xff, 0x20, 0x09,
    0xff, 0x40, 0x00, 0x00, 0x00, 0x00, 0x1e, 0xfc, 0x00, 0x03, 0xff, 0xa0, 0x00, 0x00, 0x00, 0x00,
    0x5f, 0xf6, 0x00, 0x00, 0xdf, 0xf1, 0x00, 0x00, 0x00, 0x00, 0xbf, 0xf1, 0x00, 0x00, 0x7f, 0xf7,
    0x00, 0x00, 0x00, 0x02, 0xff, 0xa0, 0x00, 0x00, 0x2f, 0xfd, 0x00, 0x00, 0x00, 0x07, 0xff, 0x50,
    0x00, 0x00, 0x0b, 0xff, 0x40, 0x00, 0x00, 0x0d, 0xff, 0xff, 0xff, 0xff, 0xff, 0xff, 0xa0, 0x00,
    0x00, 0x4f, 0xff, 0xff, 0xff, 0xff, 0xff, 0xff, 0xf1, 0x00, 0x00, 0x9f, 0xf6, 0x44, 0x44, 0x44,
    0x44, 0xaf, 0xf7, 0x00, 0x01, 0xef, 0xd0, 0x00, 0x00, 0x00, 0x00, 0x3f, 0xfd, 0x00, 0x05, 0xff,
    0x80, 0x00, 0x00, 0x00, 0x00, 0x0d, 0xff, 0x40, 0x0b, 0xff, 0x30, 0x00, 0x00, 0x00, 0x00, 0x07,
    0xff, 0xa0, 0x2f, 0xfd, 0x00, 0x00, 0x00, 0x00, 0x00, 0x02, 0xff, 0xf1, 0x7f, 0xf7, 0x00, 0x00,
    0x00, 0x00, 0x00, 0x00, 0xbf, 0xf7, 0xdf, 0xf2, 0x00, 0x00, 0x00, 0x00, 0x00, 0x00, 0x6f, 0xfd,
    0x00, 0x05, 0xde, 0xc7, 0x22, 0xef, 0x20, 0x00, 0x03, 0xff, 0xff, 0xff, 0xff, 0xd0, 0x00, 0x00,
    0x8f, 0x81, 0x49, 0xde, 0xc3, 0x00, 0x00, 0x00, 0x00, 0x00, 0x00, 0x00, 0x00, 0x00, 0x00, 0x00,
    0x09, 0xff, 0xd2, 0x00, 0x00, 0x00, 0x00, 0x06, 0xff, 0xdf, 0xc0, 0x00, 0x00, 0x00, 0x03, 0xff,
    0xa2, 0xef, 0xa0, 0x00, 0x00, 0x01, 0xef, 0xe1, 0x06, 0xff, 0x70, 0x00, 0x00, 0x00, 0x00, 0x00,
    0x00, 0x00, 0x00, 0x00, 0x00, 0x00, 0x00, 0x00, 0x00, 0x00, 0x00, 0x00, 0x03, 0x9c, 0xef, 0xed,
    0x93, 0x00, 0x00, 0x0a, 0xff, 0xff, 0xff, 0xff, 0xf6, 0x00, 0x09, 0xff, 0xd7, 0x54, 0x6c, 0xff,
    0xf2, 0x02, 0xff, 0xc1, 0x00, 0x00, 0x09, 0xff, 0x60, 0x4c, 0xe5, 0x00, 0x00, 0x00, 0x3f, 0xf8,
    0x00, 0x00, 0x00, 0x00, 0x00, 0x01, 0xff, 0x90, 0x00, 0x00, 0x00, 0x13, 0x69, 0xdf, 0xf9, 0x00,
    0x01, 0x7b, 0xef, 0xff, 0xff, 0xff, 0x90, 0x06, 0xef, 0xff, 0xff, 0xda, 0x7f, 0xf9, 0x04, 0xff,
    0xe9, 0x52, 0x00, 0x02, 0xff, 0x90, 0xbf, 0xf4, 0x00, 0x00, 0x00, 0x3f, 0xf9, 0x0d, 0xfe, 0x00,
    0x00, 0x00, 0x09, 0xff, 0x90, 0xcf, 0xf3, 0x00, 0x00, 0x06, 0xff, 0xf9, 0x08, 0xff, 0xe8, 0x54,
    0x7c, 0xff, 0xff, 0xa0, 0x1c, 0xff, 0xff, 0xff, 0xfd, 0x4b, 0xfd, 0x00, 0x06, 0xce, 0xfe, 0xb6,
    0x00, 0x8f, 0xf3, 0x00, 0x00, 0x00, 0x08, 0xff, 0xfb, 0x20, 0x00, 0x00, 0x00, 0x00, 0x00, 0x03,
    0xcf, 0x91, 0x6e, 0xe6, 0x00, 0x00, 0x00, 0x00, 0x00, 0x00, 0x00, 0x00, 0x00, 0x00, 0x00, 0x00,
    0x00, 0x00, 0x00, 0x00, 0x01, 0xef, 0xf7, 0x00, 0x00, 0x00, 0x00, 0x00, 0x00, 0x00, 0x05, 0xff,
    0xfd, 0x00, 0x00, 0x00, 0x00, 0x00, 0x00, 0x00, 0x0b, 0xfd, 0xff, 0x40, 0x00, 0x00, 0x00, 0x00,
    0x00, 0x00, 0x2f, 0xf6, 0xef, 0xa0, 0x00, 0x00, 0x00, 0x00, 0x00, 0x00, 0x7f, 0xf2, 0x9f, 0xf1,
    0x00, 0x00, 0x00, 0x00, 0x00, 0x00, 0xdf, 0xc0, 0x4f, 0xf7, 0x00, 0x00, 0x00, 0x00, 0x00, 0x04,
    0xff, 0x80, 0x0e, 0xfd, 0x00, 0x00, 0x00, 0x00, 0x00, 0x09, 0xff, 0x20, 0x09, 0xff, 0x40, 0x00,
    0x00, 0x00, 0x00, 0x1e, 0xfc, 0x00, 0x03, 0xff, 0xa0, 0x00, 0x00, 0x00, 0x00, 0x5f, 0xf6, 0x00,
    0x00, 0xdf, 0xf1, 0x00, 0x00, 0x00, 0x00, 0xbf, 0xf1, 0x00, 0x00, 0x7f, 0xf7, 0x00, 0x00, 0x00,
    0x02, 0xff, 0xa0, 0x00, 0x00, 0x2f, 0xfd, 0x00, 0x00, 0x00, 0x07, 0xff, 0x50, 0x00, 0x00, 0x0b,
    0xff, 0x40, 0x00, 0x00, 0x0d, 0xff, 0xff, 0xff, 0xff, 0xff, 0xff, 0xa0, 0x00, 0x00, 0x4f, 0xff,
    0xff, 0xff, 0xff, 0xff, 0xff, 0xf1, 0x00, 0x00, 0x9f, 0xf6, 0x44, 0x44, 0x44, 0x44, 0xaf, 0xf7,
    0x00, 0x01, 0xef, 0xd0, 0x00, 0x00, 0x00, 0x00, 0x3f, 0xfd, 0x00, 0x05, 0xff, 0x80, 0x00, 0x00,
    0x00, 0x00, 0x0d, 0xff, 0x40, 0x0b, 0xff, 0x30, 0x00, 0x00, 0x00, 0x00, 0x07, 0xff, 0xa0, 0x2f,
    0xfd, 0x00, 0x00, 0x00, 0x00, 0x00, 0x02, 0xff, 0xf1, 0x7f, 0xf7, 0x00, 0x00, 0x00, 0x00, 0x00,
    0x00, 0xbf, 0xf7, 0xdf, 0xf2, 0x00, 0x00, 0x00, 0x00, 0x00, 0x00, 0x6f, 0xfd, 0x00, 0x00, 0x00,
    0x00, 0x00, 0x00, 0x00, 0x00, 0x00, 0x00, 0x00, 0x00, 0x00, 0x00, 0x00, 0x00, 0x00, 0x00, 0x00,
    0x00, 0x00, 0x00, 0x00, 0x00, 0xbf, 0xf4, 0x00, 0x00, 0x00, 0x00, 0x00, 0x00, 0x00, 0x00, 0xbf,
    0xf4, 0x00, 0x00, 0x00, 0x00, 0x00, 0x00, 0x00, 0x00, 0xbf, 0xf4, 0x00, 0x00, 0x00, 0x00, 0x00,
    0x00, 0x09, 0xff, 0xd2, 0x00, 0x00, 0x00, 0x00, 0x06, 0xff, 0xdf, 0xc0, 0x00, 0x00, 0x00, 0x03,
    0xff, 0xa2, 0xef, 0xa0, 0x00, 0x00, 0x01, 0xef, 0xe1, 0x06, 0xff, 0x70, 0x00, 0x00, 0x00, 0x00,
    0x00, 0x00, 0x00, 0x00, 0x00, 0x00, 0x39, 0xce, 0xfe, 0xd9, 0x30, 0x00, 0x00, 0xaf, 0xff, 0xff,
    0xff, 0xff, 0x60, 0x00, 0x9f, 0xfd, 0x75, 0x46, 0xcf, 0xff, 0x20, 0x2f, 0xfc, 0x10, 0x00, 0x00,
    0x9f, 0xf6, 0x04, 0xce, 0x50, 0x00, 0x00, 0x03, 0xff, 0x80, 0x00, 0x00, 0x00, 0x00, 0x00, 0x1f,
    0xf9, 0x00, 0x00, 0x00, 0x01, 0x36, 0x9d, 0xff, 0x90, 0x00, 0x17, 0xbe, 0xff, 0xff, 0xff, 0xf9,
    0x00, 0x6e, 0xff, 0xff, 0xfd, 0xa7, 0xff, 0x90, 0x4f, 0xfe, 0x95, 0x20, 0x00, 0x2f, 0xf9, 0x0b,
    0xff, 0x40, 0x00, 0x00, 0x03, 0xff, 0x90, 0xdf, 0xe0, 0x00, 0x00, 0x00, 0x9f, 0xf9, 0x0c, 0xff,
    0x30, 0x00, 0x00, 0x6f, 0xff, 0x90, 0x8f, 0xfe, 0x85, 0x47, 0xcf, 0xff, 0xfa, 0x01, 0xcf, 0xff,
    0xff, 0xff, 0xd4, 0xbf, 0xd0, 0x00, 0x6c, 0xef, 0xeb, 0x60, 0x08, 0xff, 0x30, 0x00, 0x00, 0x00,
    0x00, 0x00, 0x00, 0x00, 0x00, 0x00, 0x00, 0x00, 0x00, 0x00, 0x00, 0x00, 0x00, 0x00, 0x4f, 0xfb,
    0x00, 0x00, 0x00, 0x00, 0x00, 0x04, 0xff, 0xb0, 0x00, 0x00, 0x00, 0x00, 0x00, 0x4f, 0xfb, 0x00,
    0x00, 0x00, 0x00, 0x00, 0x00, 0x00, 0x04, 0xff, 0x91, 0x00, 0x00, 0x00, 0x00, 0x00, 0x00, 0x00,
    0x4f, 0xc3, 0x00, 0x00, 0x00, 0x00, 0x00, 0x00, 0x00, 0x00, 0x00, 0x00, 0x00, 0x00, 0x00, 0x00,
    0x00, 0x00, 0x01, 0xd8, 0x30, 0x13, 0xac, 0x00, 0x00, 0x00, 0x00, 0x00, 0x00, 0x19, 0xdf, 0xec,
    0x81, 0x00, 0x00, 0x00, 0x00, 0x00, 0x00, 0x00, 0x00, 0x00, 0x00, 0x00, 0x00, 0x00, 0x00, 0x00,
    0x00, 0x01, 0xef, 0xf7, 0x00, 0x00, 0x00, 0x00, 0x00, 0x00, 0x00, 0x05, 0xff, 0xfd, 0x00, 0x00,
    0x00, 0x00, 0x00, 0x00, 0x00, 0x0b, 0xfd, 0xff, 0x40, 0x00, 0x00, 0x00, 0x00, 0x00, 0x00, 0x2f,
    0xf6, 0xef, 0xa0, 0x00, 0x00, 0x00, 0x00, 0x00, 0x00, 0x7f, 0xf2, 0x9f, 0xf1, 0x00, 0x00, 0x00,
    0x00, 0x00, 0x00, 0xdf, 0xc0, 0x4f, 0xf7, 0x00, 0x00, 0x00, 0x00, 0x00, 0x04, 0xff, 0x80, 0x0e,
    0xfd, 0x00, 0x00, 0x00, 0x00, 0x00, 0x09, 0xff, 0x20, 0x09, 0xff, 0x40, 0x00, 0x00, 0x00, 0x00,
    0x1e, 0xfc, 0x00, 0x03, 0xff, 0xa0, 0x00, 0x00, 0x00, 0x00, 0x5f, 0xf6, 0x00, 0x00, 0xdf, 0xf1,
    0x00, 0x00, 0x00, 0x00, 0xbf, 0xf1, 0x00, 0x00, 0x7f, 0xf7, 0x00, 0x00, 0x00, 0x02, 0xff, 0xa0,
    0x00, 0x00, 0x2f, 0xfd, 0x00, 0x00, 0x00, 0x07, 0xff, 0x50, 0x00, 0x00, 0x0b, 0xff, 0x40, 0x00,
    0x00, 0x0d, 0xff, 0xff, 0xff, 0xff, 0xff, 0xff, 0xa0, 0x00, 0x00, 0x4f, 0xff, 0xff, 0xff, 0xff,
    0xff, 0xff, 0xf1, 0x00, 0x00, 0x9f, 0xf6, 0x44, 0x44, 0x44, 0x44, 0xaf, 0xf7, 0x00, 0x01, 0xef,
    0xd0, 0x00, 0x00, 0x00, 0x00, 0x3f, 0xfd, 0x00, 0x05, 0xff, 0x80, 0x00, 0x00, 0x00, 0x00, 0x0d,
    0xff, 0x40, 0x0b, 0xff, 0x30, 0x00, 0x00, 0x00, 0x00, 0x07, 0xff, 0xa0, 0x2f, 0xfd, 0x00, 0x00,
    0x00, 0x00, 0x00, 0x02, 0xff, 0xf1, 0x7f, 0xf7, 0x00, 0x00, 0x00, 0x00, 0x00, 0x00, 0xbf, 0xf7,
    0xdf, 0xf2, 0x00, 0x00, 0x00, 0x00, 0x00, 0x00, 0x6f, 0xfd, 0x00, 0x00, 0x00, 0x08, 0xff, 0xc1,
    0x00, 0x00, 0x00, 0x00, 0x01, 0xef, 0xd1, 0x00, 0x00, 0x00, 0x00, 0x00, 0x8f, 0xe3, 0x00, 0x00,
    0x00, 0x00, 0x00, 0x1e, 0xf5, 0x00, 0x00, 0x00, 0x00, 0x00, 0x00, 0x00, 0x00, 0x00, 0x00, 0x00,
    0x00, 0x00, 0x00, 0x00, 0x00, 0x00, 0x00, 0x00, 0x09, 0xf3, 0x00, 0x01, 0xfc, 0x00, 0x00, 0x00,
    0x5f, 0xc2, 0x01, 0xaf, 0x80, 0x00, 0x00, 0x00, 0xbf, 0xfe, 0xff, 0xd1, 0x00, 0x00, 0x00, 0x01,
    0x8d, 0xfe, 0xa2, 0x00, 0x00, 0x00, 0x00, 0x00, 0x00, 0x00, 0x00, 0x00, 0x00, 0x00, 0x39, 0xce,
    0xfe, 0xd9, 0x30, 0x00, 0x00, 0xaf, 0xff, 0xff, 0xff, 0xff, 0x60, 0x00, 0x9f, 0xfd, 0x75, 0x46,
    0xcf, 0xff, 0x20, 0x2f, 0xfc, 0x10, 0x00, 0x00, 0x9f, 0xf6, 0x04, 0xce, 0x50, 0x00, 0x00, 0x03,
    0xff, 0x80, 0x00, 0x00, 0x00, 0x00, 0x00, 0x1f, 0xf9, 0x00, 0x00, 0x00, 0x01, 0x36, 0x9d, 0xff,
    0x90, 0x00, 0x17, 0xbe, 0xff, 0xff, 0xff, 0xf9, 0x00, 0x6e, 0xff, 0xff, 0xfd, 0xa7, 0xff, 0x90,
    0x4f, 0xfe, 0x95, 0x20, 0x00, 0x2f, 0xf9, 0x0b, 0xff, 0x40, 0x00, 0x00, 0x03, 0xff, 0x90, 0xdf,
    0xe0, 0x00, 0x00, 0x00, 0x9f, 0xf9, 0x0c, 0xff, 0x30, 0x00, 0x00, 0x6f, 0xff, 0x90, 0x8f, 0xfe,
    0x85, 0x47, 0xcf, 0xff, 0xfa, 0x01, 0xcf, 0xff, 0xff, 0xff, 0xd4, 0xbf, 0xd0, 0x00, 0x6c, 0xef,
    0xeb, 0x60, 0x08, 0xff, 0x30, 0x00, 0x00, 0x00, 0x6e, 0xf9, 0x00, 0x00, 0x00, 0x00, 0x00, 0x00,
    0x00, 0x00, 0x01, 0x9f, 0x90, 0x00, 0x00, 0x00, 0x00, 0x00, 0x00, 0x00, 0x00, 0x00, 0x00, 0x00,
    0x00, 0x00, 0x00, 0x00, 0x00, 0x01, 0xd8, 0x30, 0x13, 0xac, 0x00, 0x00, 0x00, 0x00, 0x00, 0x00,
    0x19, 0xdf, 0xec, 0x81, 0x00, 0x00, 0x00, 0x00, 0x00, 0x00, 0x00, 0x00, 0x00, 0x00, 0x00, 0x00,
    0x00, 0x00, 0x00, 0x00, 0x01, 0xef, 0xf7, 0x00, 0x00, 0x00, 0x00, 0x00, 0x00, 0x00, 0x05, 0xff,
    0xfd, 0x00, 0x00, 0x00, 0x00, 0x00, 0x00, 0x00, 0x0b, 0xfd, 0xff, 0x40, 0x00, 0x00, 0x00, 0x00,
    0x00, 0x00, 0x2f, 0xf6, 0xef, 0xa0, 0x00, 0x00, 0x00, 0x00, 0x00, 0x00, 0x7f, 0xf2, 0x9f, 0xf1,
    0x00, 0x00, 0x00, 0x00, 0x00, 0x00, 0xdf, 0xc0, 0x4f, 0xf7, 0x00, 0x00, 0x00, 0x00, 0x00, 0x04,
    0xff, 0x80, 0x0e, 0xfd, 0x00, 0x00, 0x00, 0x00, 0x00, 0x09, 0xff, 0x20, 0x09, 0xff, 0x40, 0x00,
    0x00, 0x00, 0x00, 0x1e, 0xfc, 0x00, 0x03, 0xff, 0xa0, 0x00, 0x00, 0x00, 0x00, 0x5f, 0xf6, 0x00,
    0x00, 0xdf, 0xf1, 0x00, 0x00, 0x00, 0x00, 0xbf, 0xf1, 0x00, 0x00, 0x7f, 0xf7, 0x00, 0x00, 0x00,
    0x02, 0xff, 0xa0, 0x00, 0x00, 0x2f, 0xfd, 0x00, 0x00, 0x00, 0x07, 0xff, 0x50, 0x00, 0x00, 0x0b,
    0xff, 0x40, 0x00, 0x00, 0x0d, 0xff, 0xff, 0xff, 0xff, 0xff, 0xff, 0xa0, 0x00, 0x00, 0x4f, 0xff,
    0xff, 0xff, 0xff, 0xff, 0xff, 0xf1, 0x00, 0x00, 0x9f, 0xf6, 0x44, 0x44, 0x44, 0x44, 0xaf, 0xf7,
    0x00, 0x01, 0xef, 0xd0, 0x00, 0x00, 0x00, 0x00, 0x3f, 0xfd, 0x00, 0x05, 0xff, 0x80, 0x00, 0x00,
    0x00, 0x00, 0x0d, 0xff, 0x40, 0x0b, 0xff, 0x30, 0x00, 0x00, 0x00, 0x00, 0x07, 0xff, 0xa0, 0x2f,
    0xfd, 0x00, 0x00, 0x00, 0x00, 0x00, 0x02, 0xff, 0xf1, 0x7f, 0xf7, 0x00, 0x00, 0x00, 0x00, 0x00,
    0x00, 0xbf, 0xf7, 0xdf, 0xf2, 0x00, 0x00, 0x00, 0x00, 0x00, 0x00, 0x6f, 0xfd, 0x00, 0x00, 0xcf,
    0xf8, 0x00, 0x00, 0x00, 0x00, 0x00, 0x01, 0xdf, 0xe1, 0x00, 0x00, 0x00, 0x00, 0x00, 0x03, 0xef,
    0x80, 0x00, 0x00, 0x00, 0x00, 0x00, 0x04, 0xfe, 0x10, 0x00, 0x00, 0x00, 0x00, 0x00, 0x00, 0x00,
    0x00, 0x00, 0x00, 0x00, 0x00, 0x00, 0x00, 0x00, 0x00, 0x00, 0x00, 0x09, 0xf3, 0x00, 0x01, 0xfc,
    0x00, 0x00, 0x00, 0x5f, 0xc2, 0x01, 0xaf, 0x80, 0x00, 0x00, 0x00, 0xbf, 0xfe, 0xff, 0xd1, 0x00,
    0x00, 0x00, 0x01, 0x8d, 0xfe, 0xa2, 0x00, 0x00, 0x00, 0x00, 0x00, 0x00, 0x00, 0x00, 0x00, 0x00,
    0x00, 0x39, 0xce, 0xfe, 0xd9, 0x30, 0x00, 0x00, 0xaf, 0xff, 0xff, 0xff, 0xff, 0x60, 0x00, 0x9f,
    0xfd, 0x75, 0x46, 0xcf, 0xff, 0x20, 0x2f, 0xfc, 0x10, 0x00, 0x00, 0x9f, 0xf6, 0x04, 0xce, 0x50,
    0x00, 0x00, 0x03, 0xff, 0x80, 0x00, 0x00, 0x00, 0x00, 0x00, 0x1f, 0xf9, 0x00, 0x00, 0x00, 0x01,
    0x36, 0x9d, 0xff, 0x90, 0x00, 0x17, 0xbe, 0xff, 0xff, 0xff, 0xf9, 0x00, 0x6e, 0xff, 0xff, 0xfd,
    0xa7, 0xff, 0x90, 0x4f, 0xfe, 0x95, 0x20, 0x00, 0x2f, 0xf9, 0x0b, 0xff, 0x40, 0x00, 0x00, 0x03,
    0xff, 0x90, 0xdf, 0xe0, 0x00, 0x00, 0x00, 0x9f, 0xf9, 0x0c, 0xff, 0x30, 0x00, 0x00, 0x6f, 0xff,
    0x90, 0x8f, 0xfe, 0x85, 0x47, 0xcf, 0xff, 0xfa, 0x01, 0xcf, 0xff, 0xff, 0xff, 0xd4, 0xbf, 0xd0,
    0x00, 0x6c, 0xef, 0xeb, 0x60, 0x08, 0xff, 0x30, 0x00, 0x00, 0x00, 0x0d, 0xff, 0xda, 0x30, 0x00,
    0x00, 0x00, 0x00, 0x00, 0x00, 0x01, 0x01, 0xaf, 0xc0, 0x00, 0x00, 0x00, 0x00, 0x00, 0x00, 0x00,
    0x0e, 0xfc, 0x50, 0x00, 0x00, 0x00, 0x00, 0x00, 0x01, 0xd8, 0x30, 0x13, 0xac, 0x00, 0x00, 0x00,
    0x00, 0x00, 0x00, 0x19, 0xdf, 0xec, 0x81, 0x00, 0x00, 0x00, 0x00, 0x00, 0x00, 0x00, 0x00, 0x00,
    0x00, 0x00, 0x00, 0x00, 0x00, 0x00, 0x00, 0x01, 0xef, 0xf7, 0x00, 0x00, 0x00, 0x00, 0x00, 0x00,
    0x00, 0x05, 0xff, 0xfd, 0x00, 0x00, 0x00, 0x00, 0x00, 0x00, 0x00, 0x0b, 0xfd, 0xff, 0x40, 0x00,
    0x00, 0x00, 0x00, 0x00, 0x00, 0x2f, 0xf6, 0xef, 0xa0, 0x00, 0x00, 0x00, 0x00, 0x00, 0x00, 0x7f,
    0xf2, 0x9f, 0xf1, 0x00, 0x00, 0x00, 0x00, 0x00, 0x00, 0xdf, 0xc0, 0x4f, 0xf7, 0x00, 0x00, 0x00,
    0x00, 0x00, 0x04, 0xff, 0x80, 0x0e, 0xfd, 0x00, 0x00, 0x00, 0x00, 0x00, 0x09, 0xff, 0x20, 0x09,
    0xff, 0x40, 0x00, 0x00, 0x00, 0x00, 0x1e, 0xfc, 0x00, 0x03, 0xff, 0xa0, 0x00, 0x00, 0x00, 0x00,
    0x5f, 0xf6, 0x00, 0x00, 0xdf, 0xf1, 0x00, 0x00, 0x00, 0x00, 0xbf, 0xf1, 0x00, 0x00, 0x7f, 0xf7,
    0x00, 0x00, 0x00, 0x02, 0xff, 0xa0, 0x00, 0x00, 0x2f, 0xfd, 0x00, 0x00, 0x00, 0x07, 0xff, 0x50,
    0x00, 0x00, 0x0b, 0xff, 0x40, 0x00, 0x00, 0x0d, 0xff, 0xff, 0xff, 0xff, 0xff, 0xff, 0xa0, 0x00,
    0x00, 0x4f, 0xff, 0xff, 0xff, 0xff, 0xff, 0xff, 0xf1, 0x00, 0x00, 0x9f, 0xf6, 0x44, 0x44, 0x44,
    0x44, 0xaf, 0xf7, 0x00, 0x01, 0xef, 0xd0, 0x00, 0x00, 0x00, 0x00, 0x3f, 0xfd, 0x00, 0x05, 0xff,
    0x80, 0x00, 0x00, 0x00, 0x00, 0x0d, 0xff, 0x40, 0x0b, 0xff, 0x30, 0x00, 0x00, 0x00, 0x00, 0x07,
    0xff, 0xa0, 0x2f, 0xfd, 0x00, 0x00, 0x00, 0x00, 0x00, 0x02, 0xff, 0xf1, 0x7f, 0xf7, 0x00, 0x00,
    0x00, 0x00, 0x00, 0x00, 0xbf, 0xf7, 0xdf, 0xf2, 0x00, 0x00, 0x00, 0x00, 0x00, 0x00, 0x6f, 0xfd,
    0x00, 0x00, 0x3f, 0xfe, 0xc7, 0x10, 0x00, 0x00, 0x00, 0x00, 0x00, 0x2b, 0xfc, 0x00, 0x00, 0x00,
    0x00, 0x00, 0x02, 0xbf, 0xe0, 0x00, 0x00, 0x00, 0x00, 0x04, 0xfe, 0xb4, 0x00, 0x00, 0x00, 0x00,
    0x00, 0x4f, 0x60, 0x00, 0x00, 0x00, 0x00, 0x00, 0x00, 0x00, 0x00, 0x00, 0x00, 0x00, 0x00, 0x00,
    0x00, 0x00, 0x00, 0x00, 0x00, 0x00, 0x9f, 0x30, 0x00, 0x1f, 0xc0, 0x00, 0x00, 0x05, 0xfc, 0x20,
    0x1a, 0xf8, 0x00, 0x00, 0x00, 0x0b, 0xff, 0xef, 0xfd, 0x10, 0x00, 0x00, 0x00, 0x18, 0xdf, 0xea,
    0x20, 0x00, 0x00, 0x00, 0x00, 0x00, 0x00, 0x00, 0x00, 0x00, 0x00, 0x03, 0x9c, 0xef, 0xed, 0x93,
    0x00, 0x00, 0x0a, 0xff, 0xff, 0xff, 0xff, 0xf6, 0x00, 0x09, 0xff, 0xd7, 0x54, 0x6c, 0xff, 0xf2,
    0x02, 0xff, 0xc1, 0x00, 0x00, 0x09, 0xff, 0x60, 0x4c, 0xe5, 0x00, 0x00, 0x00, 0x3f, 0xf8, 0x00,
    0x00, 0x00, 0x00, 0x00, 0x01, 0xff, 0x90, 0x00, 0x00, 0x00, 0x13, 0x69, 0xdf, 0xf9, 0x00, 0x01,
    0x7b, 0xef, 0xff, 0xff, 0xff, 0x90, 0x06, 0xef, 0xff, 0xff, 0xda, 0x7f, 0xf9, 0x04, 0xff, 0xe9,
    0x52, 0x00, 0x02, 0xff, 0x90, 0xbf, 0xf4, 0x00, 0x00, 0x00, 0x3f, 0xf9, 0x0d, 0xfe, 0x00, 0x00,
    0x00, 0x09, 0xff, 0x90, 0xcf, 0xf3, 0x00, 0x00, 0x06, 0xff, 0xf9, 0x08, 0xff, 0xe8, 0x54, 0x7c,
    0xff, 0xff, 0xa0, 0x1c, 0xff, 0xff, 0xff, 0xfd, 0x4b, 0xfd, 0x00, 0x06, 0xce, 0xfe, 0xb6, 0x00,
    0x8f, 0xf3, 0x00, 0x00, 0x01, 0xae, 0xeb, 0x62, 0x1a, 0xd0, 0x00, 0x00, 0x00, 0x00, 0x0a, 0xc1,
    0x15, 0xae, 0xec, 0x40, 0x00, 0x00, 0x00, 0x00, 0x00, 0x00, 0x00, 0x00, 0x00, 0x00, 0x00, 0x00,
    0x00, 0x00, 0x01, 0xd8, 0x30, 0x13, 0xac, 0x00, 0x00, 0x00, 0x00, 0x00, 0x00, 0x19, 0xdf, 0xec,
    0x81, 0x00, 0x00, 0x00, 0x00, 0x00, 0x00, 0x00, 0x00, 0x00, 0x00, 0x00, 0x00, 0x00, 0x00, 0x00,
    0x00, 0x01, 0xef, 0xf7, 0x00, 0x00, 0x00, 0x00, 0x00, 0x00, 0x00, 0x05, 0xff, 0xfd, 0x00, 0x00,
    0x00, 0x00, 0x00, 0x00, 0x00, 0x0b, 0xfd, 0xff, 0x40, 0x00, 0x00, 0x00, 0x00, 0x00, 0x00, 0x2f,
    0xf6, 0xef, 0xa0, 0x00, 0x00, 0x00, 0x00, 0x00, 0x00, 0x7f, 0xf2, 0x9f, 0xf1, 0x00, 0x00, 0x00,
    0x00, 0x00, 0x00, 0xdf, 0xc0, 0x4f, 0xf7, 0x00, 0x00, 0x00, 0x00, 0x00, 0x04, 0xff, 0x80, 0x0e,
    0xfd, 0x00, 0x00, 0x00, 0x00, 0x00, 0x09, 0xff, 0x20, 0x09, 0xff, 0x40, 0x00, 0x00, 0x00, 0x00,
    0x1e, 0xfc, 0x00, 0x03, 0xff, 0xa0, 0x00, 0x00, 0x00, 0x00, 0x5f, 0xf6, 0x00, 0x00, 0xdf, 0xf1,
    0x00, 0x00, 0x00, 0x00, 0xbf, 0xf1, 0x00, 0x00, 0x7f, 0xf7, 0x00, 0x00, 0x00, 0x02, 0xff, 0xa0,
    0x00, 0x00, 0x2f, 0xfd, 0x00, 0x00, 0x00, 0x07, 0xff, 0x50, 0x00, 0x00, 0x0b, 0xff, 0x40, 0x00,
    0x00, 0x0d, 0xff, 0xff, 0xff, 0xff, 0xff, 0xff, 0xa0, 0x00, 0x00, 0x4f, 0xff, 0xff, 0xff, 0xff,
    0xff, 0xff, 0xf1, 0x00, 0x00, 0x9f, 0xf6, 0x44, 0x44, 0x44, 0x44, 0xaf, 0xf7, 0x00, 0x01, 0xef,
    0xd0, 0x00, 0x00, 0x00, 0x00, 0x3f, 0xfd, 0x00, 0x05, 0xff, 0x80, 0x00, 0x00, 0x00, 0x00, 0x0d,
    0xff, 0x40, 0x0b, 0xff, 0x30, 0x00, 0x00, 0x00, 0x00, 0x07, 0xff, 0xa0, 0x2f, 0xfd, 0x00, 0x00,
    0x00, 0x00, 0x00, 0x02, 0xff, 0xf1, 0x7f, 0xf7, 0x00, 0x00, 0x00, 0x00, 0x00, 0x00, 0xbf, 0xf7,
    0xdf, 0xf2, 0x00, 0x00, 0x00, 0x00, 0x00, 0x00, 0x6f, 0xfd, 0x00, 0x01, 0x9e, 0xea, 0x51, 0x7f,
    0xa0, 0x00, 0x00, 0xaf, 0xff, 0xff, 0xff, 0xf6, 0x00, 0x00, 0x0e, 0xf2, 0x16, 0xbe, 0xe8, 0x00,
    0x00, 0x00, 0x00, 0x00, 0x00, 0x00, 0x00, 0x00, 0x00, 0x00, 0x00, 0x00, 0x00, 0x00, 0x00, 0x00,
    0x00, 0x9f, 0x30, 0x00, 0x1f, 0xc0, 0x00, 0x00, 0x05, 0xfc, 0x20, 0x1a, 0xf8, 0x00, 0x00, 0x00,
    0x0b, 0xff, 0xef, 0xfd, 0x10, 0x00, 0x00, 0x00, 0x18, 0xdf, 0xea, 0x20, 0x00, 0x00, 0x00, 0x00,
    0x00, 0x00, 0x00, 0x00, 0x00, 0x00, 0x03, 0x9c, 0xef, 0xed, 0x93, 0x00, 0x00, 0x0a, 0xff, 0xff,
    0xff, 0xff, 0xf6, 0x00, 0x09, 0xff, 0xd7, 0x54, 0x6c, 0xff, 0xf2, 0x02, 0xff, 0xc1, 0x00, 0x00,
    0x09, 0xff, 0x60, 0x4c, 0xe5, 0x00, 0x00, 0x00, 0x3f, 0xf8, 0x00, 0x00, 0x00, 0x00, 0x00, 0x01,
    0xff, 0x90, 0x00, 0x00, 0x00, 0x13, 0x69, 0xdf, 0xf9, 0x00, 0x01, 0x7b, 0xef, 0xff, 0xff, 0xff,
    0x90, 0x06, 0xef, 0xff, 0xff, 0xda, 0x7f, 0xf9, 0x04, 0xff, 0xe9, 0x52, 0x00, 0x02, 0xff, 0x90,
    0xbf, 0xf4, 0x00, 0x00, 0x00, 0x3f, 0xf9, 0x0d, 0xfe, 0x00, 0x00, 0x00, 0x09, 0xff, 0x90, 0xcf,
    0xf3, 0x00, 0x00, 0x06, 0xff, 0xf9, 0x08, 0xff, 0xe8, 0x54, 0x7c, 0xff, 0xff, 0xa0, 0x1c, 0xff,
    0xff, 0xff, 0xfd, 0x4b, 0xfd, 0x00, 0x06, 0xce, 0xfe, 0xb6, 0x00, 0x8f, 0xf3, 0x00, 0x00, 0x01,
    0xd8, 0x30, 0x13, 0xac, 0x00, 0x00, 0x00, 0x00, 0x00, 0x00, 0x19, 0xdf, 0xec, 0x81, 0x00, 0x00,
    0x00, 0x00, 0x00, 0x00, 0x00, 0x00, 0x00, 0x00, 0x00, 0x00, 0x00, 0x00, 0x00, 0x00, 0x01, 0xef,
    0xf7, 0x00, 0x00, 0x00, 0x00, 0x00, 0x00, 0x00, 0x05, 0xff, 0xfd, 0x00, 0x00, 0x00, 0x00, 0x00,
    0x00, 0x00, 0x0b, 0xfd, 0xff, 0x40, 0x00, 0x00, 0x00, 0x00, 0x00, 0x00, 0x2f, 0xf6, 0xef, 0xa0,
    0x00, 0x00, 0x00, 0x00, 0x00, 0x00, 0x7f, 0xf2, 0x9f, 0xf1, 0x00, 0x00, 0x00, 0x00, 0x00, 0x00,
    0xdf, 0xc0, 0x4f, 0xf7, 0x00, 0x00, 0x00, 0x00, 0x00, 0x04, 0xff, 0x80, 0x0e, 0xfd, 0x00, 0x00,
    0x00, 0x00, 0x00, 0x09, 0xff, 0x20, 0x09, 0xff, 0x40, 0x00, 0x00, 0x00, 0x00, 0x1e, 0xfc, 0x00,
    0x03, 0xff, 0xa0, 0x00, 0x00, 0x00, 0x00, 0x5f, 0xf6, 0x00, 0x00, 0xdf, 0xf1, 0x00, 0x00, 0x00,
    0x00, 0xbf, 0xf1, 0x00, 0x00, 0x7f, 0xf7, 0x00, 0x00, 0x00, 0x02, 0xff, 0xa0, 0x00, 0x00, 0x2f,
    0xfd, 0x00, 0x00, 0x00, 0x07, 0xff, 0x50, 0x00, 0x00, 0x0b, 0xff, 0x40, 0x00, 0x00, 0x0d, 0xff,
    0xff, 0xff, 0xff, 0xff, 0xff, 0xa0, 0x00, 0x00, 0x4f, 0xff, 0xff, 0xff, 0xff, 0xff, 0xff, 0xf1,
    0x00, 0x00, 0x9f, 0xf6, 0x44, 0x44, 0x44, 0x44, 0xaf, 0xf7, 0x00, 0x01, 0xef, 0xd0, 0x00, 0x00,
    0x00, 0x00, 0x3f, 0xfd, 0x00, 0x05, 0xff, 0x80, 0x00, 0x00, 0x00, 0x00, 0x0d, 0xff, 0x40, 0x0b,
    0xff, 0x30, 0x00, 0x00, 0x00, 0x00, 0x07, 0xff, 0xa0, 0x2f, 0xfd, 0x00, 0x00, 0x00, 0x00, 0x00,
    0x02, 0xff, 0xf1, 0x7f, 0xf7, 0x00, 0x00, 0x00, 0x00, 0x00, 0x00, 0xbf, 0xf7, 0xdf, 0xf2, 0x00,
    0x00, 0x00, 0x00, 0x00, 0x00, 0x6f, 0xfd, 0x00, 0x00, 0x00, 0x00, 0x00, 0x00, 0x00, 0x00, 0x00,
    0x00, 0x00, 0x00, 0x00, 0x00, 0x00, 0x00, 0x00, 0x00, 0x00, 0x00, 0x00, 0x00, 0x00, 0x00, 0xbf,
    0xf4, 0x00, 0x00, 0x00, 0x00, 0x00, 0x00, 0x00, 0x00, 0xbf, 0xf4, 0x00, 0x00, 0x00, 0x00, 0x00,
    0x00, 0x00, 0x00, 0xbf, 0xf4, 0x00, 0x00, 0x00, 0x00, 0x00, 0x09, 0xf3, 0x00, 0x01, 0xfc, 0x00,
    0x00, 0x00, 0x5f, 0xc2, 0x01, 0xaf, 0x80, 0x00, 0x00, 0x00, 0xbf, 0xfe, 0xff, 0xd1, 0x00, 0x00,
    0x00, 0x01, 0x8d, 0xfe, 0xa2, 0x00, 0x00, 0x00, 0x00, 0x00, 0x00, 0x00, 0x00, 0x00, 0x00, 0x00,
    0x39, 0xce, 0xfe, 0xd9, 0x30, 0x00, 0x00, 0xaf, 0xff, 0xff, 0xff, 0xff, 0x60, 0x00, 0x9f, 0xfd,
    0x75, 0x46, 0xcf, 0xff, 0x20, 0x2f, 0xfc, 0x10, 0x00, 0x00, 0x9f, 0xf6, 0x04, 0xce, 0x50, 0x00,
    0x00, 0x03, 0xff, 0x80, 0x00, 0x00, 0x00, 0x00, 0x00, 0x1f, 0xf9, 0x00, 0x00, 0x00, 0x01, 0x36,
    0x9d, 0xff, 0x90, 0x00, 0x17, 0xbe, 0xff, 0xff, 0xff, 0xf9, 0x00, 0x6e, 0xff, 0xff, 0xfd, 0xa7,
    0xff, 0x90, 0x4f, 0xfe, 0x95, 0x20, 0x00, 0x2f, 0xf9, 0x0b, 0xff, 0x40, 0x00, 0x00, 0x03, 0xff,
    0x90, 0xdf, 0xe0, 0x00, 0x00, 0x00, 0x9f, 0xf9, 0x0c, 0xff, 0x30, 0x00, 0x00, 0x6f, 0xff, 0x90,
    0x8f, 0xfe, 0x85, 0x47, 0xcf, 0xff, 0xfa, 0x01, 0xcf, 0xff, 0xff, 0xff, 0xd4, 0xbf, 0xd0, 0x00,
    0x6c, 0xef, 0xeb, 0x60, 0x08, 0xff, 0x30, 0x00, 0x00, 0x00, 0x00, 0x00, 0x00, 0x00, 0x00, 0x00,
    0x00, 0x00, 0x00, 0x00, 0x00, 0x00, 0x00, 0x00, 0x4f, 0xfb, 0x00, 0x00, 0x00, 0x00, 0x00, 0x04,
    0xff, 0xb0, 0x00, 0x00, 0x00, 0x00, 0x00, 0x4f, 0xfb, 0x00, 0x00, 0x00, 0x9f, 0xff, 0xff, 0xff,
    0xff, 0xff, 0xff, 0xfe, 0x09, 0xff, 0xff, 0xff, 0xff, 0xff, 0xff, 0xff, 0xe0, 0x9f, 0xf9, 0x88,
    0x88, 0x88, 0x88, 0x88, 0x87, 0x09, 0xff, 0x30, 0x00, 0x00, 0x00, 0x00, 0x00, 0x00, 0x9f, 0xf3,
    0x00, 0x00, 0x00, 0x00, 0x00, 0x00, 0x09, 0xff, 0x30, 0x00, 0x00, 0x00, 0x00, 0x00, 0x00, 0x9f,
    0xf3, 0x00, 0x00, 0x00, 0x00, 0x00, 0x00, 0x09, 0xff, 0x30, 0x00, 0x00, 0x00, 0x00, 0x00, 0x00,
    0x9f, 0xf3, 0x00, 0x00, 0x00, 0x00, 0x00, 0x00, 0x09, 0xff, 0xff, 0xff, 0xff, 0xff, 0xff, 0xff,
    0x10, 0x9f, 0xff, 0xff, 0xff, 0xff, 0xff, 0xff, 0xf1, 0x09, 0xff, 0x98, 0x88, 0x88, 0x88, 0x88,
    0x88, 0x10, 0x9f, 0xf3, 0x00, 0x00, 0x00, 0x00, 0x00, 0x00, 0x09, 0xff, 0x30, 0x00, 0x00, 0x00,
    0x00, 0x00, 0x00, 0x9f, 0xf3, 0x00, 0x00, 0x00, 0x00, 0x00, 0x00, 0x09, 0xff, 0x30, 0x00, 0x00,
    0x00, 0x00, 0x00, 0x00, 0x9f, 0xf3, 0x00, 0x00, 0x00, 0x00, 0x00, 0x00, 0x09, 0xff, 0x30, 0x00,
    0x00, 0x00, 0x00, 0x00, 0x00, 0x9f, 0xf3, 0x00, 0x00, 0x00, 0x00, 0x00, 0x00, 0x09, 0xff, 0x98,
    0x88, 0x88, 0x88, 0x88, 0x88, 0x83, 0x9f, 0xff, 0xff, 0xff, 0xff, 0xff, 0xff, 0xff, 0x69, 0xff,
    0xff, 0xff, 0xff, 0xff, 0xff, 0xff, 0xf6, 0x00, 0x00, 0x00, 0x00, 0x00, 0x00, 0x00, 0x00, 0x00,
    0x00, 0x00, 0x00, 0x00, 0x00, 0x00, 0x00, 0x00, 0x00, 0x00, 0x00, 0x2f, 0xfd, 0x00, 0x00, 0x00,
    0x00, 0x00, 0x00, 0x02, 0xff, 0xd0, 0x00, 0x00, 0x00, 0x00, 0x00, 0x00, 0x2f, 0xfd, 0x00, 0x00,
    0x00, 0x00, 0x00, 0x01, 0x7c, 0xef, 0xda, 0x40, 0x00, 0x00, 0x03, 0xef, 0xff, 0xff, 0xff, 0xa0,
    0x00, 0x03, 0xff, 0xfa, 0x54, 0x6c, 0xff, 0xa0, 0x00, 0xdf, 0xf6, 0x00, 0x00, 0x09, 0xff, 0x50,
    0x5f, 0xf9, 0x00, 0x00, 0x00, 0x1e, 0xfc, 0x09, 0xff, 0x30, 0x00, 0x00, 0x00, 0x9f, 0xf2, 0xcf,
    0xf4, 0x44, 0x44, 0x44, 0x48, 0xff, 0x5d, 0xff, 0xff, 0xff, 0xff, 0xff, 0xff, 0xf6, 0xdf, 0xff,
    0xff, 0xff, 0xff, 0xff, 0xff, 0x6c, 0xfd, 0x00, 0x00, 0x00, 0x00, 0x00, 0x00, 0xaf, 0xf1, 0x00,
    0x00, 0x00, 0x00, 0x00, 0x05, 0xff, 0x80, 0x00, 0x00, 0x00, 0xae, 0xc2, 0x0d, 0xff, 0x50, 0x00,
    0x00, 0x6f, 0xfd, 0x00, 0x4f, 0xff, 0xa5, 0x46, 0xaf, 0xff, 0x40, 0x00, 0x4e, 0xff, 0xff, 0xff,
    0xfe, 0x50, 0x00, 0x00, 0x17, 0xce, 0xfe, 0xc8, 0x10, 0x00, 0x00, 0x00, 0x00, 0x00, 0x00, 0x00,
    0x00, 0x00, 0x00, 0x00, 0x00, 0x00, 0x00, 0x00, 0x00, 0x00, 0x00, 0x00, 0xff, 0xf0, 0x00, 0x00,
    0x00, 0x00, 0x00, 0x0f, 0xff, 0x00, 0x00, 0x00, 0x00, 0x00, 0x00, 0xff, 0xf0, 0x00, 0x00, 0x00,
    0x00, 0x00, 0x07, 0xff, 0xeb, 0x60, 0x00, 0x00, 0x00, 0x00, 0x00, 0x00, 0x14, 0xdf, 0x80, 0x00,
    0x00, 0x00, 0x00, 0x00, 0x00, 0x3d, 0xfb, 0x00, 0x00, 0x00, 0x00, 0x00, 0x00, 0x8f, 0xea, 0x20,
    0x00, 0x00, 0x00, 0x00, 0x00, 0x08, 0xf2, 0x00, 0x00, 0x00, 0x00, 0x00, 0x00, 0x00, 0x00, 0x00,
    0x00, 0x00, 0x00, 0x9f, 0xff, 0xff, 0xff, 0xff, 0xff, 0xff, 0xfe, 0x09, 0xff, 0xff, 0xff, 0xff,
    0xff, 0xff, 0xff, 0xe0, 0x9f, 0xf9, 0x88, 0x88, 0x88, 0x88, 0x88, 0x87, 0x09, 0xff, 0x30, 0x00,
    0x00, 0x00, 0x00, 0x00, 0x00, 0x9f, 0xf3, 0x00, 0x00, 0x00, 0x00, 0x00, 0x00, 0x09, 0xff, 0x30,
    0x00, 0x00, 0x00, 0x00, 0x00, 0x00, 0x9f, 0xf3, 0x00, 0x00, 0x00, 0x00, 0x00, 0x00, 0x09, 0xff,
    0x30, 0x00, 0x00, 0x00, 0x00, 0x00, 0x00, 0x9f, 0xf3, 0x00, 0x00, 0x00, 0x00, 0x00, 0x00, 0x09,
    0xff, 0xff, 0xff, 0xff, 0xff, 0xff, 0xff, 0x10, 0x9f, 0xff, 0xff, 0xff, 0xff, 0xff, 0xff, 0xf1,
    0x09, 0xff, 0x98, 0x88, 0x88, 0x88, 0x88, 0x88, 0x10, 0x9f, 0xf3, 0x00, 0x00, 0x00, 0x00, 0x00,
    0x00, 0x09, 0xff, 0x30, 0x00, 0x00, 0x00, 0x00, 0x00, 0x00, 0x9f, 0xf3, 0x00, 0x00, 0x00, 0x00,
    0x00, 0x00, 0x09, 0xff, 0x30, 0x00, 0x00, 0x00, 0x00, 0x00, 0x00, 0x9f, 0xf3, 0x00, 0x00, 0x00,
    0x00, 0x00, 0x00, 0x09, 0xff, 0x30, 0x00, 0x00, 0x00, 0x00, 0x00, 0x00, 0x9f, 0xf3, 0x00, 0x00,
    0x00, 0x00, 0x00, 0x00, 0x09, 0xff, 0x98, 0x88, 0x88, 0x88, 0x88, 0x88, 0x83, 0x9f, 0xff, 0xff,
    0xff, 0xff, 0xff, 0xff, 0xff, 0x69, 0xff, 0xff, 0xff, 0xff, 0xff, 0xff, 0xff, 0xf6, 0x00, 0x00,
    0x5f, 0xfe, 0xc7, 0x10, 0x00, 0x00, 0x00, 0x00, 0x00, 0x3c, 0xfb, 0x00, 0x00, 0x00, 0x00, 0x00,
    0x02, 0xcf, 0xc0, 0x00, 0x00, 0x00, 0x00, 0x06, 0xfe, 0xb3, 0x00, 0x00, 0x00, 0x00, 0x00, 0x6f,
    0x40, 0x00, 0x00, 0x00, 0x00, 0x00, 0x00, 0x00, 0x00, 0x00, 0x00, 0x00, 0x00, 0x00, 0x00, 0x00,
    0x00, 0x00, 0x00, 0x00, 0x17, 0xce, 0xfd, 0xa4, 0x00, 0x00, 0x00, 0x3e, 0xff, 0xff, 0xff, 0xfa,
    0x00, 0x00, 0x3f, 0xff, 0xa5, 0x46, 0xcf, 0xfa, 0x00, 0x0d, 0xff, 0x60, 0x00, 0x00, 0x9f, 0xf5,
    0x05, 0xff, 0x90, 0x00, 0x00, 0x01, 0xef, 0xc0, 0x9f, 0xf3, 0x00, 0x00, 0x00, 0x09, 0xff, 0x2c,
    0xff, 0x44, 0x44, 0x44, 0x44, 0x8f, 0xf5, 0xdf, 0xff, 0xff, 0xff, 0xff, 0xff, 0xff, 0x6d, 0xff,
    0xff, 0xff, 0xff, 0xff, 0xff, 0xf6, 0xcf, 0xd0, 0x00, 0x00, 0x00, 0x00, 0x00, 0x0a, 0xff, 0x10,
    0x00, 0x00, 0x00, 0x00, 0x00, 0x5f, 0xf8, 0x00, 0x00, 0x00, 0x0a, 0xec, 0x20, 0xdf, 0xf5, 0x00,
    0x00, 0x06, 0xff, 0xd0, 0x04, 0xff, 0xfa, 0x54, 0x6a, 0xff, 0xf4, 0x00, 0x04, 0xef, 0xff, 0xff,
    0xff, 0xe5, 0x00, 0x00, 0x01, 0x7c, 0xef, 0xec, 0x81, 0x00, 0x00, 0x00, 0x00, 0x2b, 0xec, 0x72,
    0x09, 0xf6, 0x00, 0x00, 0x00, 0x1d, 0xfd, 0xef, 0xfe, 0xfe, 0x20, 0x00, 0x00, 0x04, 0xfb, 0x00,
    0x6b, 0xec, 0x40, 0x00, 0x00, 0x00, 0x00, 0x00, 0x00, 0x00, 0x00, 0x00, 0x00, 0x00, 0x00, 0x00,
    0x00, 0x00, 0x00, 0x00, 0x00, 0x09, 0xff, 0xff, 0xff, 0xff, 0xff, 0xff, 0xff, 0xe0, 0x9f, 0xff,
    0xff, 0xff, 0xff, 0xff, 0xff, 0xfe, 0x09, 0xff, 0x98, 0x88, 0x88, 0x88, 0x88, 0x88, 0x70, 0x9f,
    0xf3, 0x00, 0x00, 0x00, 0x00, 0x00, 0x00, 0x09, 0xff, 0x30, 0x00, 0x00, 0x00, 0x00, 0x00, 0x00,
    0x9f, 0xf3, 0x00, 0x00, 0x00, 0x00, 0x00, 0x00, 0x09, 0xff, 0x30, 0x00, 0x00, 0x00, 0x00, 0x00,
    0x00, 0x9f, 0xf3, 0x00, 0x00, 0x00, 0x00, 0x00, 0x00, 0x09, 0xff, 0x30, 0x00, 0x00, 0x00, 0x00,
    0x00, 0x00, 0x9f, 0xff, 0xff, 0xff, 0xff, 0xff, 0xff, 0xf1, 0x09, 0xff, 0xff, 0xff, 0xff, 0xff,
    0xff, 0xff, 0x10, 0x9f, 0xf9, 0x88, 0x88, 0x88, 0x88, 0x88, 0x81, 0x09, 0xff, 0x30, 0x00, 0x00,
    0x00, 0x00, 0x00, 0x00, 0x9f, 0xf3, 0x00, 0x00, 0x00, 0x00, 0x00, 0x00, 0x09, 0xff, 0x30, 0x00,
    0x00, 0x00, 0x00, 0x00, 0x00, 0x9f, 0xf3, 0x00, 0x00, 0x00, 0x00, 0x00, 0x00, 0x09, 0xff, 0x30,
    0x00, 0x00, 0x00, 0x00, 0x00, 0x00, 0x9f, 0xf3, 0x00, 0x00, 0x00, 0x00, 0x00, 0x00, 0x09, 0xff,
    0x30, 0x00, 0x00, 0x00, 0x00, 0x00, 0x00, 0x9f, 0xf9, 0x88, 0x88, 0x88, 0x88, 0x88, 0x88, 0x39,
    0xff, 0xff, 0xff, 0xff, 0xff, 0xff, 0xff, 0xf6, 0x9f, 0xff, 0xff, 0xff, 0xff, 0xff, 0xff, 0xff,
    0x60, 0x00, 0x03, 0xbe, 0xc7, 0x20, 0xaf, 0x50, 0x00, 0x01, 0xef, 0xce, 0xff, 0xef, 0xe1, 0x00,
    0x00, 0x4f, 0xa0, 0x16, 0xbe, 0xc4, 0x00, 0x00, 0x00, 0x00, 0x00, 0x00, 0x00, 0x00, 0x00, 0x00,
    0x00, 0x00, 0x00, 0x00, 0x00, 0x00, 0x00, 0x00, 0x17, 0xce, 0xfd, 0xa4, 0x00, 0x00, 0x00, 0x3e,
    0xff, 0xff, 0xff, 0xfa, 0x00, 0x00, 0x3f, 0xff, 0xa5, 0x46, 0xcf, 0xfa, 0x00, 0x0d, 0xff, 0x60,
    0x00, 0x00, 0x9f, 0xf5, 0x05, 0xff, 0x90, 0x00, 0x00, 0x01, 0xef, 0xc0, 0x9f, 0xf3, 0x00, 0x00,
    0x00, 0x09, 0xff, 0x2c, 0xff, 0x44, 0x44, 0x44, 0x44, 0x8f, 0xf5, 0xdf, 0xff, 0xff, 0xff, 0xff,
    0xff, 0xff, 0x6d, 0xff, 0xff, 0xff, 0xff, 0xff, 0xff, 0xf6, 0xcf, 0xd0, 0x00, 0x00, 0x00, 0x00,
    0x00, 0x0a, 0xff, 0x10, 0x00, 0x00, 0x00, 0x00, 0x00, 0x5f, 0xf8, 0x00, 0x00, 0x00, 0x0a, 0xec,
    0x20, 0xdf, 0xf5, 0x00, 0x00, 0x06, 0xff, 0xd0, 0x04, 0xff, 0xfa, 0x54, 0x6a, 0xff, 0xf4, 0x00,
    0x04, 0xef, 0xff, 0xff, 0xff, 0xe5, 0x00, 0x00, 0x01, 0x7c, 0xef, 0xec, 0x81, 0x00, 0x00, 0x00,
    0x00, 0x00, 0x01, 0xcf, 0xd4, 0x00, 0x00, 0x00, 0x00, 0x00, 0x01, 0xce, 0x70, 0x00, 0x00, 0x00,
    0x00, 0x00, 0x00, 0x00, 0x00, 0x00, 0x00, 0x00, 0x00, 0x00, 0x00, 0x3d, 0xff, 0xe5, 0x00, 0x00,
    0x00, 0x00, 0x01, 0x9f, 0xc4, 0x2b, 0xfb, 0x20, 0x00, 0x00, 0x00, 0x00, 0x00, 0x00, 0x00, 0x00,
    0x00, 0x00, 0x9f, 0xff, 0xff, 0xff, 0xff, 0xff, 0xff, 0xfe, 0x09, 0xff, 0xff, 0xff, 0xff, 0xff,
    0xff, 0xff, 0xe0, 0x9f, 0xf9, 0x88, 0x88, 0x88, 0x88, 0x88, 0x87, 0x09, 0xff, 0x30, 0x00, 0x00,
    0x00, 0x00, 0x00, 0x00, 0x9f, 0xf3, 0x00, 0x00, 0x00, 0x00, 0x00, 0x00, 0x09, 0xff, 0x30, 0x00,
    0x00, 0x00, 0x00, 0x00, 0x00, 0x9f, 0xf3, 0x00, 0x00, 0x00, 0x00, 0x00, 0x00, 0x09, 0xff, 0x30,
    0x00, 0x00, 0x00, 0x00, 0x00, 0x00, 0x9f, 0xf3, 0x00, 0x00, 0x00, 0x00, 0x00, 0x00, 0x09, 0xff,
    0xff, 0xff, 0xff, 0xff, 0xff, 0xff, 0x10, 0x9f, 0xff, 0xff, 0xff, 0xff, 0xff, 0xff, 0xf1, 0x09,
    0xff, 0x98, 0x88, 0x88, 0x88, 0x88, 0x88, 0x10, 0x9f, 0xf3, 0x00, 0x00, 0x00, 0x00, 0x00, 0x00,
    0x09, 0xff, 0x30, 0x00, 0x00, 0x00, 0x00, 0x00, 0x00, 0x9f, 0xf3, 0x00, 0x00, 0x00, 0x00, 0x00,
    0x00, 0x09, 0xff, 0x30, 0x00, 0x00, 0x00, 0x00, 0x00, 0x00, 0x9f, 0xf3, 0x00, 0x00, 0x00, 0x00,
    0x00, 0x00, 0x09, 0xff, 0x30, 0x00, 0x00, 0x00, 0x00, 0x00, 0x00, 0x9f, 0xf3, 0x00, 0x00, 0x00,
    0x00, 0x00, 0x00, 0x09, 0xff, 0x98, 0x88, 0x88, 0x88, 0x88, 0x88, 0x83, 0x9f, 0xff, 0xff, 0xff,
    0xff, 0xff, 0xff, 0xff, 0x69, 0xff, 0xff, 0xff, 0xff, 0xff, 0xff, 0xff, 0xf6, 0x00, 0x00, 0x00,
    0x07, 0xff, 0xc1, 0x00, 0x00, 0x00, 0x00, 0x01, 0xef, 0xe2, 0x00, 0x00, 0x00, 0x00, 0x00, 0x7f,
    0xf3, 0x00, 0x00, 0x00, 0x00, 0x00, 0x1e, 0xf5, 0x00, 0x00, 0x00, 0x00, 0x00, 0x00, 0x00, 0x00,
    0x00, 0x00, 0x00, 0x00, 0x00, 0x9f, 0xfe, 0x20, 0x00, 0x00, 0x00, 0x00, 0x6f, 0xfd, 0xfc, 0x10,
    0x00, 0x00, 0x00, 0x3f, 0xfa, 0x2e, 0xfa, 0x00, 0x00, 0x00, 0x1d, 0xfe, 0x10, 0x6f, 0xf7, 0x00,
    0x00, 0x00, 0x00, 0x00, 0x00, 0x00, 0x00, 0x00, 0x00, 0x00, 0x00, 0x00, 0x00, 0x00, 0x00, 0x00,
    0x00, 0x17, 0xce, 0xfd, 0xa4, 0x00, 0x00, 0x00, 0x3e, 0xff, 0xff, 0xff, 0xfa, 0x00, 0x00, 0x3f,
    0xff, 0xa5, 0x46, 0xcf, 0xfa, 0x00, 0x0d, 0xff, 0x60, 0x00, 0x00, 0x9f, 0xf5, 0x05, 0xff, 0x90,
    0x00, 0x00, 0x01, 0xef, 0xc0, 0x9f, 0xf3, 0x00, 0x00, 0x00, 0x09, 0xff, 0x2c, 0xff, 0x44, 0x44,
    0x44, 0x44, 0x8f, 0xf5, 0xdf, 0xff, 0xff, 0xff, 0xff, 0xff, 0xff, 0x6d, 0xff, 0xff, 0xff, 0xff,
    0xff, 0xff, 0xf6, 0xcf, 0xd0, 0x00, 0x00, 0x00, 0x00, 0x00, 0x0a, 0xff, 0x10, 0x00, 0x00, 0x00,
    0x00, 0x00, 0x5f, 0xf8, 0x00, 0x00, 0x00, 0x0a, 0xec, 0x20, 0xdf, 0xf5, 0x00, 0x00, 0x06, 0xff,
    0xd0, 0x04, 0xff, 0xfa, 0x54, 0x6a, 0xff, 0xf4, 0x00, 0x04, 0xef, 0xff, 0xff, 0xff, 0xe5, 0x00,
    0x00, 0x01, 0x7c, 0xef, 0xec, 0x81, 0x00, 0x00, 0x00, 0x00, 0x2b, 0xfe, 0x20, 0x00, 0x00, 0x00,
    0x00, 0x00, 0x00, 0x05, 0xde, 0x20, 0x00, 0x00, 0x00, 0x00, 0x00, 0x00, 0x00, 0x00, 0x00, 0x00,
    0x00, 0x00, 0x00, 0x00, 0x3d, 0xff, 0xe5, 0x00, 0x00, 0x00, 0x00, 0x01, 0x9f, 0xc4, 0x2b, 0xfb,
    0x20, 0x00, 0x00, 0x00, 0x00, 0x00, 0x00, 0x00, 0x00, 0x00, 0x00, 0x9f, 0xff, 0xff, 0xff, 0xff,
    0xff, 0xff, 0xfe, 0x09, 0xff, 0xff, 0xff, 0xff, 0xff, 0xff, 0xff, 0xe0, 0x9f, 0xf9, 0x88, 0x88,
    0x88, 0x88, 0x88, 0x87, 0x09, 0xff, 0x30, 0x00, 0x00, 0x00, 0x00, 0x00, 0x00, 0x9f, 0xf3, 0x00,
    0x00, 0x00, 0x00, 0x00, 0x00, 0x09, 0xff, 0x30, 0x00, 0x00, 0x00, 0x00, 0x00, 0x00, 0x9f, 0xf3,
    0x00, 0x00, 0x00, 0x00, 0x00, 0x00, 0x09, 0xff, 0x30, 0x00, 0x00, 0x00, 0x00, 0x00, 0x00, 0x9f,
    0xf3, 0x00, 0x00, 0x00, 0x00, 0x00, 0x00, 0x09, 0xff, 0xff, 0xff, 0xff, 0xff, 0xff, 0xff, 0x10,
    0x9f, 0xff, 0xff, 0xff, 0xff, 0xff, 0xff, 0xf1, 0x09, 0xff, 0x98, 0x88, 0x88, 0x88, 0x88, 0x88,
    0x10, 0x9f, 0xf3, 0x00, 0x00, 0x00, 0x00, 0x00, 0x00, 0x09, 0xff, 0x30, 0x00, 0x00, 0x00, 0x00,
    0x00, 0x00, 0x9f, 0xf3, 0x00, 0x00, 0x00, 0x00, 0x00, 0x00, 0x09, 0xff, 0x30, 0x00, 0x00, 0x00,
    0x00, 0x00, 0x00, 0x9f, 0xf3, 0x00, 0x00, 0x00, 0x00, 0x00, 0x00, 0x09, 0xff, 0x30, 0x00, 0x00,
    0x00, 0x00, 0x00, 0x00, 0x9f, 0xf3, 0x00, 0x00, 0x00, 0x00, 0x00, 0x00, 0x09, 0xff, 0x98, 0x88,
    0x88, 0x88, 0x88, 0x88, 0x83, 0x9f, 0xff, 0xff, 0xff, 0xff, 0xff, 0xff, 0xff, 0x69, 0xff, 0xff,
    0xff, 0xff, 0xff, 0xff, 0xff, 0xf6, 0x00, 0x07, 0xff, 0xd0, 0x00, 0x00, 0x00, 0x00, 0x00, 0x0a,
    0xff, 0x50, 0x00, 0x00, 0x00, 0x00, 0x00, 0x0b, 0xfd, 0x00, 0x00, 0x00, 0x00, 0x00, 0x00, 0x1d,
    0xf5, 0x00, 0x00, 0x00, 0x00, 0x00, 0x00, 0x00, 0x00, 0x00, 0x00, 0x00, 0x00, 0x00, 0x9f, 0xfe,
    0x20, 0x00, 0x00, 0x00, 0x00, 0x6f, 0xfd, 0xfc, 0x10, 0x00, 0x00, 0x00, 0x3f, 0xfa, 0x2e, 0xfa,
    0x00, 0x00, 0x00, 0x1d, 0xfe, 0x10, 0x6f, 0xf7, 0x00, 0x00, 0x00, 0x00, 0x00, 0x00, 0x00, 0x00,
    0x00, 0x00, 0x00, 0x00, 0x00, 0x00, 0x00, 0x00, 0x00, 0x00, 0x17, 0xce, 0xfd, 0xa4, 0x00, 0x00,
    0x00, 0x3e, 0xff, 0xff, 0xff, 0xfa, 0x00, 0x00, 0x3f, 0xff, 0xa5, 0x46, 0xcf, 0xfa, 0x00, 0x0d,
    0xff, 0x60, 0x00, 0x00, 0x9f, 0xf5, 0x05, 0xff, 0x90, 0x00, 0x00, 0x01, 0xef, 0xc0, 0x9f, 0xf3,
    0x00, 0x00, 0x00, 0x09, 0xff, 0x2c, 0xff, 0x44, 0x44, 0x44, 0x44, 0x8f, 0xf5, 0xdf, 0xff, 0xff,
    0xff, 0xff, 0xff, 0xff, 0x6d, 0xff, 0xff, 0xff, 0xff, 0xff, 0xff, 0xf6, 0xcf, 0xd0, 0x00, 0x00,
    0x00, 0x00, 0x00, 0x0a, 0xff, 0x10, 0x00, 0x00, 0x00, 0x00, 0x00, 0x5f, 0xf8, 0x00, 0x00, 0x00,
    0x0a, 0xec, 0x20, 0xdf, 0xf5, 0x00, 0x00, 0x06, 0xff, 0xd0, 0x04, 0xff, 0xfa, 0x54, 0x6a, 0xff,
    0xf4, 0x00, 0x04, 0xef, 0xff, 0xff, 0xff, 0xe5, 0x00, 0x00, 0x01, 0x7c, 0xef, 0xec, 0x81, 0x00,
    0x00, 0x00, 0x00, 0x09, 0xff, 0xeb, 0x60, 0x00, 0x00, 0x00, 0x00, 0x00, 0x10, 0x16, 0xff, 0x20,
    0x00, 0x00, 0x00, 0x00, 0x00, 0x09, 0xfd, 0x80, 0x00, 0x00, 0x00, 0x00, 0x00, 0x3d, 0xff, 0xe5,
    0x00, 0x00, 0x00, 0x00, 0x01, 0x9f, 0xc4, 0x2b, 0xfb, 0x20, 0x00, 0x00, 0x00, 0x00, 0x00, 0x00,
    0x00, 0x00, 0x00, 0x00, 0x9f, 0xff, 0xff, 0xff, 0xff, 0xff, 0xff, 0xfe, 0x09, 0xff, 0xff, 0xff,
    0xff, 0xff, 0xff, 0xff, 0xe0, 0x9f, 0xf9, 0x88, 0x88, 0x88, 0x88, 0x88, 0x87, 0x09, 0xff, 0x30,
    0x00, 0x00, 0x00, 0x00, 0x00, 0x00, 0x9f, 0xf3, 0x00, 0x00, 0x00, 0x00, 0x00, 0x00, 0x09, 0xff,
    0x30, 0x00, 0x00, 0x00, 0x00, 0x00, 0x00, 0x9f, 0xf3, 0x00, 0x00, 0x00, 0x00, 0x00, 0x00, 0x09,
    0xff, 0x30, 0x00, 0x00, 0x00, 0x00, 0x00, 0x00, 0x9f, 0xf3, 0x00, 0x00, 0x00, 0x00, 0x00, 0x00,
    0x09, 0xff, 0xff, 0xff, 0xff, 0xff, 0xff, 0xff, 0x10, 0x9f, 0xff, 0xff, 0xff, 0xff, 0xff, 0xff,
    0xf1, 0x09, 0xff, 0x98, 0x88, 0x88, 0x88, 0x88, 0x88, 0x10, 0x9f, 0xf3, 0x00, 0x00, 0x00, 0x00,
    0x00, 0x00, 0x09, 0xff, 0x30, 0x00, 0x00, 0x00, 0x00, 0x00, 0x00, 0x9f, 0xf3, 0x00, 0x00, 0x00,
    0x00, 0x00, 0x00, 0x09, 0xff, 0x30, 0x00, 0x00, 0x00, 0x00, 0x00, 0x00, 0x9f, 0xf3, 0x00, 0x00,
    0x00, 0x00, 0x00, 0x00, 0x09, 0xff, 0x30, 0x00, 0x00, 0x00, 0x00, 0x00, 0x00, 0x9f, 0xf3, 0x00,
    0x00, 0x00, 0x00, 0x00, 0x00, 0x09, 0xff, 0x98, 0x88, 0x88, 0x88, 0x88, 0x88, 0x83, 0x9f, 0xff,
    0xff, 0xff, 0xff, 0xff, 0xff, 0xff, 0x69, 0xff, 0xff, 0xff, 0xff, 0xff, 0xff, 0xff, 0xf6, 0x00,
    0x00, 0x7f, 0xfe, 0xb5, 0x00, 0x00, 0x00, 0x00, 0x00, 0x01, 0x4e, 0xf7, 0x00, 0x00, 0x00, 0x00,
    0x00, 0x03, 0xdf, 0xa0, 0x00, 0x00, 0x00, 0x00, 0x08, 0xfe, 0xa2, 0x00, 0x00, 0x00, 0x00, 0x00,
    0x8f, 0x10, 0x00, 0x00, 0x00, 0x00, 0x00, 0x00, 0x00, 0x00, 0x00, 0x00, 0x00, 0x00, 0x09, 0xff,
    0xe2, 0x00, 0x00, 0x00, 0x00, 0x06, 0xff, 0xdf, 0xc1, 0x00, 0x00, 0x00, 0x03, 0xff, 0xa2, 0xef,
    0xa0, 0x00, 0x00, 0x01, 0xdf, 0xe1, 0x06, 0xff, 0x70, 0x00, 0x00, 0x00, 0x00, 0x00, 0x00, 0x00,
    0x00, 0x00, 0x00, 0x00, 0x00, 0x00, 0x00, 0x00, 0x00, 0x00, 0x01, 0x7c, 0xef, 0xda, 0x40, 0x00,
    0x00, 0x03, 0xef, 0xff, 0xff, 0xff, 0xa0, 0x00, 0x03, 0xff, 0xfa, 0x54, 0x6c, 0xff, 0xa0, 0x00,
    0xdf, 0xf6, 0x00, 0x00, 0x09, 0xff, 0x50, 0x5f, 0xf9, 0x00, 0x00, 0x00, 0x1e, 0xfc, 0x09, 0xff,
    0x30, 0x00, 0x00, 0x00, 0x9f, 0xf2, 0xcf, 0xf4, 0x44, 0x44, 0x44, 0x48, 0xff, 0x5d, 0xff, 0xff,
    0xff, 0xff, 0xff, 0xff, 0xf6, 0xdf, 0xff, 0xff, 0xff, 0xff, 0xff, 0xff, 0x6c, 0xfd, 0x00, 0x00,
    0x00, 0x00, 0x00, 0x00, 0xaf, 0xf1, 0x00, 0x00, 0x00, 0x00, 0x00, 0x05, 0xff, 0x80, 0x00, 0x00,
    0x00, 0xae, 0xc2, 0x0d, 0xff, 0x50, 0x00, 0x00, 0x6f, 0xfd, 0x00, 0x4f, 0xff, 0xa5, 0x46, 0xaf,
    0xff, 0x40, 0x00, 0x4e, 0xff, 0xff, 0xff, 0xfe, 0x50, 0x00, 0x00, 0x17, 0xce, 0xfe, 0xc8, 0x10,
    0x00, 0x00, 0x01, 0xae, 0xeb, 0x62, 0x1a, 0xd0, 0x00, 0x00, 0x00, 0xac, 0x11, 0x5a, 0xee, 0xc4,
    0x00, 0x00, 0x00, 0x00, 0x00, 0x00, 0x00, 0x00, 0x00, 0x00, 0x00, 0x00, 0x00, 0x3d, 0xff, 0xe5,
    0x00, 0x00, 0x00, 0x00, 0x01, 0x9f, 0xc4, 0x2b, 0xfb, 0x20, 0x00, 0x00, 0x00, 0x00, 0x00, 0x00,
    0x00, 0x00, 0x00, 0x00, 0x9f, 0xff, 0xff, 0xff, 0xff, 0xff, 0xff, 0xfe, 0x09, 0xff, 0xff, 0xff,
    0xff, 0xff, 0xff, 0xff, 0xe0, 0x9f, 0xf9, 0x88, 0x88, 0x88, 0x88, 0x88, 0x87, 0x09, 0xff, 0x30,
    0x00, 0x00, 0x00, 0x00, 0x00, 0x00, 0x9f, 0xf3, 0x00, 0x00, 0x00, 0x00, 0x00, 0x00, 0x09, 0xff,
    0x30, 0x00, 0x00, 0x00, 0x00, 0x00, 0x00, 0x9f, 0xf3, 0x00, 0x00, 0x00, 0x00, 0x00, 0x00, 0x09,
    0xff, 0x30, 0x00, 0x00, 0x00, 0x00, 0x00, 0x00, 0x9f, 0xf3, 0x00, 0x00, 0x00, 0x00, 0x00, 0x00,
    0x09, 0xff, 0xff, 0xff, 0xff, 0xff, 0xff, 0xff, 0x10, 0x9f, 0xff, 0xff, 0xff, 0xff, 0xff, 0xff,
    0xf1, 0x09, 0xff, 0x98, 0x88, 0x88, 0x88, 0x88, 0x88, 0x10, 0x9f, 0xf3, 0x00, 0x00, 0x00, 0x00,
    0x00, 0x00, 0x09, 0xff, 0x30, 0x00, 0x00, 0x00, 0x00, 0x00, 0x00, 0x9f, 0xf3, 0x00, 0x00, 0x00,
    0x00, 0x00, 0x00, 0x09, 0xff, 0x30, 0x00, 0x00, 0x00, 0x00, 0x00, 0x00, 0x9f, 0xf3, 0x00, 0x00,
    0x00, 0x00, 0x00, 0x00, 0x09, 0xff, 0x30, 0x00, 0x00, 0x00, 0x00, 0x00, 0x00, 0x9f, 0xf3, 0x00,
    0x00, 0x00, 0x00, 0x00, 0x00, 0x09, 0xff, 0x98, 0x88, 0x88, 0x88, 0x88, 0x88, 0x83, 0x9f, 0xff,
    0xff, 0xff, 0xff, 0xff, 0xff, 0xff, 0x69, 0xff, 0xff, 0xff, 0xff, 0xff, 0xff, 0xff, 0xf6, 0x00,
    0x05, 0xde, 0xc7, 0x22, 0xef, 0x20, 0x00, 0x03, 0xff, 0xff, 0xff, 0xff, 0xd0, 0x00, 0x00, 0x8f,
    0x81, 0x49, 0xde, 0xc3, 0x00, 0x00, 0x00, 0x00, 0x00, 0x00, 0x00, 0x00, 0x00, 0x00, 0x00, 0x09,
    0xff, 0xe2, 0x00, 0x00, 0x00, 0x00, 0x06, 0xff, 0xdf, 0xc1, 0x00, 0x00, 0x00, 0x03, 0xff, 0xa2,
    0xef, 0xa0, 0x00, 0x00, 0x01, 0xdf, 0xe1, 0x06, 0xff, 0x70, 0x00, 0x00, 0x00, 0x00, 0x00, 0x00,
    0x00, 0x00, 0x00, 0x00, 0x00, 0x00, 0x00, 0x00, 0x00, 0x00, 0x00, 0x01, 0x7c, 0xef, 0xda, 0x40,
    0x00, 0x00, 0x03, 0xef, 0xff, 0xff, 0xff, 0xa0, 0x00, 0x03, 0xff, 0xfa, 0x54, 0x6c, 0xff, 0xa0,
    0x00, 0xdf, 0xf6, 0x00, 0x00, 0x09, 0xff, 0x50, 0x5f, 0xf9, 0x00, 0x00, 0x00, 0x1e, 0xfc, 0x09,
    0xff, 0x30, 0x00, 0x00, 0x00, 0x9f, 0xf2, 0xcf, 0xf4, 0x44, 0x44, 0x44, 0x48, 0xff, 0x5d, 0xff,
    0xff, 0xff, 0xff, 0xff, 0xff, 0xf6, 0xdf, 0xff, 0xff, 0xff, 0xff, 0xff, 0xff, 0x6c, 0xfd, 0x00,
    0x00, 0x00, 0x00, 0x00, 0x00, 0xaf, 0xf1, 0x00, 0x00, 0x00, 0x00, 0x00, 0x05, 0xff, 0x80, 0x00,
    0x00, 0x00, 0xae, 0xc2, 0x0d, 0xff, 0x50, 0x00, 0x00, 0x6f, 0xfd, 0x00, 0x4f, 0xff, 0xa5, 0x46,
    0xaf, 0xff, 0x40, 0x00, 0x4e, 0xff, 0xff, 0xff, 0xfe, 0x50, 0x00, 0x00, 0x17, 0xce, 0xfe, 0xc8,
    0x10, 0x00, 0x00, 0x00, 0x03, 0xdf, 0xfe, 0x50, 0x00, 0x00, 0x00, 0x00, 0x19, 0xfc, 0x42, 0xbf,
    0xb2, 0x00, 0x00, 0x00, 0x00, 0x00, 0x00, 0x00, 0x00, 0x00, 0x00, 0x09, 0xff, 0xff, 0xff, 0xff,
    0xff, 0xff, 0xff, 0xe0, 0x9f, 0xff, 0xff, 0xff, 0xff, 0xff, 0xff, 0xfe, 0x09, 0xff, 0x98, 0x88,
    0x88, 0x88, 0x88, 0x88, 0x70, 0x9f, 0xf3, 0x00, 0x00, 0x00, 0x00, 0x00, 0x00, 0x09, 0xff, 0x30,
    0x00, 0x00, 0x00, 0x00, 0x00, 0x00, 0x9f, 0xf3, 0x00, 0x00, 0x00, 0x00, 0x00, 0x00, 0x09, 0xff,
    0x30, 0x00, 0x00, 0x00, 0x00, 0x00, 0x00, 0x9f, 0xf3, 0x00, 0x00, 0x00, 0x00, 0x00, 0x00, 0x09,
    0xff, 0x30, 0x00, 0x00, 0x00, 0x00, 0x00, 0x00, 0x9f, 0xff, 0xff, 0xff, 0xff, 0xff, 0xff, 0xf1,
    0x09, 0xff, 0xff, 0xff, 0xff, 0xff, 0xff, 0xff, 0x10, 0x9f, 0xf9, 0x88, 0x88, 0x88, 0x88, 0x88,
    0x81, 0x09, 0xff, 0x30, 0x00, 0x00, 0x00, 0x00, 0x00, 0x00, 0x9f, 0xf3, 0x00, 0x00, 0x00, 0x00,
    0x00, 0x00, 0x09, 0xff, 0x30, 0x00, 0x00, 0x00, 0x00, 0x00, 0x00, 0x9f, 0xf3, 0x00, 0x00, 0x00,
    0x00, 0x00, 0x00, 0x09, 0xff, 0x30, 0x00, 0x00, 0x00, 0x00, 0x00, 0x00, 0x9f, 0xf3, 0x00, 0x00,
    0x00, 0x00, 0x00, 0x00, 0x09, 0xff, 0x30, 0x00, 0x00, 0x00, 0x00, 0x00, 0x00, 0x9f, 0xf9, 0x88,
    0x88, 0x88, 0x88, 0x88, 0x88, 0x39, 0xff, 0xff, 0xff, 0xff, 0xff, 0xff, 0xff, 0xf6, 0x9f, 0xff,
    0xff, 0xff, 0xff, 0xff, 0xff, 0xff, 0x60, 0x00, 0x00, 0x00, 0x00, 0x00, 0x00, 0x00, 0x00, 0x00,
    0x00, 0x00, 0x00, 0x00, 0x00, 0x00, 0x00, 0x00, 0x00, 0x00, 0x02, 0xff, 0xd0, 0x00, 0x00, 0x00,
    0x00, 0x00, 0x00, 0x2f, 0xfd, 0x00, 0x00, 0x00, 0x00, 0x00, 0x00, 0x02, 0xff, 0xd0, 0x00, 0x00,
    0x00, 0x00, 0x00, 0x09, 0xff, 0xe2, 0x00, 0x00, 0x00, 0x00, 0x06, 0xff, 0xdf, 0xc1, 0x00, 0x00,
    0x00, 0x03, 0xff, 0xa2, 0xef, 0xa0, 0x00, 0x00, 0x01, 0xdf, 0xe1, 0x06, 0xff, 0x70, 0x00, 0x00,
    0x00, 0x00, 0x00, 0x00, 0x00, 0x00, 0x00, 0x00, 0x17, 0xce, 0xfd, 0xa4, 0x00, 0x00, 0x00, 0x3e,
    0xff, 0xff, 0xff, 0xfa, 0x00, 0x00, 0x3f, 0xff, 0xa5, 0x46, 0xcf, 0xfa, 0x00, 0x0d, 0xff, 0x60,
    0x00, 0x00, 0x9f, 0xf5, 0x05, 0xff, 0x90, 0x00, 0x00, 0x01, 0xef, 0xc0, 0x9f, 0xf3, 0x00, 0x00,
    0x00, 0x09, 0xff, 0x2c, 0xff, 0x44, 0x44, 0x44, 0x44, 0x8f, 0xf5, 0xdf, 0xff, 0xff, 0xff, 0xff,
    0xff, 0xff, 0x6d, 0xff, 0xff, 0xff, 0xff, 0xff, 0xff, 0xf6, 0xcf, 0xd0, 0x00, 0x00, 0x00, 0x00,
    0x00, 0x0a, 0xff, 0x10, 0x00, 0x00, 0x00, 0x00, 0x00, 0x5f, 0xf8, 0x00, 0x00, 0x00, 0x0a, 0xec,
    0x20, 0xdf, 0xf5, 0x00, 0x00, 0x06, 0xff, 0xd0, 0x04, 0xff, 0xfa, 0x54, 0x6a, 0xff, 0xf4, 0x00,
    0x04, 0xef, 0xff, 0xff, 0xff, 0xe5, 0x00, 0x00, 0x01, 0x7c, 0xef, 0xec, 0x81, 0x00, 0x00, 0x00,
    0x00, 0x00, 0x00, 0x00, 0x00, 0x00, 0x00, 0x00, 0x00, 0x00, 0x00, 0x00, 0x00, 0x00, 0x00, 0x00,
    0x0f, 0xff, 0x00, 0x00, 0x00, 0x00, 0x00, 0x00, 0xff, 0xf0, 0x00, 0x00, 0x00, 0x00, 0x00, 0x0f,
    0xff, 0x00, 0x00, 0x00, 0x7f, 0xfe, 0xb5, 0x00, 0x01, 0x4d, 0xf8, 0x00, 0x03, 0xdf, 0xa0, 0x08,
    0xfe, 0xa2, 0x00, 0x8f, 0x20, 0x00, 0x00, 0x00, 0x00, 0x03, 0xff, 0xa0, 0x00, 0x3f, 0xfa, 0x00,
    0x03, 0xff, 0xa0, 0x00, 0x3f, 0xfa, 0x00, 0x03, 0xff, 0xa0, 0x00, 0x3f, 0xfa, 0x00, 0x03, 0xff,
    0xa0, 0x00, 0x3f, 0xfa, 0x00, 0x03, 0xff, 0xa0, 0x00, 0x3f, 0xfa, 0x00, 0x03, 0xff, 0xa0, 0x00,
    0x3f, 0xfa, 0x00, 0x03, 0xff, 0xa0, 0x00, 0x3f, 0xfa, 0x00, 0x03, 0xff, 0xa0, 0x00, 0x3f, 0xfa,
    0x00, 0x03, 0xff, 0xa0, 0x00, 0x3f, 0xfa, 0x00, 0x03, 0xff, 0xa0, 0x00, 0x3f, 0xfa, 0x00, 0x03,
    0xff, 0xa0, 0x00, 0x3f, 0xfa, 0x00, 0x7f, 0xfe, 0xb7, 0x00, 0x01, 0x3d, 0xf9, 0x00, 0x03, 0xdf,
    0xa0, 0x08, 0xfe, 0xa2, 0x00, 0x8f, 0x20, 0x00, 0x00, 0x00, 0x00, 0x00, 0x00, 0x00, 0x00, 0x0f,
    0xf9, 0x00, 0x00, 0xff, 0x90, 0x00, 0x0f, 0xf9, 0x00, 0x00, 0xff, 0x90, 0x00, 0x0f, 0xf9, 0x00,
    0x00, 0xff, 0x90, 0x00, 0x0f, 0xf9, 0x00, 0x00, 0xff, 0x90, 0x00, 0x0f, 0xf9, 0x00, 0x00, 0xff,
    0x90, 0x00, 0x0f, 0xf9, 0x00, 0x00, 0xff, 0x90, 0x00, 0x0f, 0xf9, 0x00, 0x00, 0xff, 0x90, 0x00,
    0x0f, 0xf9, 0x00, 0x00, 0xff, 0x90, 0x00, 0x3f, 0xfa, 0x3f, 0xfa, 0x3f, 0xfa, 0x3f, 0xfa, 0x3f,
    0xfa, 0x3f, 0xfa, 0x3f, 0xfa, 0x3f, 0xfa, 0x3f, 0xfa, 0x3f, 0xfa, 0x3f, 0xfa, 0x3f, 0xfa, 0x3f,
    0xfa, 0x3f, 0xfa, 0x3f, 0xfa, 0x3f, 0xfa, 0x3f, 0xfa, 0x3f, 0xfa, 0x3f, 0xfa, 0x3f, 0xfa, 0x3f,
    0xfa, 0x3f, 0xfa, 0x00, 0x00, 0x00, 0x00, 0x4f, 0xfb, 0x4f, 0xfb, 0x4f, 0xfb, 0x0f, 0xf9, 0x0f,
    0xf9, 0x0f, 0xf9, 0x00, 0x00, 0x00, 0x00, 0x00, 0x00, 0x0f, 0xf9, 0x0f, 0xf9, 0x0f, 0xf9, 0x0f,
    0xf9, 0x0f, 0xf9, 0x0f, 0xf9, 0x0f, 0xf9, 0x0f, 0xf9, 0x0f, 0xf9, 0x0f, 0xf9, 0x0f, 0xf9, 0x0f,
    0xf9, 0x0f, 0xf9, 0x0f, 0xf9, 0x0f, 0xf9, 0x0f, 0xf9, 0x00, 0x00, 0x00, 0x00, 0x3f, 0xfc, 0x3f,
    0xfc, 0x3f, 0xfc, 0x00, 0x00, 0x00, 0x38, 0xcd, 0xfe, 0xda, 0x50, 0x00, 0x00, 0x00, 0x00, 0x02,
    0xaf, 0xff, 0xff, 0xff, 0xff, 0xd5, 0x00, 0x00, 0x00, 0x03, 0xef, 0xfe, 0x96, 0x45, 0x7c, 0xff,
    0xf8, 0x00, 0x00, 0x02, 0xef, 0xf9, 0x10, 0x00, 0x00, 0x05, 0xef, 0xf8, 0x00, 0x00, 0xcf, 0xf7,
    0x00, 0x00, 0x00, 0x00, 0x03, 0xef, 0xf4, 0x00, 0x5f, 0xfa, 0x00, 0x00, 0x00, 0x00, 0x00, 0x06,
    0xff, 0xc0, 0x0c, 0xff, 0x30, 0x00, 0x00, 0x00, 0x00, 0x00, 0x0c, 0xff, 0x31, 0xff, 0xd0, 0x00,
    0x00, 0x00, 0x00, 0x00, 0x00, 0x7f, 0xf8, 0x4f, 0xf9, 0x00, 0x00, 0x00, 0x00, 0x00, 0x00, 0x03,
    0xff, 0xb6, 0xff, 0x70, 0x00, 0x00, 0x00, 0x00, 0x00, 0x00, 0x1f, 0xfd, 0x7f, 0xf6, 0x00, 0x00,
    0x00, 0x00, 0x00, 0x00, 0x00, 0xff, 0xe8, 0xff, 0x60, 0x00, 0x00, 0x00, 0x00, 0x00, 0x00, 0x0f,
    0xfe, 0x7f, 0xf7, 0x00, 0x00, 0x00, 0x00, 0x00, 0x00, 0x01, 0xff, 0xd5, 0xff, 0x90, 0x00, 0x00,
    0x00, 0x00, 0x00, 0x00, 0x3f, 0xfb, 0x2f, 0xfc, 0x00, 0x00, 0x00, 0x00, 0x00, 0x00, 0x06, 0xff,
    0x80, 0xcf, 0xf3, 0x00, 0x00, 0x00, 0x00, 0x00, 0x00, 0xcf, 0xf3, 0x05, 0xff, 0xb0, 0x00, 0x00,
    0x00, 0x00, 0x00, 0x5f, 0xfc, 0x00, 0x0c, 0xff, 0x80, 0x00, 0x00, 0x00, 0x00, 0x2e, 0xff, 0x40,
    0x00, 0x2e, 0xff, 0x91, 0x00, 0x00, 0x00, 0x5e, 0xff, 0x80, 0x00, 0x00, 0x3e, 0xff, 0xe9, 0x54,
    0x57, 0xcf, 0xff, 0x90, 0x00, 0x00, 0x00, 0x1a, 0xff, 0xff, 0xff, 0xff, 0xfd, 0x50, 0x00, 0x00,
    0x00, 0x00, 0x02, 0x8c, 0xef, 0xed, 0xa5, 0x00, 0x00, 0x00, 0x00, 0x00, 0x00, 0x00, 0x00, 0x00,
    0x00, 0x00, 0x00, 0x00, 0x00, 0x00, 0x00, 0x00, 0x00, 0x00, 0x00, 0x00, 0x00, 0x00, 0x00, 0x00,
    0x00, 0x00, 0x00, 0x0e, 0xff, 0x10, 0x00, 0x00, 0x00, 0x00, 0x00, 0x00, 0x00, 0x00, 0xef, 0xf1,
    0x00, 0x00, 0x00, 0x00, 0x00, 0x00, 0x00, 0x00, 0x0e, 0xff, 0x10, 0x00, 0x00, 0x00, 0x00, 0x00,
    0x01, 0x7c, 0xef, 0xda, 0x50, 0x00, 0x00, 0x05, 0xef, 0xff, 0xff, 0xff, 0xb1, 0x00, 0x05, 0xff,
    0xfa, 0x54, 0x6d, 0xff, 0xc1, 0x01, 0xef, 0xf4, 0x00, 0x00, 0x0a, 0xff, 0x80, 0x7f, 0xf7, 0x00,
    0x00, 0x00, 0x1d, 0xfe, 0x1b, 0xff, 0x10, 0x00, 0x00, 0x00, 0x7f, 0xf5, 0xdf, 0xc0, 0x00, 0x00,
    0x00, 0x04, 0xff, 0x7e, 0xfb, 0x00, 0x00, 0x00, 0x00, 0x2f, 0xf8, 0xff, 0xb0, 0x00, 0x00, 0x00,
    0x03, 0xff, 0x8d, 0xfc, 0x00, 0x00, 0x00, 0x00, 0x4f, 0xf7, 0xbf, 0xf1, 0x00, 0x00, 0x00, 0x07,
    0xff, 0x57, 0xff, 0x70, 0x00, 0x00, 0x01, 0xdf, 0xf1, 0x1e, 0xfe, 0x40, 0x00, 0x00, 0xaf, 0xf9,
    0x00, 0x5f, 0xff, 0x95, 0x46, 0xdf, 0xfd, 0x10, 0x00, 0x5e, 0xff, 0xff, 0xff, 0xfb, 0x10, 0x00,
    0x00, 0x18, 0xce, 0xfd, 0xa4, 0x00, 0x00, 0x00, 0x00, 0x00, 0x00, 0x00, 0x00, 0x00, 0x00, 0x00,
    0x00, 0x00, 0x00, 0x00, 0x00, 0x00, 0x00, 0x00, 0x05, 0xff, 0xa0, 0x00, 0x00, 0x00, 0x00, 0x00,
    0x5f, 0xfa, 0x00, 0x00, 0x00, 0x00, 0x00, 0x05, 0xff, 0xa0, 0x00, 0x00, 0x00, 0x00, 0x00, 0x00,
    0x00, 0xef, 0xed, 0x82, 0x00, 0x00, 0x00, 0x00, 0x00, 0x00, 0x00, 0x00, 0x02, 0x9f, 0xe1, 0x00,
    0x00, 0x00, 0x00, 0x00, 0x00, 0x00, 0x00, 0x18, 0xff, 0x30, 0x00, 0x00, 0x00, 0x00, 0x00, 0x00,
    0x00, 0x0f, 0xfc, 0x60, 0x00, 0x00, 0x00, 0x00, 0x00, 0x00, 0x00, 0x00, 0xf9, 0x00, 0x00, 0x00,
    0x00, 0x00, 0x00, 0x00, 0x00, 0x00, 0x00, 0x00, 0x00, 0x00, 0x00, 0x00, 0x00, 0x00, 0x00, 0x38,
    0xcd, 0xfe, 0xda, 0x50, 0x00, 0x00, 0x00, 0x00, 0x02, 0xaf, 0xff, 0xff, 0xff, 0xff, 0xd5, 0x00,
    0x00, 0x00, 0x03, 0xef, 0xfe, 0x96, 0x45, 0x7c, 0xff, 0xf8, 0x00, 0x00, 0x02, 0xef, 0xf9, 0x10,
    0x00, 0x00, 0x05, 0xef, 0xf8, 0x00, 0x00, 0xcf, 0xf7, 0x00, 0x00, 0x00, 0x00, 0x03, 0xef, 0xf4,
    0x00, 0x5f, 0xfa, 0x00, 0x00, 0x00, 0x00, 0x00, 0x06, 0xff, 0xc0, 0x0c, 0xff, 0x30, 0x00, 0x00,
    0x00, 0x00, 0x00, 0x0c, 0xff, 0x31, 0xff, 0xd0, 0x00, 0x00, 0x00, 0x00, 0x00, 0x00, 0x7f, 0xf8,
    0x4f, 0xf9, 0x00, 0x00, 0x00, 0x00, 0x00, 0x00, 0x03, 0xff, 0xb6, 0xff, 0x70, 0x00, 0x00, 0x00,
    0x00, 0x00, 0x00, 0x1f, 0xfd, 0x7f, 0xf6, 0x00, 0x00, 0x00, 0x00, 0x00, 0x00, 0x00, 0xff, 0xe8,
    0xff, 0x60, 0x00, 0x00, 0x00, 0x00, 0x00, 0x00, 0x0f, 0xfe, 0x7f, 0xf7, 0x00, 0x00, 0x00, 0x00,
    0x00, 0x00, 0x01, 0xff, 0xd5, 0xff, 0x90, 0x00, 0x00, 0x00, 0x00, 0x00, 0x00, 0x3f, 0xfb, 0x2f,
    0xfc, 0x00, 0x00, 0x00, 0x00, 0x00, 0x00, 0x06, 0xff, 0x80, 0xcf, 0xf3, 0x00, 0x00, 0x00, 0x00,
    0x00, 0x00, 0xcf, 0xf3, 0x05, 0xff, 0xb0, 0x00, 0x00, 0x00, 0x00, 0x00, 0x5f, 0xfc, 0x00, 0x0c,
    0xff, 0x80, 0x00, 0x00, 0x00, 0x00, 0x2e, 0xff, 0x40, 0x00, 0x2e, 0xff, 0x91, 0x00, 0x00, 0x00,
    0x5e, 0xff, 0x80, 0x00, 0x00, 0x3e, 0xff, 0xe9, 0x54, 0x57, 0xcf, 0xff, 0x90, 0x00, 0x00, 0x00,
    0x1a, 0xff, 0xff, 0xff, 0xff, 0xfd, 0x50, 0x00, 0x00, 0x00, 0x00, 0x02, 0x8c, 0xef, 0xed, 0xa5,
    0x00, 0x00, 0x00, 0x00, 0x00, 0x5f, 0xfe, 0xc7, 0x10, 0x00, 0x00, 0x00, 0x00, 0x00, 0x3c, 0xfb,
    0x00, 0x00, 0x00, 0x00, 0x00, 0x02, 0xcf, 0xc0, 0x00, 0x00, 0x00, 0x00, 0x06, 0xfe, 0xb3, 0x00,
    0x00, 0x00, 0x00, 0x00, 0x6f, 0x40, 0x00, 0x00, 0x00, 0x00, 0x00, 0x00, 0x00, 0x00, 0x00, 0x00,
    0x00, 0x00, 0x00, 0x00, 0x00, 0x00, 0x00, 0x00, 0x00, 0x17, 0xce, 0xfd, 0xa5, 0x00, 0x00, 0x00,
    0x5e, 0xff, 0xff, 0xff, 0xfb, 0x10, 0x00, 0x5f, 0xff, 0xa5, 0x46, 0xdf, 0xfc, 0x10, 0x1e, 0xff,
    0x40, 0x00, 0x00, 0xaf, 0xf8, 0x07, 0xff, 0x70, 0x00, 0x00, 0x01, 0xdf, 0xe1, 0xbf, 0xf1, 0x00,
    0x00, 0x00, 0x07, 0xff, 0x5d, 0xfc, 0x00, 0x00, 0x00, 0x00, 0x4f, 0xf7, 0xef, 0xb0, 0x00, 0x00,
    0x00, 0x02, 0xff, 0x8f, 0xfb, 0x00, 0x00, 0x00, 0x00, 0x3f, 0xf8, 0xdf, 0xc0, 0x00, 0x00, 0x00,
    0x04, 0xff, 0x7b, 0xff, 0x10, 0x00, 0x00, 0x00, 0x7f, 0xf5, 0x7f, 0xf7, 0x00, 0x00, 0x00, 0x1d,
    0xff, 0x11, 0xef, 0xe4, 0x00, 0x00, 0x0a, 0xff, 0x90, 0x05, 0xff, 0xf9, 0x54, 0x6d, 0xff, 0xd1,
    0x00, 0x05, 0xef, 0xff, 0xff, 0xff, 0xb1, 0x00, 0x00, 0x01, 0x8c, 0xef, 0xda, 0x40, 0x00, 0x00,
    0x00, 0x00, 0x00, 0x00, 0x00, 0x3e, 0xfa, 0x20, 0x00, 0x00, 0x00, 0x00, 0x00, 0x00, 0x00, 0x3e,
    0xd4, 0x00, 0x00, 0x00, 0x00, 0x00, 0x00, 0x00, 0x00, 0x00, 0x00, 0x00, 0x00, 0x00, 0x00, 0x00,
    0x00, 0x00, 0x00, 0x07, 0xef, 0xfc, 0x20, 0x00, 0x00, 0x00, 0x00, 0x00, 0x00, 0x3c, 0xf9, 0x25,
    0xdf, 0x70, 0x00, 0x00, 0x00, 0x00, 0x00, 0x00, 0x00, 0x00, 0x00, 0x00, 0x00, 0x00, 0x00, 0x00,
    0x00, 0x00, 0x38, 0xcd, 0xfe, 0xda, 0x50, 0x00, 0x00, 0x00, 0x00, 0x02, 0xaf, 0xff, 0xff, 0xff,
    0xff, 0xd5, 0x00, 0x00, 0x00, 0x03, 0xef, 0xfe, 0x96, 0x45, 0x7c, 0xff, 0xf8, 0x00, 0x00, 0x02,
    0xef, 0xf9, 0x10, 0x00, 0x00, 0x05, 0xef, 0xf8, 0x00, 0x00, 0xcf, 0xf7, 0x00, 0x00, 0x00, 0x00,
    0x03, 0xef, 0xf4, 0x00, 0x5f, 0xfa, 0x00, 0x00, 0x00, 0x00, 0x00, 0x06, 0xff, 0xc0, 0x0c, 0xff,
    0x30, 0x00, 0x00, 0x00, 0x00, 0x00, 0x0c, 0xff, 0x31, 0xff, 0xd0, 0x00, 0x00, 0x00, 0x00, 0x00,
    0x00, 0x7f, 0xf8, 0x4f, 0xf9, 0x00, 0x00, 0x00, 0x00, 0x00, 0x00, 0x03, 0xff, 0xb6, 0xff, 0x70,
    0x00, 0x00, 0x00, 0x00, 0x00, 0x00, 0x1f, 0xfd, 0x7f, 0xf6, 0x00, 0x00, 0x00, 0x00, 0x00, 0x00,
    0x00, 0xff, 0xe8, 0xff, 0x60, 0x00, 0x00, 0x00, 0x00, 0x00, 0x00, 0x0f, 0xfe, 0x7f, 0xf7, 0x00,
    0x00, 0x00, 0x00, 0x00, 0x00, 0x01, 0xff, 0xd5, 0xff, 0x90, 0x00, 0x00, 0x00, 0x00, 0x00, 0x00,
    0x3f, 0xfb, 0x2f, 0xfc, 0x00, 0x00, 0x00, 0x00, 0x00, 0x00, 0x06, 0xff, 0x80, 0xcf, 0xf3, 0x00,
    0x00, 0x00, 0x00, 0x00, 0x00, 0xcf, 0xf3, 0x05, 0xff, 0xb0, 0x00, 0x00, 0x00, 0x00, 0x00, 0x5f,
    0xfc, 0x00, 0x0c, 0xff, 0x80, 0x00, 0x00, 0x00, 0x00, 0x2e, 0xff, 0x40, 0x00, 0x2e, 0xff, 0x91,
    0x00, 0x00, 0x00, 0x5e, 0xff, 0x80, 0x00, 0x00, 0x3e, 0xff, 0xe9, 0x54, 0x57, 0xcf, 0xff, 0x90,
    0x00, 0x00, 0x00, 0x1a, 0xff, 0xff, 0xff, 0xff, 0xfd, 0x50, 0x00, 0x00, 0x00, 0x00, 0x02, 0x8c,
    0xef, 0xed, 0xa5, 0x00, 0x00, 0x00, 0x00, 0x00, 0x00, 0x07, 0xff, 0xc1, 0x00, 0x00, 0x00, 0x00,
    0x01, 0xef, 0xe2, 0x00, 0x00, 0x00, 0x00, 0x00, 0x7f, 0xf3, 0x00, 0x00, 0x00, 0x00, 0x00, 0x1e,
    0xf5, 0x00, 0x00, 0x00, 0x00, 0x00, 0x00, 0x00, 0x00, 0x00, 0x00, 0x00, 0x00, 0x00, 0x9f, 0xfe,
    0x20, 0x00, 0x00, 0x00, 0x00, 0x6f, 0xfd, 0xfc, 0x10, 0x00, 0x00, 0x00, 0x3f, 0xfa, 0x2e, 0xfa,
    0x00, 0x00, 0x00, 0x1d, 0xfe, 0x10, 0x6f, 0xf8, 0x00, 0x00, 0x00, 0x00, 0x00, 0x00, 0x00, 0x00,
    0x00, 0x00, 0x00, 0x00, 0x00, 0x00, 0x00, 0x00, 0x00, 0x00, 0x17, 0xce, 0xfd, 0xa5, 0x00, 0x00,
    0x00, 0x5e, 0xff, 0xff, 0xff, 0xfb, 0x10, 0x00, 0x5f, 0xff, 0xa5, 0x46, 0xdf, 0xfc, 0x10, 0x1e,
    0xff, 0x40, 0x00, 0x00, 0xaf, 0xf8, 0x07, 0xff, 0x70, 0x00, 0x00, 0x01, 0xdf, 0xe1, 0xbf, 0xf1,
    0x00, 0x00, 0x00, 0x07, 0xff, 0x5d, 0xfc, 0x00, 0x00, 0x00, 0x00, 0x4f, 0xf7, 0xef, 0xb0, 0x00,
    0x00, 0x00, 0x02, 0xff, 0x8f, 0xfb, 0x00, 0x00, 0x00, 0x00, 0x3f, 0xf8, 0xdf, 0xc0, 0x00, 0x00,
    0x00, 0x04, 0xff, 0x7b, 0xff, 0x10, 0x00, 0x00, 0x00, 0x7f, 0xf5, 0x7f, 0xf7, 0x00, 0x00, 0x00,
    0x1d, 0xff, 0x11, 0xef, 0xe4, 0x00, 0x00, 0x0a, 0xff, 0x90, 0x05, 0xff, 0xf9, 0x54, 0x6d, 0xff,
    0xd1, 0x00, 0x05, 0xef, 0xff, 0xff, 0xff, 0xb1, 0x00, 0x00, 0x01, 0x8c, 0xef, 0xda, 0x40, 0x00,
    0x00, 0x00, 0x00, 0x00, 0x05, 0xdf, 0xa0, 0x00, 0x00, 0x00, 0x00, 0x00, 0x00, 0x00, 0x00, 0x01,
    0x8f, 0xa0, 0x00, 0x00, 0x00, 0x00, 0x00, 0x00, 0x00, 0x00, 0x00, 0x00, 0x00, 0x00, 0x00, 0x00,
    0x00, 0x00, 0x00, 0x00, 0x07, 0xef, 0xfc, 0x20, 0x00, 0x00, 0x00, 0x00, 0x00, 0x00, 0x3c, 0xf9,
    0x25, 0xdf, 0x70, 0x00, 0x00, 0x00, 0x00, 0x00, 0x00, 0x00, 0x00, 0x00, 0x00, 0x00, 0x00, 0x00,
    0x00, 0x00, 0x00, 0x38, 0xcd, 0xfe, 0xda, 0x50, 0x00, 0x00, 0x00, 0x00, 0x02, 0xaf, 0xff, 0xff,
    0xff, 0xff, 0xd5, 0x00, 0x00, 0x00, 0x03, 0xef, 0xfe, 0x96, 0x45, 0x7c, 0xff, 0xf8, 0x00, 0x00,
    0x02, 0xef, 0xf9, 0x10, 0x00, 0x00, 0x05, 0xef, 0xf8, 0x00, 0x00, 0xcf, 0xf7, 0x00, 0x00, 0x00,
    0x00, 0x03, 0xef, 0xf4, 0x00, 0x5f, 0xfa, 0x00, 0x00, 0x00, 0x00, 0x00, 0x06, 0xff, 0xc0, 0x0c,
    0xff, 0x30, 0x00, 0x00, 0x00, 0x00, 0x00, 0x0c, 0xff, 0x31, 0xff, 0xd0, 0x00, 0x00, 0x00, 0x00,
    0x00, 0x00, 0x7f, 0xf8, 0x4f, 0xf9, 0x00, 0x00, 0x00, 0x00, 0x00, 0x00, 0x03, 0xff, 0xb6, 0xff,
    0x70, 0x00, 0x00, 0x00, 0x00, 0x00, 0x00, 0x1f, 0xfd, 0x7f, 0xf6, 0x00, 0x00, 0x00, 0x00, 0x00,
    0x00, 0x00, 0xff, 0xe8, 0xff, 0x60, 0x00, 0x00, 0x00, 0x00, 0x00, 0x00, 0x0f, 0xfe, 0x7f, 0xf7,
    0x00, 0x00, 0x00, 0x00, 0x00, 0x00, 0x01, 0xff, 0xd5, 0xff, 0x90, 0x00, 0x00, 0x00, 0x00, 0x00,
    0x00, 0x3f, 0xfb, 0x2f, 0xfc, 0x00, 0x00, 0x00, 0x00, 0x00, 0x00, 0x06, 0xff, 0x80, 0xcf, 0xf3,
    0x00, 0x00, 0x00, 0x00, 0x00, 0x00, 0xcf, 0xf3, 0x05, 0xff, 0xb0, 0x00, 0x00, 0x00, 0x00, 0x00,
    0x5f, 0xfc, 0x00, 0x0c, 0xff, 0x80, 0x00, 0x00, 0x00, 0x00, 0x2e, 0xff, 0x40, 0x00, 0x2e, 0xff,
    0x91, 0x00, 0x00, 0x00, 0x5e, 0xff, 0x80, 0x00, 0x00, 0x3e, 0xff, 0xe9, 0x54, 0x57, 0xcf, 0xff,
    0x90, 0x00, 0x00, 0x00, 0x1a, 0xff, 0xff, 0xff, 0xff, 0xfd, 0x50, 0x00, 0x00, 0x00, 0x00, 0x02,
    0x8c, 0xef, 0xed, 0xa5, 0x00, 0x00, 0x00, 0x00, 0x07, 0xff, 0xd0, 0x00, 0x00, 0x00, 0x00, 0x00,
    0x09, 0xff, 0x60, 0x00, 0x00, 0x00, 0x00, 0x00, 0x0b, 0xfd, 0x00, 0x00, 0x00, 0x00, 0x00, 0x00,
    0x1d, 0xf6, 0x00, 0x00, 0x00, 0x00, 0x00, 0x00, 0x00, 0x00, 0x00, 0x00, 0x00, 0x00, 0x00, 0x9f,
    0xfe, 0x20, 0x00, 0x00, 0x00, 0x00, 0x6f, 0xfd, 0xfc, 0x10, 0x00, 0x00, 0x00, 0x3f, 0xfa, 0x2e,
    0xfa, 0x00, 0x00, 0x00, 0x1d, 0xfe, 0x10, 0x6f, 0xf8, 0x00, 0x00, 0x00, 0x00, 0x00, 0x00, 0x00,
    0x00, 0x00, 0x00, 0x00, 0x00, 0x00, 0x00, 0x00, 0x00, 0x00, 0x00, 0x17, 0xce, 0xfd, 0xa5, 0x00,
    0x00, 0x00, 0x5e, 0xff, 0xff, 0xff, 0xfb, 0x10, 0x00, 0x5f, 0xff, 0xa5, 0x46, 0xdf, 0xfc, 0x10,
    0x1e, 0xff, 0x40, 0x00, 0x00, 0xaf, 0xf8, 0x07, 0xff, 0x70, 0x00, 0x00, 0x01, 0xdf, 0xe1, 0xbf,
    0xf1, 0x00, 0x00, 0x00, 0x07, 0xff, 0x5d, 0xfc, 0x00, 0x00, 0x00, 0x00, 0x4f, 0xf7, 0xef, 0xb0,
    0x00, 0x00, 0x00, 0x02, 0xff, 0x8f, 0xfb, 0x00, 0x00, 0x00, 0x00, 0x3f, 0xf8, 0xdf, 0xc0, 0x00,
    0x00, 0x00, 0x04, 0xff, 0x7b, 0xff, 0x10, 0x00, 0x00, 0x00, 0x7f, 0xf5, 0x7f, 0xf7, 0x00, 0x00,
    0x00, 0x1d, 0xff, 0x11, 0xef, 0xe4, 0x00, 0x00, 0x0a, 0xff, 0x90, 0x05, 0xff, 0xf9, 0x54, 0x6d,
    0xff, 0xd1, 0x00, 0x05, 0xef, 0xff, 0xff, 0xff, 0xb1, 0x00, 0x00, 0x01, 0x8c, 0xef, 0xda, 0x40,
    0x00, 0x00, 0x00, 0x00, 0x00, 0x00, 0xcf, 0xfe, 0xa3, 0x00, 0x00, 0x00, 0x00, 0x00, 0x00, 0x00,
    0x01, 0x01, 0x9f, 0xd0, 0x00, 0x00, 0x00, 0x00, 0x00, 0x00, 0x00, 0x00, 0xdf, 0xc6, 0x00, 0x00,
    0x00, 0x00, 0x00, 0x00, 0x00, 0x07, 0xef, 0xfc, 0x20, 0x00, 0x00, 0x00, 0x00, 0x00, 0x00, 0x3c,
    0xf9, 0x25, 0xdf, 0x70, 0x00, 0x00, 0x00, 0x00, 0x00, 0x00, 0x00, 0x00, 0x00, 0x00, 0x00, 0x00,
    0x00, 0x00, 0x00, 0x00, 0x38, 0xcd, 0xfe, 0xda, 0x50, 0x00, 0x00, 0x00, 0x00, 0x02, 0xaf, 0xff,
    0xff, 0xff, 0xff, 0xd5, 0x00, 0x00, 0x00, 0x03, 0xef, 0xfe, 0x96, 0x45, 0x7c, 0xff, 0xf8, 0x00,
    0x00, 0x02, 0xef, 0xf9, 0x10, 0x00, 0x00, 0x05, 0xef, 0xf8, 0x00, 0x00, 0xcf, 0xf7, 0x00, 0x00,
    0x00, 0x00, 0x03, 0xef, 0xf4, 0x00, 0x5f, 0xfa, 0x00, 0x00, 0x00, 0x00, 0x00, 0x06, 0xff, 0xc0,
    0x0c, 0xff, 0x30, 0x00, 0x00, 0x00, 0x00, 0x00, 0x0c, 0xff, 0x31, 0xff, 0xd0, 0x00, 0x00, 0x00,
    0x00, 0x00, 0x00, 0x7f, 0xf8, 0x4f, 0xf9, 0x00, 0x00, 0x00, 0x00, 0x00, 0x00, 0x03, 0xff, 0xb6,
    0xff, 0x70, 0x00, 0x00, 0x00, 0x00, 0x00, 0x00, 0x1f, 0xfd, 0x7f, 0xf6, 0x00, 0x00, 0x00, 0x00,
    0x00, 0x00, 0x00, 0xff, 0xe8, 0xff, 0x60, 0x00, 0x00, 0x00, 0x00, 0x00, 0x00, 0x0f, 0xfe, 0x7f,
    0xf7, 0x00, 0x00, 0x00, 0x00, 0x00, 0x00, 0x01, 0xff, 0xd5, 0xff, 0x90, 0x00, 0x00, 0x00, 0x00,
    0x00, 0x00, 0x3f, 0xfb, 0x2f, 0xfc, 0x00, 0x00, 0x00, 0x00, 0x00, 0x00, 0x06, 0xff, 0x80, 0xcf,
    0xf3, 0x00, 0x00, 0x00, 0x00, 0x00, 0x00, 0xcf, 0xf3, 0x05, 0xff, 0xb0, 0x00, 0x00, 0x00, 0x00,
    0x00, 0x5f, 0xfc, 0x00, 0x0c, 0xff, 0x80, 0x00, 0x00, 0x00, 0x00, 0x2e, 0xff, 0x40, 0x00, 0x2e,
    0xff, 0x91, 0x00, 0x00, 0x00, 0x5e, 0xff, 0x80, 0x00, 0x00, 0x3e, 0xff, 0xe9, 0x54, 0x57, 0xcf,
    0xff, 0x90, 0x00, 0x00, 0x00, 0x1a, 0xff, 0xff, 0xff, 0xff, 0xfd, 0x50, 0x00, 0x00, 0x00, 0x00,
    0x02, 0x8c, 0xef, 0xed, 0xa5, 0x00, 0x00, 0x00, 0x00, 0x00, 0x7f, 0xfe, 0xb5, 0x00, 0x00, 0x00,
    0x00, 0x00, 0x01, 0x4e, 0xf7, 0x00, 0x00, 0x00, 0x00, 0x00, 0x03, 0xdf, 0xa0, 0x00, 0x00, 0x00,
    0x00, 0x08, 0xfe, 0xa2, 0x00, 0x00, 0x00, 0x00, 0x00, 0x8f, 0x10, 0x00, 0x00, 0x00, 0x00, 0x00,
    0x00, 0x00, 0x00, 0x00, 0x00, 0x00, 0x00, 0x09, 0xff, 0xe2, 0x00, 0x00, 0x00, 0x00, 0x06, 0xff,
    0xdf, 0xc1, 0x00, 0x00, 0x00, 0x03, 0xff, 0xa2, 0xef, 0xa0, 0x00, 0x00, 0x01, 0xdf, 0xe1, 0x06,
    0xff, 0x80, 0x00, 0x00, 0x00, 0x00, 0x00, 0x00, 0x00, 0x00, 0x00, 0x00, 0x00, 0x00, 0x00, 0x00,
    0x00, 0x00, 0x00, 0x01, 0x7c, 0xef, 0xda, 0x50, 0x00, 0x00, 0x05, 0xef, 0xff, 0xff, 0xff, 0xb1,
    0x00, 0x05, 0xff, 0xfa, 0x54, 0x6d, 0xff, 0xc1, 0x01, 0xef, 0xf4, 0x00, 0x00, 0x0a, 0xff, 0x80,
    0x7f, 0xf7, 0x00, 0x00, 0x00, 0x1d, 0xfe, 0x1b, 0xff, 0x10, 0x00, 0x00, 0x00, 0x7f, 0xf5, 0xdf,
    0xc0, 0x00, 0x00, 0x00, 0x04, 0xff, 0x7e, 0xfb, 0x00, 0x00, 0x00, 0x00, 0x2f, 0xf8, 0xff, 0xb0,
    0x00, 0x00, 0x00, 0x03, 0xff, 0x8d, 0xfc, 0x00, 0x00, 0x00, 0x00, 0x4f, 0xf7, 0xbf, 0xf1, 0x00,
    0x00, 0x00, 0x07, 0xff, 0x57, 0xff, 0x70, 0x00, 0x00, 0x01, 0xdf, 0xf1, 0x1e, 0xfe, 0x40, 0x00,
    0x00, 0xaf, 0xf9, 0x00, 0x5f, 0xff, 0x95, 0x46, 0xdf, 0xfd, 0x10, 0x00, 0x5e, 0xff, 0xff, 0xff,
    0xfb, 0x10, 0x00, 0x00, 0x18, 0xce, 0xfd, 0xa4, 0x00, 0x00, 0x00, 0x00, 0x00, 0x3b, 0xee, 0xa5,
    0x11, 0xda, 0x00, 0x00, 0x00, 0x00, 0x00, 0x0e, 0x90, 0x26, 0xbe, 0xeb, 0x20, 0x00, 0x00, 0x00,
    0x00, 0x00, 0x00, 0x00, 0x00, 0x00, 0x00, 0x00, 0x00, 0x00, 0x00, 0x00, 0x00, 0x07, 0xef, 0xfc,
    0x20, 0x00, 0x00, 0x00, 0x00, 0x00, 0x00, 0x3c, 0xf9, 0x25, 0xdf, 0x70, 0x00, 0x00, 0x00, 0x00,
    0x00, 0x00, 0x00, 0x00, 0x00, 0x00, 0x00, 0x00, 0x00, 0x00, 0x00, 0x00, 0x38, 0xcd, 0xfe, 0xda,
    0x50, 0x00, 0x00, 0x00, 0x00, 0x02, 0xaf, 0xff, 0xff, 0xff, 0xff, 0xd5, 0x00, 0x00, 0x00, 0x03,
    0xef, 0xfe, 0x96, 0x45, 0x7c, 0xff, 0xf8, 0x00, 0x00, 0x02, 0xef, 0xf9, 0x10, 0x00, 0x00, 0x05,
    0xef, 0xf8, 0x00, 0x00, 0xcf, 0xf7, 0x00, 0x00, 0x00, 0x00, 0x03, 0xef, 0xf4, 0x00, 0x5f, 0xfa,
    0x00, 0x00, 0x00, 0x00, 0x00, 0x06, 0xff, 0xc0, 0x0c, 0xff, 0x30, 0x00, 0x00, 0x00, 0x00, 0x00,
    0x0c, 0xff, 0x31, 0xff, 0xd0, 0x00, 0x00, 0x00, 0x00, 0x00, 0x00, 0x7f, 0xf8, 0x4f, 0xf9, 0x00,
    0x00, 0x00, 0x00, 0x00, 0x00, 0x03, 0xff, 0xb6, 0xff, 0x70, 0x00, 0x00, 0x00, 0x00, 0x00, 0x00,
    0x1f, 0xfd, 0x7f, 0xf6, 0x00, 0x00, 0x00, 0x00, 0x00, 0x00, 0x00, 0xff, 0xe8, 0xff, 0x60, 0x00,
    0x00, 0x00, 0x00, 0x00, 0x00, 0x0f, 0xfe, 0x7f, 0xf7, 0x00, 0x00, 0x00, 0x00, 0x00, 0x00, 0x01,
    0xff, 0xd5, 0xff, 0x90, 0x00, 0x00, 0x00, 0x00, 0x00, 0x00, 0x3f, 0xfb, 0x2f, 0xfc, 0x00, 0x00,
    0x00, 0x00, 0x00, 0x00, 0x06, 0xff, 0x80, 0xcf, 0xf3, 0x00, 0x00, 0x00, 0x00, 0x00, 0x00, 0xcf,
    0xf3, 0x05, 0xff, 0xb0, 0x00, 0x00, 0x00, 0x00, 0x00, 0x5f, 0xfc, 0x00, 0x0c, 0xff, 0x80, 0x00,
    0x00, 0x00, 0x00, 0x2e, 0xff, 0x40, 0x00, 0x2e, 0xff, 0x91, 0x00, 0x00, 0x00, 0x5e, 0xff, 0x80,
    0x00, 0x00, 0x3e, 0xff, 0xe9, 0x54, 0x57, 0xcf, 0xff, 0x90, 0x00, 0x00, 0x00, 0x1a, 0xff, 0xff,
    0xff, 0xff, 0xfd, 0x50, 0x00, 0x00, 0x00, 0x00, 0x02, 0x8c, 0xef, 0xed, 0xa5, 0x00, 0x00, 0x00,
    0x00, 0x05, 0xde, 0xc7, 0x22, 0xef, 0x20, 0x00, 0x03, 0xff, 0xff, 0xff, 0xff, 0xd0, 0x00, 0x00,
    0x8f, 0x81, 0x49, 0xde, 0xc3, 0x00, 0x00, 0x00, 0x00, 0x00, 0x00, 0x00, 0x00, 0x00, 0x00, 0x00,
    0x09, 0xff, 0xe2, 0x00, 0x00, 0x00, 0x00, 0x06, 0xff, 0xdf, 0xc1, 0x00, 0x00, 0x00, 0x03, 0xff,
    0xa2, 0xef, 0xa0, 0x00, 0x00, 0x01, 0xdf, 0xe1, 0x06, 0xff, 0x80, 0x00, 0x00, 0x00, 0x00, 0x00,
    0x00, 0x00, 0x00, 0x00, 0x00, 0x00, 0x00, 0x00, 0x00, 0x00, 0x00, 0x00, 0x01, 0x7c, 0xef, 0xda,
    0x50, 0x00, 0x00, 0x05, 0xef, 0xff, 0xff, 0xff, 0xb1, 0x00, 0x05, 0xff, 0xfa, 0x54, 0x6d, 0xff,
    0xc1, 0x01, 0xef, 0xf4, 0x00, 0x00, 0x0a, 0xff, 0x80, 0x7f, 0xf7, 0x00, 0x00, 0x00, 0x1d, 0xfe,
    0x1b, 0xff, 0x10, 0x00, 0x00, 0x00, 0x7f, 0xf5, 0xdf, 0xc0, 0x00, 0x00, 0x00, 0x04, 0xff, 0x7e,
    0xfb, 0x00, 0x00, 0x00, 0x00, 0x2f, 0xf8, 0xff, 0xb0, 0x00, 0x00, 0x00, 0x03, 0xff, 0x8d, 0xfc,
    0x00, 0x00, 0x00, 0x00, 0x4f, 0xf7, 0xbf, 0xf1, 0x00, 0x00, 0x00, 0x07, 0xff, 0x57, 0xff, 0x70,
    0x00, 0x00, 0x01, 0xdf, 0xf1, 0x1e, 0xfe, 0x40, 0x00, 0x00, 0xaf, 0xf9, 0x00, 0x5f, 0xff, 0x95,
    0x46, 0xdf, 0xfd, 0x10, 0x00, 0x5e, 0xff, 0xff, 0xff, 0xfb, 0x10, 0x00, 0x00, 0x18, 0xce, 0xfd,
    0xa4, 0x00, 0x00, 0x00, 0x00, 0x00, 0x00, 0x7e, 0xff, 0xc2, 0x00, 0x00, 0x00, 0x00, 0x00, 0x00,
    0x03, 0xcf, 0x92, 0x5d, 0xf7, 0x00, 0x00, 0x00, 0x00, 0x00, 0x00, 0x00, 0x00, 0x00, 0x00, 0x00,
    0x00, 0x00, 0x00, 0x00, 0x00, 0x03, 0x8c, 0xdf, 0xed, 0xa5, 0x00, 0x00, 0x00, 0x00, 0x00, 0x2a,
    0xff, 0xff, 0xff, 0xff, 0xfd, 0x50, 0x00, 0x00, 0x00, 0x3e, 0xff, 0xe9, 0x64, 0x57, 0xcf, 0xff,
    0x80, 0x00, 0x00, 0x2e, 0xff, 0x91, 0x00, 0x00, 0x00, 0x5e, 0xff, 0x80, 0x00, 0x0c, 0xff, 0x70,
    0x00, 0x00, 0x00, 0x00, 0x3e, 0xff, 0x40, 0x05, 0xff, 0xa0, 0x00, 0x00, 0x00, 0x00, 0x00, 0x6f,
    0xfc, 0x00, 0xcf, 0xf3, 0x00, 0x00, 0x00, 0x00, 0x00, 0x00, 0xcf, 0xf3, 0x1f, 0xfd, 0x00, 0x00,
    0x00, 0x00, 0x00, 0x00, 0x07, 0xff, 0x84, 0xff, 0x90, 0x00, 0x00, 0x00, 0x00, 0x00, 0x00, 0x3f,
    0xfb, 0x6f, 0xf7, 0x00, 0x00, 0x00, 0x00, 0x00, 0x00, 0x01, 0xff, 0xd7, 0xff, 0x60, 0x00, 0x00,
    0x00, 0x00, 0x00, 0x00, 0x0f, 0xfe, 0x8f, 0xf6, 0x00, 0x00, 0x00, 0x00, 0x00, 0x00, 0x00, 0xff,
    0xe7, 0xff, 0x70, 0x00, 0x00, 0x00, 0x00, 0x00, 0x00, 0x1f, 0xfd, 0x5f, 0xf9, 0x00, 0x00, 0x00,
    0x00, 0x00, 0x00, 0x03, 0xff, 0xb2, 0xff, 0xc0, 0x00, 0x00, 0x00, 0x00, 0x00, 0x00, 0x6f, 0xf8,
    0x0c, 0xff, 0x30, 0x00, 0x00, 0x00, 0x00, 0x00, 0x0c, 0xff, 0x30, 0x5f, 0xfb, 0x00, 0x00, 0x00,
    0x00, 0x00, 0x05, 0xff, 0xc0, 0x00, 0xcf, 0xf8, 0x00, 0x00, 0x00, 0x00, 0x02, 0xef, 0xf4, 0x00,
    0x02, 0xef, 0xf9, 0x10, 0x00, 0x00, 0x05, 0xef, 0xf8, 0x00, 0x00, 0x03, 0xef, 0xfe, 0x95, 0x45,
    0x7c, 0xff, 0xf9, 0x00, 0x00, 0x00, 0x01, 0xaf, 0xff, 0xff, 0xff, 0xff, 0xd5, 0x00, 0x00, 0x00,
    0x00, 0x00, 0x28, 0xce, 0xfe, 0xda, 0x50, 0x00, 0x00, 0x00, 0x00, 0x00, 0x00, 0x00, 0x00, 0x00,
    0x00, 0x00, 0x00, 0x00, 0x00, 0x00, 0x00, 0x00, 0x00, 0x00, 0x00, 0x00, 0x00, 0x00, 0x00, 0x00,
    0x00, 0x00, 0x00, 0xef, 0xf1, 0x00, 0x00, 0x00, 0x00, 0x00, 0x00, 0x00, 0x00, 0x0e, 0xff, 0x10,
    0x00, 0x00, 0x00, 0x00, 0x00, 0x00, 0x00, 0x00, 0xef, 0xf1, 0x00, 0x00, 0x00, 0x00, 0x00, 0x00,
    0x09, 0xff, 0xe2, 0x00, 0x00, 0x00, 0x00, 0x06, 0xff, 0xdf, 0xc1, 0x00, 0x00, 0x00, 0x03, 0xff,
    0xa2, 0xef, 0xa0, 0x00, 0x00, 0x01, 0xdf, 0xe1, 0x06, 0xff, 0x80, 0x00, 0x00, 0x00, 0x00, 0x00,
    0x00, 0x00, 0x00, 0x00, 0x00, 0x17, 0xce, 0xfd, 0xa5, 0x00, 0x00, 0x00, 0x5e, 0xff, 0xff, 0xff,
    0xfb, 0x10, 0x00, 0x5f, 0xff, 0xa5, 0x46, 0xdf, 0xfc, 0x10, 0x1e, 0xff, 0x40, 0x00, 0x00, 0xaf,
    0xf8, 0x07, 0xff, 0x70, 0x00, 0x00, 0x01, 0xdf, 0xe1, 0xbf, 0xf1, 0x00, 0x00, 0x00, 0x07, 0xff,
    0x5d, 0xfc, 0x00, 0x00, 0x00, 0x00, 0x4f, 0xf7, 0xef, 0xb0, 0x00, 0x00, 0x00, 0x02, 0xff, 0x8f,
    0xfb, 0x00, 0x00, 0x00, 0x00, 0x3f, 0xf8, 0xdf, 0xc0, 0x00, 0x00, 0x00, 0x04, 0xff, 0x7b, 0xff,
    0x10, 0x00, 0x00, 0x00, 0x7f, 0xf5, 0x7f, 0xf7, 0x00, 0x00, 0x00, 0x1d, 0xff, 0x11, 0xef, 0xe4,
    0x00, 0x00, 0x0a, 0xff, 0x90, 0x05, 0xff, 0xf9, 0x54, 0x6d, 0xff, 0xd1, 0x00, 0x05, 0xef, 0xff,
    0xff, 0xff, 0xb1, 0x00, 0x00, 0x01, 0x8c, 0xef, 0xda, 0x40, 0x00, 0x00, 0x00, 0x00, 0x00, 0x00,
    0x00, 0x00, 0x00, 0x00, 0x00, 0x00, 0x00, 0x00, 0x00, 0x00, 0x00, 0x00, 0x00, 0x5f, 0xfa, 0x00,
    0x00, 0x00, 0x00, 0x00, 0x05, 0xff, 0xa0, 0x00, 0x00, 0x00, 0x00, 0x00, 0x5f, 0xfa, 0x00, 0x00,
    0x00, 0x00, 0x00, 0x00, 0x00, 0x00, 0x6f, 0xfd, 0x10, 0x00, 0x00, 0x00, 0x00, 0x00, 0x00, 0x00,
    0x00, 0x00, 0x0d, 0xfe, 0x30, 0x00, 0x00, 0x00, 0x00, 0x00, 0x00, 0x00, 0x00, 0x00, 0x05, 0xff,
    0x50, 0x00, 0x00, 0x00, 0x00, 0x00, 0x00, 0x00, 0x00, 0x00, 0x00, 0xcf, 0x80, 0x00, 0x00, 0x00,
    0x00, 0x00, 0x00, 0x00, 0x00, 0x00, 0x00, 0x00, 0x00, 0x00, 0x00, 0x00, 0x00, 0x00, 0x00, 0x00,
    0x00, 0x00, 0x00, 0x00, 0x00, 0x00, 0x00, 0x00, 0x00, 0x00, 0x00, 0x00, 0x00, 0x00, 0x00, 0x38,
    0xcd, 0xfe, 0xd9, 0x40, 0x00, 0x00, 0x0c, 0xff, 0x00, 0x00, 0x02, 0xaf, 0xff, 0xff, 0xff, 0xff,
    0xc3, 0x00, 0x00, 0xcf, 0xf0, 0x00, 0x03, 0xef, 0xff, 0xff, 0xff, 0xff, 0xff, 0xf6, 0x00, 0x0c,
    0xff, 0x00, 0x02, 0xef, 0xff, 0xa5, 0x10, 0x13, 0x8e, 0xff, 0xf6, 0x00, 0x07, 0xe0, 0x00, 0xcf,
    0xfd, 0x30, 0x00, 0x00, 0x00, 0x1a, 0xff, 0xf2, 0x00, 0xac, 0x00, 0x5f, 0xfe, 0x20, 0x00, 0x00,
    0x00, 0x00, 0x0a, 0xff, 0xb0, 0x4f, 0x60, 0x0c, 0xff, 0x60, 0x00, 0x00, 0x00, 0x00, 0x00, 0x1e,
    0xff, 0x8e, 0x90, 0x01, 0xff, 0xe1, 0x00, 0x00, 0x00, 0x00, 0x00, 0x00, 0x8f, 0xfe, 0x60, 0x00,
    0x4f, 0xfb, 0x00, 0x00, 0x00, 0x00, 0x00, 0x00, 0x04, 0xff, 0xa0, 0x00, 0x06, 0xff, 0x80, 0x00,
    0x00, 0x00, 0x00, 0x00, 0x00, 0x1f, 0xfd, 0x00, 0x00, 0x7f, 0xf6, 0x00, 0x00, 0x00, 0x00, 0x00,
    0x00, 0x00, 0xff, 0xe0, 0x00, 0x08, 0xff, 0x60, 0x00, 0x00, 0x00, 0x00, 0x00, 0x00, 0x0f, 0xff,
    0x00, 0x00, 0x7f, 0xf7, 0x00, 0x00, 0x00, 0x00, 0x00, 0x00, 0x01, 0xff, 0xe0, 0x00, 0x05, 0xff,
    0xa0, 0x00, 0x00, 0x00, 0x00, 0x00, 0x00, 0x4f, 0xfc, 0x00, 0x00, 0x2f, 0xfe, 0x00, 0x00, 0x00,
    0x00, 0x00, 0x00, 0x08, 0xff, 0x90, 0x00, 0x00, 0xcf, 0xf6, 0x00, 0x00, 0x00, 0x00, 0x00, 0x01,
    0xef, 0xf4, 0x00, 0x00, 0x05, 0xff, 0xe2, 0x00, 0x00, 0x00, 0x00, 0x00, 0xaf, 0xfd, 0x00, 0x00,
    0x00, 0x0c, 0xff, 0xe3, 0x00, 0x00, 0x00, 0x01, 0xaf, 0xff, 0x50, 0x00, 0x00, 0x00, 0x2e, 0xff,
    0xfa, 0x51, 0x01, 0x37, 0xef, 0xff, 0x90, 0x00, 0x00, 0x00, 0x00, 0x3e, 0xff, 0xff, 0xff, 0xff,
    0xff, 0xff, 0x90, 0x00, 0x00, 0x00, 0x00, 0x00, 0x1a, 0xff, 0xff, 0xff, 0xff, 0xfd, 0x50, 0x00,
    0x00, 0x00, 0x00, 0x00, 0x00, 0x02, 0x8c, 0xef, 0xed, 0xa5, 0x00, 0x00, 0x00, 0x00, 0x00, 0x00,
    0x00, 0x00, 0x07, 0xff, 0xc0, 0x00, 0x00, 0x00, 0x00, 0x00, 0x00, 0x1e, 0xfe, 0x20, 0x00, 0x00,
    0x00, 0x00, 0x00, 0x00, 0x7f, 0xf4, 0x00, 0x00, 0x00, 0x00, 0x00, 0x00, 0x00, 0xef, 0x60, 0x00,
    0x00, 0x00, 0x00, 0x00, 0x00, 0x00, 0x00, 0x00, 0x00, 0x00, 0x00, 0x00, 0x00, 0x01, 0x7c, 0xef,
    0xda, 0x50, 0x00, 0x1f, 0xfb, 0x00, 0x5e, 0xff, 0xff, 0xff, 0xfc, 0x20, 0x1f, 0xfb, 0x05, 0xff,
    0xff, 0xff, 0xff, 0xff, 0xd1, 0x1f, 0xfb, 0x1e, 0xff, 0xc5, 0x10, 0x28, 0xff, 0xfa, 0x00, 0xb9,
    0x7f, 0xfc, 0x10, 0x00, 0x00, 0x4f, 0xff, 0x21, 0xe5, 0xbf, 0xf3, 0x00, 0x00, 0x00, 0x0a, 0xff,
    0x8d, 0xa0, 0xdf, 0xd0, 0x00, 0x00, 0x00, 0x05, 0xff, 0xe7, 0x00, 0xef, 0xb0, 0x00, 0x00, 0x00,
    0x03, 0xff, 0x80, 0x00, 0xff, 0xb0, 0x00, 0x00, 0x00, 0x03, 0xff, 0x70, 0x00, 0xdf, 0xd0, 0x00,
    0x00, 0x00, 0x05, 0xff, 0x60, 0x00, 0xbf, 0xf3, 0x00, 0x00, 0x00, 0x0a, 0xff, 0x30, 0x00, 0x7f,
    0xfc, 0x10, 0x00, 0x00, 0x4f, 0xfd, 0x00, 0x00, 0x1e, 0xff, 0xc5, 0x10, 0x28, 0xff, 0xf7, 0x00,
    0x00, 0x05, 0xff, 0xff, 0xff, 0xff, 0xff, 0xc0, 0x00, 0x00, 0x00, 0x5e, 0xff, 0xff, 0xff, 0xfa,
    0x10, 0x00, 0x00, 0x00, 0x02, 0x8c, 0xef, 0xda, 0x40, 0x00, 0x00, 0x00, 0x00, 0x00, 0x00, 0x0a,
    0xff, 0xa0, 0x00, 0x00, 0x00, 0x00, 0x00, 0x00, 0x00, 0x00, 0x00, 0x00, 0x1c, 0xff, 0x30, 0x00,
    0x00, 0x00, 0x00, 0x00, 0x00, 0x00, 0x00, 0x00, 0x00, 0x1d, 0xfa, 0x00, 0x00, 0x00, 0x00, 0x00,
    0x00, 0x00, 0x00, 0x00, 0x00, 0x00, 0x3e, 0xf3, 0x00, 0x00, 0x00, 0x00, 0x00, 0x00, 0x00, 0x00,
    0x00, 0x00, 0x00, 0x00, 0x00, 0x00, 0x00, 0x00, 0x00, 0x00, 0x00, 0x00, 0x00, 0x00, 0x00, 0x00,
    0x00, 0x00, 0x00, 0x00, 0x00, 0x00, 0x00, 0x00, 0x00, 0x00, 0x38, 0xcd, 0xfe, 0xd9, 0x40, 0x00,
    0x00, 0x0c, 0xff, 0x00, 0x00, 0x02, 0xaf, 0xff, 0xff, 0xff, 0xff, 0xc3, 0x00, 0x00, 0xcf, 0xf0,
    0x00, 0x03, 0xef, 0xff, 0xff, 0xff, 0xff, 0xff, 0xf6, 0x00, 0x0c, 0xff, 0x00, 0x02, 0xef, 0xff,
    0xa5, 0x10, 0x13, 0x8e, 0xff, 0xf6, 0x00, 0x07, 0xe0, 0x00, 0xcf, 0xfd, 0x30, 0x00, 0x00, 0x00,
    0x1a, 0xff, 0xf2, 0x00, 0xac, 0x00, 0x5f, 0xfe, 0x20, 0x00, 0x00, 0x00, 0x00, 0x0a, 0xff, 0xb0,
    0x4f, 0x60, 0x0c, 0xff, 0x60, 0x00, 0x00, 0x00, 0x00, 0x00, 0x1e, 0xff, 0x8e, 0x90, 0x01, 0xff,
    0xe1, 0x00, 0x00, 0x00, 0x00, 0x00, 0x00, 0x8f, 0xfe, 0x60, 0x00, 0x4f, 0xfb, 0x00, 0x00, 0x00,
    0x00, 0x00, 0x00, 0x04, 0xff, 0xa0, 0x00, 0x06, 0xff, 0x80, 0x00, 0x00, 0x00, 0x00, 0x00, 0x00,
    0x1f, 0xfd, 0x00, 0x00, 0x7f, 0xf6, 0x00, 0x00, 0x00, 0x00, 0x00, 0x00, 0x00, 0xff, 0xe0, 0x00,
    0x08, 0xff, 0x60, 0x00, 0x00, 0x00, 0x00, 0x00, 0x00, 0x0f, 0xff, 0x00, 0x00, 0x7f, 0xf7, 0x00,
    0x00, 0x00, 0x00, 0x00, 0x00, 0x01, 0xff, 0xe0, 0x00, 0x05, 0xff, 0xa0, 0x00, 0x00, 0x00, 0x00,
    0x00, 0x00, 0x4f, 0xfc, 0x00, 0x00, 0x2f, 0xfe, 0x00, 0x00, 0x00, 0x00, 0x00, 0x00, 0x08, 0xff,
    0x90, 0x00, 0x00, 0xcf, 0xf6, 0x00, 0x00, 0x00, 0x00, 0x00, 0x01, 0xef, 0xf4, 0x00, 0x00, 0x05,
    0xff, 0xe2, 0x00, 0x00, 0x00, 0x00, 0x00, 0xaf, 0xfd, 0x00, 0x00, 0x00, 0x0c, 0xff, 0xe3, 0x00,
    0x00, 0x00, 0x01, 0xaf, 0xff, 0x50, 0x00, 0x00, 0x00, 0x2e, 0xff, 0xfa, 0x51, 0x01, 0x37, 0xef,
    0xff, 0x90, 0x00, 0x00, 0x00, 0x00, 0x3e, 0xff, 0xff, 0xff, 0xff, 0xff, 0xff, 0x90, 0x00, 0x00,
    0x00, 0x00, 0x00, 0x1a, 0xff, 0xff, 0xff, 0xff, 0xfd, 0x50, 0x00, 0x00, 0x00, 0x00, 0x00, 0x00,
    0x02, 0x8c, 0xef, 0xed, 0xa5, 0x00, 0x00, 0x00, 0x00, 0x00, 0x00, 0x02, 0xef, 0xf5, 0x00, 0x00,
    0x00, 0x00, 0x00, 0x00, 0x00, 0x3f, 0xfc, 0x00, 0x00, 0x00, 0x00, 0x00, 0x00, 0x00, 0x05, 0xff,
    0x50, 0x00, 0x00, 0x00, 0x00, 0x00, 0x00, 0x00, 0x7f, 0xc0, 0x00, 0x00, 0x00, 0x00, 0x00, 0x00,
    0x00, 0x00, 0x00, 0x00, 0x00, 0x00, 0x00, 0x00, 0x01, 0x7c, 0xef, 0xda, 0x50, 0x00, 0x1f, 0xfb,
    0x00, 0x5e, 0xff, 0xff, 0xff, 0xfc, 0x20, 0x1f, 0xfb, 0x05, 0xff, 0xff, 0xff, 0xff, 0xff, 0xd1,
    0x1f, 0xfb, 0x1e, 0xff, 0xc5, 0x10, 0x28, 0xff, 0xfa, 0x00, 0xb9, 0x7f, 0xfc, 0x10, 0x00, 0x00,
    0x4f, 0xff, 0x21, 0xe5, 0xbf, 0xf3, 0x00, 0x00, 0x00, 0x0a, 0xff, 0x8d, 0xa0, 0xdf, 0xd0, 0x00,
    0x00, 0x00, 0x05, 0xff, 0xe7, 0x00, 0xef, 0xb0, 0x00, 0x00, 0x00, 0x03, 0xff, 0x80, 0x00, 0xff,
    0xb0, 0x00, 0x00, 0x00, 0x03, 0xff, 0x70, 0x00, 0xdf, 0xd0, 0x00, 0x00, 0x00, 0x05, 0xff, 0x60,
    0x00, 0xbf, 0xf3, 0x00, 0x00, 0x00, 0x0a, 0xff, 0x30, 0x00, 0x7f, 0xfc, 0x10, 0x00, 0x00, 0x4f,
    0xfd, 0x00, 0x00, 0x1e, 0xff, 0xc5, 0x10, 0x28, 0xff, 0xf7, 0x00, 0x00, 0x05, 0xff, 0xff, 0xff,
    0xff, 0xff, 0xc0, 0x00, 0x00, 0x00, 0x5e, 0xff, 0xff, 0xff, 0xfa, 0x10, 0x00, 0x00, 0x00, 0x02,
    0x8c, 0xef, 0xda, 0x40, 0x00, 0x00, 0x00, 0x00, 0x00, 0x00, 0x00, 0xef, 0xed, 0x82, 0x00, 0x00,
    0x00, 0x00, 0x00, 0x00, 0x00, 0x00, 0x00, 0x00, 0x02, 0x9f, 0xe1, 0x00, 0x00, 0x00, 0x00, 0x00,
    0x00, 0x00, 0x00, 0x00, 0x00, 0x18, 0xff, 0x30, 0x00, 0x00, 0x00, 0x00, 0x00, 0x00, 0x00, 0x00,
    0x00, 0x0f, 0xfc, 0x60, 0x00, 0x00, 0x00, 0x00, 0x00, 0x00, 0x00, 0x00, 0x00, 0x00, 0xf9, 0x00,
    0x00, 0x00, 0x00, 0x00, 0x00, 0x00, 0x00, 0x00, 0x00, 0x00, 0x00, 0x00, 0x00, 0x00, 0x00, 0x00,
    0x00, 0x00, 0x00, 0x00, 0x00, 0x38, 0xcd, 0xfe, 0xd9, 0x40, 0x00, 0x00, 0x0c, 0xff, 0x00, 0x00,
    0x02, 0xaf, 0xff, 0xff, 0xff, 0xff, 0xc3, 0x00, 0x00, 0xcf, 0xf0, 0x00, 0x03, 0xef, 0xff, 0xff,
    0xff, 0xff, 0xff, 0xf6, 0x00, 0x0c, 0xff, 0x00, 0x02, 0xef, 0xff, 0xa5, 0x10, 0x13, 0x8e, 0xff,
    0xf6, 0x00, 0x07, 0xe0, 0x00, 0xcf, 0xfd, 0x30, 0x00, 0x00, 0x00, 0x1a, 0xff, 0xf2, 0x00, 0xac,
    0x00, 0x5f, 0xfe, 0x20, 0x00, 0x00, 0x00, 0x00, 0x0a, 0xff, 0xb0, 0x4f, 0x60, 0x0c, 0xff, 0x60,
    0x00, 0x00, 0x00, 0x00, 0x00, 0x1e, 0xff, 0x8e, 0x90, 0x01, 0xff, 0xe1, 0x00, 0x00, 0x00, 0x00,
    0x00, 0x00, 0x8f, 0xfe, 0x60, 0x00, 0x4f, 0xfb, 0x00, 0x00, 0x00, 0x00, 0x00, 0x00, 0x04, 0xff,
    0xa0, 0x00, 0x06, 0xff, 0x80, 0x00, 0x00, 0x00, 0x00, 0x00, 0x00, 0x1f, 0xfd, 0x00, 0x00, 0x7f,
    0xf6, 0x00, 0x00, 0x00, 0x00, 0x00, 0x00, 0x00, 0xff, 0xe0, 0x00, 0x08, 0xff, 0x60, 0x00, 0x00,
    0x00, 0x00, 0x00, 0x00, 0x0f, 0xff, 0x00, 0x00, 0x7f, 0xf7, 0x00, 0x00, 0x00, 0x00, 0x00, 0x00,
    0x01, 0xff, 0xe0, 0x00, 0x05, 0xff, 0xa0, 0x00, 0x00, 0x00, 0x00, 0x00, 0x00, 0x4f, 0xfc, 0x00,
    0x00, 0x2f, 0xfe, 0x00, 0x00, 0x00, 0x00, 0x00, 0x00, 0x08, 0xff, 0x90, 0x00, 0x00, 0xcf, 0xf6,
    0x00, 0x00, 0x00, 0x00, 0x00, 0x01, 0xef, 0xf4, 0x00, 0x00, 0x05, 0xff, 0xe2, 0x00, 0x00, 0x00,
    0x00, 0x00, 0xaf, 0xfd, 0x00, 0x00, 0x00, 0x0c, 0xff, 0xe3, 0x00, 0x00, 0x00, 0x01, 0xaf, 0xff,
    0x50, 0x00, 0x00, 0x00, 0x2e, 0xff, 0xfa, 0x51, 0x01, 0x37, 0xef, 0xff, 0x90, 0x00, 0x00, 0x00,
    0x00, 0x3e, 0xff, 0xff, 0xff, 0xff, 0xff, 0xff, 0x90, 0x00, 0x00, 0x00, 0x00, 0x00, 0x1a, 0xff,
    0xff, 0xff, 0xff, 0xfd, 0x50, 0x00, 0x00, 0x00, 0x00, 0x00, 0x00, 0x02, 0x8c, 0xef, 0xed, 0xa5,
    0x00, 0x00, 0x00, 0x00, 0x00, 0x00, 0x00, 0x5f, 0xfe, 0xc7, 0x10, 0x00, 0x00, 0x00, 0x00, 0x00,
    0x00, 0x03, 0xcf, 0xb0, 0x00, 0x00, 0x00, 0x00, 0x00, 0x00, 0x02, 0xcf, 0xc0, 0x00, 0x00, 0x00,
    0x00, 0x00, 0x00, 0x6f, 0xeb, 0x30, 0x00, 0x00, 0x00, 0x00, 0x00, 0x00, 0x6f, 0x40, 0x00, 0x00,
    0x00, 0x00, 0x00, 0x00, 0x00, 0x00, 0x00, 0x00, 0x00, 0x00, 0x00, 0x00, 0x00, 0x00, 0x00, 0x00,
    0x00, 0x00, 0x00, 0x00, 0x00, 0x01, 0x7c, 0xef, 0xda, 0x50, 0x00, 0x1f, 0xfb, 0x00, 0x5e, 0xff,
    0xff, 0xff, 0xfc, 0x20, 0x1f, 0xfb, 0x05, 0xff, 0xff, 0xff, 0xff, 0xff, 0xd1, 0x1f, 0xfb, 0x1e,
    0xff, 0xc5, 0x10, 0x28, 0xff, 0xfa, 0x00, 0xb9, 0x7f, 0xfc, 0x10, 0x00, 0x00, 0x4f, 0xff, 0x21,
    0xe5, 0xbf, 0xf3, 0x00, 0x00, 0x00, 0x0a, 0xff, 0x8d, 0xa0, 0xdf, 0xd0, 0x00, 0x00, 0x00, 0x05,
    0xff, 0xe7, 0x00, 0xef, 0xb0, 0x00, 0x00, 0x00, 0x03, 0xff, 0x80, 0x00, 0xff, 0xb0, 0x00, 0x00,
    0x00, 0x03, 0xff, 0x70, 0x00, 0xdf, 0xd0, 0x00, 0x00, 0x00, 0x05, 0xff, 0x60, 0x00, 0xbf, 0xf3,
    0x00, 0x00, 0x00, 0x0a, 0xff, 0x30, 0x00, 0x7f, 0xfc, 0x10, 0x00, 0x00, 0x4f, 0xfd, 0x00, 0x00,
    0x1e, 0xff, 0xc5, 0x10, 0x28, 0xff, 0xf7, 0x00, 0x00, 0x05, 0xff, 0xff, 0xff, 0xff, 0xff, 0xc0,
    0x00, 0x00, 0x00, 0x5e, 0xff, 0xff, 0xff, 0xfa, 0x10, 0x00, 0x00, 0x00, 0x02, 0x8c, 0xef, 0xda,
    0x40, 0x00, 0x00, 0x00, 0x00, 0x00, 0x00, 0x1a, 0xed, 0x83, 0x07, 0xf8, 0x00, 0x00, 0x00, 0x00,
    0x00, 0x00, 0x00, 0x0c, 0xfd, 0xef, 0xfe, 0xff, 0x40, 0x00, 0x00, 0x00, 0x00, 0x00, 0x00, 0x01,
    0xfd, 0x00, 0x5b, 0xed, 0x60, 0x00, 0x00, 0x00, 0x00, 0x00, 0x00, 0x00, 0x00, 0x00, 0x00, 0x00,
    0x00, 0x00, 0x00, 0x00, 0x00, 0x00, 0x00, 0x00, 0x00, 0x00, 0x00, 0x00, 0x00, 0x00, 0x00, 0x00,
    0x00, 0x00, 0x00, 0x00, 0x00, 0x03, 0x8c, 0xdf, 0xed, 0x94, 0x00, 0x00, 0x00, 0xcf, 0xf0, 0x00,
    0x00, 0x2a, 0xff, 0xff, 0xff, 0xff, 0xfc, 0x30, 0x00, 0x0c, 0xff, 0x00, 0x00, 0x3e, 0xff, 0xff,
    0xff, 0xff, 0xff, 0xff, 0x60, 0x00, 0xcf, 0xf0, 0x00, 0x2e, 0xff, 0xfa, 0x51, 0x01, 0x38, 0xef,
    0xff, 0x60, 0x00, 0x7e, 0x00, 0x0c, 0xff, 0xd3, 0x00, 0x00, 0x00, 0x01, 0xaf, 0xff, 0x20, 0x0a,
    0xc0, 0x05, 0xff, 0xe2, 0x00, 0x00, 0x00, 0x00, 0x00, 0xaf, 0xfb, 0x04, 0xf6, 0x00, 0xcf, 0xf6,
    0x00, 0x00, 0x00, 0x00, 0x00, 0x01, 0xef, 0xf8, 0xe9, 0x00, 0x1f, 0xfe, 0x10, 0x00, 0x00, 0x00,
    0x00, 0x00, 0x08, 0xff, 0xe6, 0x00, 0x04, 0xff, 0xb0, 0x00, 0x00, 0x00, 0x00, 0x00, 0x00, 0x4f,
    0xfa, 0x00, 0x00, 0x6f, 0xf8, 0x00, 0x00, 0x00, 0x00, 0x00, 0x00, 0x01, 0xff, 0xd0, 0x00, 0x07,
    0xff, 0x60, 0x00, 0x00, 0x00, 0x00, 0x00, 0x00, 0x0f, 0xfe, 0x00, 0x00, 0x8f, 0xf6, 0x00, 0x00,
    0x00, 0x00, 0x00, 0x00, 0x00, 0xff, 0xf0, 0x00, 0x07, 0xff, 0x70, 0x00, 0x00, 0x00, 0x00, 0x00,
    0x00, 0x1f, 0xfe, 0x00, 0x00, 0x5f, 0xfa, 0x00, 0x00, 0x00, 0x00, 0x00, 0x00, 0x04, 0xff, 0xc0,
    0x00, 0x02, 0xff, 0xe0, 0x00, 0x00, 0x00, 0x00, 0x00, 0x00, 0x8f, 0xf9, 0x00, 0x00, 0x0c, 0xff,
    0x60, 0x00, 0x00, 0x00, 0x00, 0x00, 0x1e, 0xff, 0x40, 0x00, 0x00, 0x5f, 0xfe, 0x20, 0x00, 0x00,
    0x00, 0x00, 0x0a, 0xff, 0xd0, 0x00, 0x00, 0x00, 0xcf, 0xfe, 0x30, 0x00, 0x00, 0x00, 0x1a, 0xff,
    0xf5, 0x00, 0x00, 0x00, 0x02, 0xef, 0xff, 0xa5, 0x10, 0x13, 0x7e, 0xff, 0xf9, 0x00, 0x00, 0x00,
    0x00, 0x03, 0xef, 0xff, 0xff, 0xff, 0xff, 0xff, 0xf9, 0x00, 0x00, 0x00, 0x00, 0x00, 0x01, 0xaf,
    0xff, 0xff, 0xff, 0xff, 0xd5, 0x00, 0x00, 0x00, 0x00, 0x00, 0x00, 0x00, 0x28, 0xce, 0xfe, 0xda,
    0x50, 0x00, 0x00, 0x00, 0x00, 0x00, 0x00, 0x05, 0xce, 0xb6, 0x10, 0xdf, 0x10, 0x00, 0x00, 0x00,
    0x3f, 0xfc, 0xff, 0xfe, 0xfc, 0x00, 0x00, 0x00, 0x00, 0x8f, 0x70, 0x17, 0xce, 0xb2, 0x00, 0x00,
    0x00, 0x00, 0x00, 0x00, 0x00, 0x00, 0x00, 0x00, 0x00, 0x00, 0x00, 0x01, 0x7c, 0xef, 0xda, 0x50,
    0x00, 0x1f, 0xfb, 0x00, 0x5e, 0xff, 0xff, 0xff, 0xfc, 0x20, 0x1f, 0xfb, 0x05, 0xff, 0xff, 0xff,
    0xff, 0xff, 0xd1, 0x1f, 0xfb, 0x1e, 0xff, 0xc5, 0x10, 0x28, 0xff, 0xfa, 0x00, 0xb9, 0x7f, 0xfc,
    0x10, 0x00, 0x00, 0x4f, 0xff, 0x21, 0xe5, 0xbf, 0xf3, 0x00, 0x00, 0x00, 0x0a, 0xff, 0x8d, 0xa0,
    0xdf, 0xd0, 0x00, 0x00, 0x00, 0x05, 0xff, 0xe7, 0x00, 0xef, 0xb0, 0x00, 0x00, 0x00, 0x03, 0xff,
    0x80, 0x00, 0xff, 0xb0, 0x00, 0x00, 0x00, 0x03, 0xff, 0x70, 0x00, 0xdf, 0xd0, 0x00, 0x00, 0x00,
    0x05, 0xff, 0x60, 0x00, 0xbf, 0xf3, 0x00, 0x00, 0x00, 0x0a, 0xff, 0x30, 0x00, 0x7f, 0xfc, 0x10,
    0x00, 0x00, 0x4f, 0xfd, 0x00, 0x00, 0x1e, 0xff, 0xc5, 0x10, 0x28, 0xff, 0xf7, 0x00, 0x00, 0x05,
    0xff, 0xff, 0xff, 0xff, 0xff, 0xc0, 0x00, 0x00, 0x00, 0x5e, 0xff, 0xff, 0xff, 0xfa, 0x10, 0x00,
    0x00, 0x00, 0x02, 0x8c, 0xef, 0xda, 0x40, 0x00, 0x00, 0x00, 0x00, 0x00, 0x00, 0x38, 0xcd, 0xfe,
    0xd9, 0x40, 0x00, 0x00, 0x0c, 0xff, 0x00, 0x00, 0x02, 0xaf, 0xff, 0xff, 0xff, 0xff, 0xc3, 0x00,
    0x00, 0xcf, 0xf0, 0x00, 0x03, 0xef, 0xff, 0xff, 0xff, 0xff, 0xff, 0xf6, 0x00, 0x0c, 0xff, 0x00,
    0x02, 0xef, 0xff, 0xa5, 0x10, 0x13, 0x8e, 0xff, 0xf6, 0x00, 0x07, 0xe0, 0x00, 0xcf, 0xfd, 0x30,
    0x00, 0x00, 0x00, 0x1a, 0xff, 0xf2, 0x00, 0xac, 0x00, 0x5f, 0xfe, 0x20, 0x00, 0x00, 0x00, 0x00,
    0x0a, 0xff, 0xb0, 0x4f, 0x60, 0x0c, 0xff, 0x60, 0x00, 0x00, 0x00, 0x00, 0x00, 0x1e, 0xff, 0x8e,
    0x90, 0x01, 0xff, 0xe1, 0x00, 0x00, 0x00, 0x00, 0x00, 0x00, 0x8f, 0xfe, 0x60, 0x00, 0x4f, 0xfb,
    0x00, 0x00, 0x00, 0x00, 0x00, 0x00, 0x04, 0xff, 0xa0, 0x00, 0x06, 0xff, 0x80, 0x00, 0x00, 0x00,
    0x00, 0x00, 0x00, 0x1f, 0xfd, 0x00, 0x00, 0x7f, 0xf6, 0x00, 0x00, 0x00, 0x00, 0x00, 0x00, 0x00,
    0xff, 0xe0, 0x00, 0x08, 0xff, 0x60, 0x00, 0x00, 0x00, 0x00, 0x00, 0x00, 0x0f, 0xff, 0x00, 0x00,
    0x7f, 0xf7, 0x00, 0x00, 0x00, 0x00, 0x00, 0x00, 0x01, 0xff, 0xe0, 0x00, 0x05, 0xff, 0xa0, 0x00,
    0x00, 0x00, 0x00, 0x00, 0x00, 0x4f, 0xfc, 0x00, 0x00, 0x2f, 0xfe, 0x00, 0x00, 0x00, 0x00, 0x00,
    0x00, 0x08, 0xff, 0x90, 0x00, 0x00, 0xcf, 0xf6, 0x00, 0x00, 0x00, 0x00, 0x00, 0x01, 0xef, 0xf4,
    0x00, 0x00, 0x05, 0xff, 0xe2, 0x00, 0x00, 0x00, 0x00, 0x00, 0xaf, 0xfd, 0x00, 0x00, 0x00, 0x0c,
    0xff, 0xe3, 0x00, 0x00, 0x00, 0x01, 0xaf, 0xff, 0x50, 0x00, 0x00, 0x00, 0x2e, 0xff, 0xfa, 0x51,
    0x01, 0x37, 0xef, 0xff, 0x90, 0x00, 0x00, 0x00, 0x00, 0x3e, 0xff, 0xff, 0xff, 0xff, 0xff, 0xff,
    0x90, 0x00, 0x00, 0x00, 0x00, 0x00, 0x1a, 0xff, 0xff, 0xff, 0xff, 0xfd, 0x50, 0x00, 0x00, 0x00,
    0x00, 0x00, 0x00, 0x02, 0x8c, 0xef, 0xed, 0xa5, 0x00, 0x00, 0x00, 0x00, 0x00, 0x00, 0x00, 0x00,
    0x00, 0x00, 0x00, 0x00, 0x00, 0x00, 0x00, 0x00, 0x00, 0x00, 0x00, 0x00, 0x00, 0x00, 0x00, 0x00,
    0x00, 0x00, 0x00, 0x00, 0x00, 0x00, 0x00, 0x00, 0x00, 0x00, 0x0e, 0xff, 0x10, 0x00, 0x00, 0x00,
    0x00, 0x00, 0x00, 0x00, 0x00, 0x00, 0x00, 0xef, 0xf1, 0x00, 0x00, 0x00, 0x00, 0x00, 0x00, 0x00,
    0x00, 0x00, 0x00, 0x0e, 0xff, 0x10, 0x00, 0x00, 0x00, 0x00, 0x00, 0x00, 0x00, 0x01, 0x7c, 0xef,
    0xda, 0x50, 0x00, 0x1f, 0xfb, 0x00, 0x5e, 0xff, 0xff, 0xff, 0xfc, 0x20, 0x1f, 0xfb, 0x05, 0xff,
    0xff, 0xff, 0xff, 0xff, 0xd1, 0x1f, 0xfb, 0x1e, 0xff, 0xc5, 0x10, 0x28, 0xff, 0xfa, 0x00, 0xb9,
    0x7f, 0xfc, 0x10, 0x00, 0x00, 0x4f, 0xff, 0x21, 0xe5, 0xbf, 0xf3, 0x00, 0x00, 0x00, 0x0a, 0xff,
    0x8d, 0xa0, 0xdf, 0xd0, 0x00, 0x00, 0x00, 0x05, 0xff, 0xe7, 0x00, 0xef, 0xb0, 0x00, 0x00, 0x00,
    0x03, 0xff, 0x80, 0x00, 0xff, 0xb0, 0x00, 0x00, 0x00, 0x03, 0xff, 0x70, 0x00, 0xdf, 0xd0, 0x00,
    0x00, 0x00, 0x05, 0xff, 0x60, 0x00, 0xbf, 0xf3, 0x00, 0x00, 0x00, 0x0a, 0xff, 0x30, 0x00, 0x7f,
    0xfc, 0x10, 0x00, 0x00, 0x4f, 0xfd, 0x00, 0x00, 0x1e, 0xff, 0xc5, 0x10, 0x28, 0xff, 0xf7, 0x00,
    0x00, 0x05, 0xff, 0xff, 0xff, 0xff, 0xff, 0xc0, 0x00, 0x00, 0x00, 0x5e, 0xff, 0xff, 0xff, 0xfa,
    0x10, 0x00, 0x00, 0x00, 0x02, 0x8c, 0xef, 0xda, 0x40, 0x00, 0x00, 0x00, 0x00, 0x00, 0x00, 0x00,
    0x00, 0x00, 0x00, 0x00, 0x00, 0x00, 0x00, 0x00, 0x00, 0x00, 0x00, 0x00, 0x00, 0x00, 0x00, 0x00,
    0x05, 0xff, 0xa0, 0x00, 0x00, 0x00, 0x00, 0x00, 0x00, 0x05, 0xff, 0xa0, 0x00, 0x00, 0x00, 0x00,
    0x00, 0x00, 0x05, 0xff, 0xa0, 0x00, 0x00, 0x00, 0x00, 0xaf, 0xf3, 0x00, 0x00, 0x00, 0x00, 0x00,
    0x9f, 0xf4, 0xaf, 0xf3, 0x00, 0x00, 0x00, 0x00, 0x00, 0x9f, 0xf4, 0xaf, 0xf3, 0x00, 0x00, 0x00,
    0x00, 0x00, 0x9f, 0xf4, 0xaf, 0xf3, 0x00, 0x00, 0x00, 0x00, 0x00, 0x9f, 0xf4, 0xaf, 0xf3, 0x00,
    0x00, 0x00, 0x00, 0x00, 0x9f, 0xf4, 0xaf, 0xf3, 0x00, 0x00, 0x00, 0x00, 0x00, 0x9f, 0xf4, 0xaf,
    0xf3, 0x00, 0x00, 0x00, 0x00, 0x00, 0x9f, 0xf4, 0xaf, 0xf3, 0x00, 0x00, 0x00, 0x00, 0x00, 0x9f,
    0xf4, 0xaf, 0xf3, 0x00, 0x00, 0x00, 0x00, 0x00, 0x9f, 0xf4, 0xaf, 0xf3, 0x00, 0x00, 0x00, 0x00,
    0x00, 0x9f, 0xf4, 0xaf, 0xf3, 0x00, 0x00, 0x00, 0x00, 0x00, 0x9f, 0xf4, 0xaf, 0xf3, 0x00, 0x00,
    0x00, 0x00, 0x00, 0x9f, 0xf4, 0xaf, 0xf3, 0x00, 0x00, 0x00, 0x00, 0x00, 0x9f, 0xf4, 0x9f, 0xf3,
    0x00, 0x00, 0x00, 0x00, 0x00, 0xaf, 0xf3, 0x8f, 0xf4, 0x00, 0x00, 0x00, 0x00, 0x00, 0xbf, 0xf2,
    0x7f, 0xf6, 0x00, 0x00, 0x00, 0x00, 0x00, 0xdf, 0xf1, 0x4f, 0xfa, 0x00, 0x00, 0x00, 0x00, 0x02,
    0xff, 0xd0, 0x0e, 0xff, 0x30, 0x00, 0x00, 0x00, 0x09, 0xff, 0x80, 0x08, 0xff, 0xe4, 0x00, 0x00,
    0x01, 0x7f, 0xff, 0x20, 0x01, 0xcf, 0xff, 0xd9, 0x88, 0xae, 0xff, 0xf6, 0x00, 0x00, 0x1a, 0xff,
    0xff, 0xff, 0xff, 0xfe, 0x50, 0x00, 0x00, 0x00, 0x39, 0xce, 0xff, 0xdb, 0x61, 0x00, 0x00, 0x00,
    0x00, 0x00, 0x00, 0x00, 0x00, 0x00, 0x00, 0x00, 0x00, 0x00, 0x00, 0x00, 0x00, 0x00, 0x00, 0x00,
    0x00, 0x00, 0x00, 0x00, 0x0c, 0xff, 0x30, 0x00, 0x00, 0x00, 0x00, 0x00, 0x00, 0x0c, 0xff, 0x30,
    0x00, 0x00, 0x00, 0x00, 0x00, 0x00, 0x0c, 0xff, 0x30, 0x00, 0x00, 0x00, 0x1f, 0xf8, 0x00, 0x00,
    0x00, 0x2f, 0xf8, 0x1f, 0xf8, 0x00, 0x00, 0x00, 0x2f, 0xf8, 0x1f, 0xf8, 0x00, 0x00, 0x00, 0x2f,
    0xf8, 0x1f, 0xf8, 0x00, 0x00, 0x00, 0x2f, 0xf8, 0x1f, 0xf8, 0x00, 0x00, 0x00, 0x2f, 0xf8, 0x1f,
    0xf8, 0x00, 0x00, 0x00, 0x2f, 0xf8, 0x1f, 0xf8, 0x00, 0x00, 0x00, 0x2f, 0xf8, 0x1f, 0xf8, 0x00,
    0x00, 0x00, 0x2f, 0xf8, 0x1f, 0xf8, 0x00, 0x00, 0x00, 0x2f, 0xf8, 0x1f, 0xf9, 0x00, 0x00, 0x00,
    0x3f, 0xf8, 0x1f, 0xf9, 0x00, 0x00, 0x00, 0x5f, 0xf8, 0x0f, 0xfb, 0x00, 0x00, 0x00, 0x9f, 0xf8,
    0x0c, 0xff, 0x30, 0x00, 0x04, 0xff, 0xf8, 0x07, 0xff, 0xe8, 0x45, 0xaf, 0xee, 0xf8, 0x00, 0xbf,
    0xff, 0xff, 0xfe, 0x3c, 0xf8, 0x00, 0x05, 0xbe, 0xfd, 0x81, 0x0c, 0xf8, 0x00, 0x00, 0x00, 0x00,
    0x00, 0x00, 0x00, 0x00, 0x00, 0x00, 0x00, 0x00, 0x00, 0x00, 0x00, 0x00, 0x0b, 0xff, 0x40, 0x00,
    0x00, 0x00, 0x00, 0x0b, 0xff, 0x40, 0x00, 0x00, 0x00, 0x00, 0x0b, 0xff, 0x40, 0x00, 0x00, 0x00,
    0x00, 0x02, 0xff, 0xec, 0x71, 0x00, 0x00, 0x00, 0x00, 0x00, 0x00, 0x00, 0x2a, 0xfc, 0x00, 0x00,
    0x00, 0x00, 0x00, 0x00, 0x00, 0x2a, 0xff, 0x00, 0x00, 0x00, 0x00, 0x00, 0x00, 0x03, 0xff, 0xb4,
    0x00, 0x00, 0x00, 0x00, 0x00, 0x00, 0x03, 0xf7, 0x00, 0x00, 0x00, 0x00, 0x00, 0x00, 0x00, 0x00,
    0x00, 0x00, 0x00, 0x00, 0x00, 0xaf, 0xf3, 0x00, 0x00, 0x00, 0x00, 0x00, 0x9f, 0xf4, 0xaf, 0xf3,
    0x00, 0x00, 0x00, 0x00, 0x00, 0x9f, 0xf4, 0xaf, 0xf3, 0x00, 0x00, 0x00, 0x00, 0x00, 0x9f, 0xf4,
    0xaf, 0xf3, 0x00, 0x00, 0x00, 0x00, 0x00, 0x9f, 0xf4, 0xaf, 0xf3, 0x00, 0x00, 0x00, 0x00, 0x00,
    0x9f, 0xf4, 0xaf, 0xf3, 0x00, 0x00, 0x00, 0x00, 0x00, 0x9f, 0xf4, 0xaf, 0xf3, 0x00, 0x00, 0x00,
    0x00, 0x00, 0x9f, 0xf4, 0xaf, 0xf3, 0x00, 0x00, 0x00, 0x00, 0x00, 0x9f, 0xf4, 0xaf, 0xf3, 0x00,
    0x00, 0x00, 0x00, 0x00, 0x9f, 0xf4, 0xaf, 0xf3, 0x00, 0x00, 0x00, 0x00, 0x00, 0x9f, 0xf4, 0xaf,
    0xf3, 0x00, 0x00, 0x00, 0x00, 0x00, 0x9f, 0xf4, 0xaf, 0xf3, 0x00, 0x00, 0x00, 0x00, 0x00, 0x9f,
    0xf4, 0xaf, 0xf3, 0x00, 0x00, 0x00, 0x00, 0x00, 0x9f, 0xf4, 0x9f, 0xf3, 0x00, 0x00, 0x00, 0x00,
    0x00, 0xaf, 0xf3, 0x8f, 0xf4, 0x00, 0x00, 0x00, 0x00, 0x00, 0xbf, 0xf2, 0x7f, 0xf6, 0x00, 0x00,
    0x00, 0x00, 0x00, 0xdf, 0xf1, 0x4f, 0xfa, 0x00, 0x00, 0x00, 0x00, 0x02, 0xff, 0xd0, 0x0e, 0xff,
    0x30, 0x00, 0x00, 0x00, 0x09, 0xff, 0x80, 0x08, 0xff, 0xe4, 0x00, 0x00, 0x01, 0x7f, 0xff, 0x20,
    0x01, 0xcf, 0xff, 0xd9, 0x88, 0xae, 0xff, 0xf6, 0x00, 0x00, 0x1a, 0xff, 0xff, 0xff, 0xff, 0xfe,
    0x50, 0x00, 0x00, 0x00, 0x39, 0xce, 0xff, 0xdb, 0x61, 0x00, 0x00, 0x00, 0x00, 0x8f, 0xfe, 0xb6,
    0x00, 0x00, 0x00, 0x00, 0x00, 0x14, 0xef, 0x80, 0x00, 0x00, 0x00, 0x00, 0x04, 0xef, 0x90, 0x00,
    0x00, 0x00, 0x00, 0x9f, 0xe9, 0x10, 0x00, 0x00, 0x00, 0x00, 0x9f, 0x00, 0x00, 0x00, 0x00, 0x00,
    0x00, 0x00, 0x00, 0x00, 0x00, 0x00, 0x00, 0x00, 0x00, 0x00, 0x00, 0x00, 0x1f, 0xf8, 0x00, 0x00,
    0x00, 0x2f, 0xf8, 0x1f, 0xf8, 0x00, 0x00, 0x00, 0x2f, 0xf8, 0x1f, 0xf8, 0x00, 0x00, 0x00, 0x2f,
    0xf8, 0x1f, 0xf8, 0x00, 0x00, 0x00, 0x2f, 0xf8, 0x1f, 0xf8, 0x00, 0x00, 0x00, 0x2f, 0xf8, 0x1f,
    0xf8, 0x00, 0x00, 0x00, 0x2f, 0xf8, 0x1f, 0xf8, 0x00, 0x00, 0x00, 0x2f, 0xf8, 0x1f, 0xf8, 0x00,
    0x00, 0x00, 0x2f, 0xf8, 0x1f, 0xf8, 0x00, 0x00, 0x00, 0x2f, 0xf8, 0x1f, 0xf9, 0x00, 0x00, 0x00,
    0x3f, 0xf8, 0x1f, 0xf9, 0x00, 0x00, 0x00, 0x5f, 0xf8, 0x0f, 0xfb, 0x00, 0x00, 0x00, 0x9f, 0xf8,
    0x0c, 0xff, 0x30, 0x00, 0x04, 0xff, 0xf8, 0x07, 0xff, 0xe8, 0x45, 0xaf, 0xee, 0xf8, 0x00, 0xbf,
    0xff, 0xff, 0xfe, 0x3c, 0xf8, 0x00, 0x05, 0xbe, 0xfd, 0x81, 0x0c, 0xf8, 0x00, 0x00, 0x00, 0x00,
    0x4f, 0xfe, 0x20, 0x00, 0x00, 0x00, 0x00, 0x00, 0x00, 0x00, 0x00, 0x0c, 0xff, 0x30, 0x00, 0x00,
    0x00, 0x00, 0x00, 0x00, 0x00, 0x00, 0x04, 0xff, 0x60, 0x00, 0x00, 0x00, 0x00, 0x00, 0x00, 0x00,
    0x00, 0x00, 0xbf, 0x90, 0x00, 0x00, 0x00, 0x00, 0x00, 0x00, 0x00, 0x00, 0x00, 0x00, 0x00, 0x00,
    0x00, 0x00, 0x00, 0x00, 0x00, 0x00, 0x00, 0x00, 0x00, 0x00, 0x00, 0x00, 0x00, 0x00, 0x00, 0x00,
    0x00, 0xaf, 0xf3, 0x00, 0x00, 0x00, 0x00, 0x00, 0x9f, 0xf4, 0x06, 0xff, 0x6a, 0xff, 0x30, 0x00,
    0x00, 0x00, 0x00, 0x09, 0xff, 0x40, 0x6f, 0xf6, 0xaf, 0xf3, 0x00, 0x00, 0x00, 0x00, 0x00, 0x9f,
    0xf4, 0x06, 0xff, 0x6a, 0xff, 0x30, 0x00, 0x00, 0x00, 0x00, 0x09, 0xff, 0x40, 0x01, 0xf5, 0xaf,
    0xf3, 0x00, 0x00, 0x00, 0x00, 0x00, 0x9f, 0xf4, 0x00, 0x3f, 0x3a, 0xff, 0x30, 0x00, 0x00, 0x00,
    0x00, 0x09, 0xff, 0x40, 0x0a, 0xc0, 0xaf, 0xf3, 0x00, 0x00, 0x00, 0x00, 0x00, 0x9f, 0xf5, 0x5b,
    0xd2, 0x0a, 0xff, 0x30, 0x00, 0x00, 0x00, 0x00, 0x09, 0xff, 0xec, 0x71, 0x00, 0xaf, 0xf3, 0x00,
    0x00, 0x00, 0x00, 0x00, 0x9f, 0xf4, 0x00, 0x00, 0x0a, 0xff, 0x30, 0x00, 0x00, 0x00, 0x00, 0x09,
    0xff, 0x40, 0x00, 0x00, 0xaf, 0xf3, 0x00, 0x00, 0x00, 0x00, 0x00, 0x9f, 0xf4, 0x00, 0x00, 0x0a,
    0xff, 0x30, 0x00, 0x00, 0x00, 0x00, 0x09, 0xff, 0x40, 0x00, 0x00, 0xaf, 0xf3, 0x00, 0x00, 0x00,
    0x00, 0x00, 0x9f, 0xf4, 0x00, 0x00, 0x09, 0xff, 0x40, 0x00, 0x00, 0x00, 0x00, 0x0a, 0xff, 0x30,
    0x00, 0x00, 0x8f, 0xf5, 0x00, 0x00, 0x00, 0x00, 0x00, 0xbf, 0xf2, 0x00, 0x00, 0x06, 0xff, 0x80,
    0x00, 0x00, 0x00, 0x00, 0x0e, 0xff, 0x00, 0x00, 0x00, 0x4f, 0xfd, 0x00, 0x00, 0x00, 0x00, 0x04,
    0xff, 0xc0, 0x00, 0x00, 0x00, 0xef, 0xf8, 0x00, 0x00, 0x00, 0x01, 0xdf, 0xf8, 0x00, 0x00, 0x00,
    0x08, 0xff, 0xfb, 0x52, 0x01, 0x37, 0xdf, 0xfe, 0x10, 0x00, 0x00, 0x00, 0x1c, 0xff, 0xff, 0xff,
    0xff, 0xff, 0xff, 0x50, 0x00, 0x00, 0x00, 0x00, 0x1a, 0xff, 0xff, 0xff, 0xff, 0xfe, 0x40, 0x00,
    0x00, 0x00, 0x00, 0x00, 0x03, 0x9c, 0xef, 0xfd, 0xb6, 0x10, 0x00, 0x00, 0x00, 0x00, 0x00, 0x00,
    0x00, 0x0a, 0xff, 0xa0, 0x00, 0x00, 0x00, 0x00, 0x00, 0x00, 0x02, 0xff, 0xc1, 0x00, 0x00, 0x00,
    0x00, 0x00, 0x00, 0x00, 0x9f, 0xe2, 0x00, 0x00, 0x00, 0x00, 0x00, 0x00, 0x00, 0x2f, 0xf4, 0x00,
    0x00, 0x00, 0x00, 0x00, 0x00, 0x00, 0x00, 0x00, 0x00, 0x00, 0x00, 0x00, 0x00, 0x01, 0xff, 0x80,
    0x00, 0x00, 0x02, 0xff, 0x80, 0xaf, 0xf3, 0x1f, 0xf8, 0x00, 0x00, 0x00, 0x2f, 0xf8, 0x0a, 0xff,
    0x31, 0xff, 0x80, 0x00, 0x00, 0x02, 0xff, 0x80, 0xaf, 0xf2, 0x1f, 0xf8, 0x00, 0x00, 0x00, 0x2f,
    0xf8, 0x00, 0x5f, 0x21, 0xff, 0x80, 0x00, 0x00, 0x02, 0xff, 0x80, 0x06, 0xe0, 0x1f, 0xf8, 0x00,
    0x00, 0x00, 0x2f, 0xf8, 0x01, 0xd9, 0x01, 0xff, 0x80, 0x00, 0x00, 0x02, 0xff, 0x95, 0xdb, 0x00,
    0x1f, 0xf8, 0x00, 0x00, 0x00, 0x2f, 0xff, 0xc6, 0x00, 0x01, 0xff, 0x80, 0x00, 0x00, 0x02, 0xff,
    0x80, 0x00, 0x00, 0x1f, 0xf9, 0x00, 0x00, 0x00, 0x3f, 0xf8, 0x00, 0x00, 0x01, 0xff, 0xa0, 0x00,
    0x00, 0x07, 0xff, 0x80, 0x00, 0x00, 0x0f, 0xfe, 0x10, 0x00, 0x01, 0xdf, 0xf8, 0x00, 0x00, 0x00,
    0xcf, 0xfb, 0x31, 0x16, 0xdf, 0xef, 0x80, 0x00, 0x00, 0x07, 0xff, 0xff, 0xff, 0xff, 0x9c, 0xf8,
    0x00, 0x00, 0x00, 0x0b, 0xff, 0xff, 0xff, 0xb1, 0xcf, 0x80, 0x00, 0x00, 0x00, 0x06, 0xbe, 0xec,
    0x60, 0x0c, 0xf8, 0x00, 0x00, 0x00, 0x00, 0x00, 0x09, 0xff, 0xc0, 0x00, 0x00, 0x00, 0x00, 0x00,
    0x00, 0x00, 0x00, 0x00, 0x0b, 0xff, 0x40, 0x00, 0x00, 0x00, 0x00, 0x00, 0x00, 0x00, 0x00, 0x00,
    0x1c, 0xfc, 0x00, 0x00, 0x00, 0x00, 0x00, 0x00, 0x00, 0x00, 0x00, 0x00, 0x2e, 0xf4, 0x00, 0x00,
    0x00, 0x00, 0x00, 0x00, 0x00, 0x00, 0x00, 0x00, 0x00, 0x00, 0x00, 0x00, 0x00, 0x00, 0x00, 0x00,
    0x00, 0x00, 0x00, 0x00, 0x00, 0x00, 0x00, 0x00, 0x00, 0x00, 0x00, 0xaf, 0xf3, 0x00, 0x00, 0x00,
    0x00, 0x00, 0x9f, 0xf4, 0x06, 0xff, 0x6a, 0xff, 0x30, 0x00, 0x00, 0x00, 0x00, 0x09, 0xff, 0x40,
    0x6f, 0xf6, 0xaf, 0xf3, 0x00, 0x00, 0x00, 0x00, 0x00, 0x9f, 0xf4, 0x06, 0xff, 0x6a, 0xff, 0x30,
    0x00, 0x00, 0x00, 0x00, 0x09, 0xff, 0x40, 0x01, 0xf5, 0xaf, 0xf3, 0x00, 0x00, 0x00, 0x00, 0x00,
    0x9f, 0xf4, 0x00, 0x3f, 0x3a, 0xff, 0x30, 0x00, 0x00, 0x00, 0x00, 0x09, 0xff, 0x40, 0x0a, 0xc0,
    0xaf, 0xf3, 0x00, 0x00, 0x00, 0x00, 0x00, 0x9f, 0xf5, 0x5b, 0xd2, 0x0a, 0xff, 0x30, 0x00, 0x00,
    0x00, 0x00, 0x09, 0xff, 0xec, 0x71, 0x00, 0xaf, 0xf3, 0x00, 0x00, 0x00, 0x00, 0x00, 0x9f, 0xf4,
    0x00, 0x00, 0x0a, 0xff, 0x30, 0x00, 0x00, 0x00, 0x00, 0x09, 0xff, 0x40, 0x00, 0x00, 0xaf, 0xf3,
    0x00, 0x00, 0x00, 0x00, 0x00, 0x9f, 0xf4, 0x00, 0x00, 0x0a, 0xff, 0x30, 0x00, 0x00, 0x00, 0x00,
    0x09, 0xff, 0x40, 0x00, 0x00, 0xaf, 0xf3, 0x00, 0x00, 0x00, 0x00, 0x00, 0x9f, 0xf4, 0x00, 0x00,
    0x09, 0xff, 0x40, 0x00, 0x00, 0x00, 0x00, 0x0a, 0xff, 0x30, 0x00, 0x00, 0x8f, 0xf5, 0x00, 0x00,
    0x00, 0x00, 0x00, 0xbf, 0xf2, 0x00, 0x00, 0x06, 0xff, 0x80, 0x00, 0x00, 0x00, 0x00, 0x0e, 0xff,
    0x00, 0x00, 0x00, 0x4f, 0xfd, 0x00, 0x00, 0x00, 0x00, 0x04, 0xff, 0xc0, 0x00, 0x00, 0x00, 0xef,
    0xf8, 0x00, 0x00, 0x00, 0x01, 0xdf, 0xf8, 0x00, 0x00, 0x00, 0x08, 0xff, 0xfb, 0x52, 0x01, 0x37,
    0xdf, 0xfe, 0x10, 0x00, 0x00, 0x00, 0x1c, 0xff, 0xff, 0xff, 0xff, 0xff, 0xff, 0x50, 0x00, 0x00,
    0x00, 0x00, 0x1a, 0xff, 0xff, 0xff, 0xff, 0xfe, 0x40, 0x00, 0x00, 0x00, 0x00, 0x00, 0x03, 0x9c,
    0xef, 0xfd, 0xb6, 0x10, 0x00, 0x00, 0x00, 0x00, 0x00, 0x02, 0xef, 0xf5, 0x00, 0x00, 0x00, 0x00,
    0x00, 0x00, 0x00, 0x03, 0xff, 0xc0, 0x00, 0x00, 0x00, 0x00, 0x00, 0x00, 0x00, 0x05, 0xff, 0x50,
    0x00, 0x00, 0x00, 0x00, 0x00, 0x00, 0x00, 0x07, 0xfc, 0x00, 0x00, 0x00, 0x00, 0x00, 0x00, 0x00,
    0x00, 0x00, 0x00, 0x00, 0x00, 0x00, 0x00, 0x01, 0xff, 0x80, 0x00, 0x00, 0x02, 0xff, 0x80, 0xaf,
    0xf3, 0x1f, 0xf8, 0x00, 0x00, 0x00, 0x2f, 0xf8, 0x0a, 0xff, 0x31, 0xff, 0x80, 0x00, 0x00, 0x02,
    0xff, 0x80, 0xaf, 0xf2, 0x1f, 0xf8, 0x00, 0x00, 0x00, 0x2f, 0xf8, 0x00, 0x5f, 0x21, 0xff, 0x80,
    0x00, 0x00, 0x02, 0xff, 0x80, 0x06, 0xe0, 0x1f, 0xf8, 0x00, 0x00, 0x00, 0x2f, 0xf8, 0x01, 0xd9,
    0x01, 0xff, 0x80, 0x00, 0x00, 0x02, 0xff, 0x95, 0xdb, 0x00, 0x1f, 0xf8, 0x00, 0x00, 0x00, 0x2f,
    0xff, 0xc6, 0x00, 0x01, 0xff, 0x80, 0x00, 0x00, 0x02, 0xff, 0x80, 0x00, 0x00, 0x1f, 0xf9, 0x00,
    0x00, 0x00, 0x3f, 0xf8, 0x00, 0x00, 0x01, 0xff, 0xa0, 0x00, 0x00, 0x07, 0xff, 0x80, 0x00, 0x00,
    0x0f, 0xfe, 0x10, 0x00, 0x01, 0xdf, 0xf8, 0x00, 0x00, 0x00, 0xcf, 0xfb, 0x31, 0x16, 0xdf, 0xef,
    0x80, 0x00, 0x00, 0x07, 0xff, 0xff, 0xff, 0xff, 0x9c, 0xf8, 0x00, 0x00, 0x00, 0x0b, 0xff, 0xff,
    0xff, 0xb1, 0xcf, 0x80, 0x00, 0x00, 0x00, 0x06, 0xbe, 0xec, 0x60, 0x0c, 0xf8, 0x00, 0x00, 0x00,
    0x00, 0x00, 0x02, 0xff, 0xec, 0x71, 0x00, 0x00, 0x00, 0x00, 0x00, 0x00, 0x00, 0x00, 0x00, 0x02,
    0xaf, 0xc0, 0x00, 0x00, 0x00, 0x00, 0x00, 0x00, 0x00, 0x00, 0x00, 0x2a, 0xff, 0x00, 0x00, 0x00,
    0x00, 0x00, 0x00, 0x00, 0x00, 0x00, 0x3f, 0xfb, 0x40, 0x00, 0x00, 0x00, 0x00, 0x00, 0x00, 0x00,
    0x00, 0x03, 0xf7, 0x00, 0x00, 0x00, 0x00, 0x00, 0x00, 0x00, 0x00, 0x00, 0x00, 0x00, 0x00, 0x00,
    0x00, 0x00, 0x00, 0x00, 0x00, 0xaf, 0xf3, 0x00, 0x00, 0x00, 0x00, 0x00, 0x9f, 0xf4, 0x06, 0xff,
    0x6a, 0xff, 0x30, 0x00, 0x00, 0x00, 0x00, 0x09, 0xff, 0x40, 0x6f, 0xf6, 0xaf, 0xf3, 0x00, 0x00,
    0x00, 0x00, 0x00, 0x9f, 0xf4, 0x06, 0xff, 0x6a, 0xff, 0x30, 0x00, 0x00, 0x00, 0x00, 0x09, 0xff,
    0x40, 0x01, 0xf5, 0xaf, 0xf3, 0x00, 0x00, 0x00, 0x00, 0x00, 0x9f, 0xf4, 0x00, 0x3f, 0x3a, 0xff,
    0x30, 0x00, 0x00, 0x00, 0x00, 0x09, 0xff, 0x40, 0x0a, 0xc0, 0xaf, 0xf3, 0x00, 0x00, 0x00, 0x00,
    0x00, 0x9f, 0xf5, 0x5b, 0xd2, 0x0a, 0xff, 0x30, 0x00, 0x00, 0x00, 0x00, 0x09, 0xff, 0xec, 0x71,
    0x00, 0xaf, 0xf3, 0x00, 0x00, 0x00, 0x00, 0x00, 0x9f, 0xf4, 0x00, 0x00, 0x0a, 0xff, 0x30, 0x00,
    0x00, 0x00, 0x00, 0x09, 0xff, 0x40, 0x00, 0x00, 0xaf, 0xf3, 0x00, 0x00, 0x00, 0x00, 0x00, 0x9f,
    0xf4, 0x00, 0x00, 0x0a, 0xff, 0x30, 0x00, 0x00, 0x00, 0x00, 0x09, 0xff, 0x40, 0x00, 0x00, 0xaf,
    0xf3, 0x00, 0x00, 0x00, 0x00, 0x00, 0x9f, 0xf4, 0x00, 0x00, 0x09, 0xff, 0x40, 0x00, 0x00, 0x00,
    0x00, 0x0a, 0xff, 0x30, 0x00, 0x00, 0x8f, 0xf5, 0x00, 0x00, 0x00, 0x00, 0x00, 0xbf, 0xf2, 0x00,
    0x00, 0x06, 0xff, 0x80, 0x00, 0x00, 0x00, 0x00, 0x0e, 0xff, 0x00, 0x00, 0x00, 0x4f, 0xfd, 0x00,
    0x00, 0x00, 0x00, 0x04, 0xff, 0xc0, 0x00, 0x00, 0x00, 0xef, 0xf8, 0x00, 0x00, 0x00, 0x01, 0xdf,
    0xf8, 0x00, 0x00, 0x00, 0x08, 0xff, 0xfb, 0x52, 0x01, 0x37, 0xdf, 0xfe, 0x10, 0x00, 0x00, 0x00,
    0x1c, 0xff, 0xff, 0xff, 0xff, 0xff, 0xff, 0x50, 0x00, 0x00, 0x00, 0x00, 0x1a, 0xff, 0xff, 0xff,
    0xff, 0xfe, 0x40, 0x00, 0x00, 0x00, 0x00, 0x00, 0x03, 0x9c, 0xef, 0xfd, 0xb6, 0x10, 0x00, 0x00,
    0x00, 0x00, 0x00, 0x00, 0x8f, 0xfe, 0xb6, 0x00, 0x00, 0x00, 0x00, 0x00, 0x00, 0x00, 0x01, 0x4e,
    0xf8, 0x00, 0x00, 0x00, 0x00, 0x00, 0x00, 0x00, 0x04, 0xef, 0x90, 0x00, 0x00, 0x00, 0x00, 0x00,
    0x00, 0x09, 0xfe, 0x91, 0x00, 0x00, 0x00, 0x00, 0x00, 0x00, 0x00, 0x9f, 0x00, 0x00, 0x00, 0x00,
    0x00, 0x00, 0x00, 0x00, 0x00, 0x00, 0x00, 0x00, 0x00, 0x00, 0x00, 0x00, 0x00, 0x00, 0x00, 0x00,
    0x00, 0x00, 0x00, 0x00, 0x01, 0xff, 0x80, 0x00, 0x00, 0x02, 0xff, 0x80, 0xaf, 0xf3, 0x1f, 0xf8,
    0x00, 0x00, 0x00, 0x2f, 0xf8, 0x0a, 0xff, 0x31, 0xff, 0x80, 0x00, 0x00, 0x02, 0xff, 0x80, 0xaf,
    0xf2, 0x1f, 0xf8, 0x00, 0x00, 0x00, 0x2f, 0xf8, 0x00, 0x5f, 0x21, 0xff, 0x80, 0x00, 0x00, 0x02,
    0xff, 0x80, 0x06, 0xe0, 0x1f, 0xf8, 0x00, 0x00, 0x00, 0x2f, 0xf8, 0x01, 0xd9, 0x01, 0xff, 0x80,
    0x00, 0x00, 0x02, 0xff, 0x95, 0xdb, 0x00, 0x1f, 0xf8, 0x00, 0x00, 0x00, 0x2f, 0xff, 0xc6, 0x00,
    0x01, 0xff, 0x80, 0x00, 0x00, 0x02, 0xff, 0x80, 0x00, 0x00, 0x1f, 0xf9, 0x00, 0x00, 0x00, 0x3f,
    0xf8, 0x00, 0x00, 0x01, 0xff, 0xa0, 0x00, 0x00, 0x07, 0xff, 0x80, 0x00, 0x00, 0x0f, 0xfe, 0x10,
    0x00, 0x01, 0xdf, 0xf8, 0x00, 0x00, 0x00, 0xcf, 0xfb, 0x31, 0x16, 0xdf, 0xef, 0x80, 0x00, 0x00,
    0x07, 0xff, 0xff, 0xff, 0xff, 0x9c, 0xf8, 0x00, 0x00, 0x00, 0x0b, 0xff, 0xff, 0xff, 0xb1, 0xcf,
    0x80, 0x00, 0x00, 0x00, 0x06, 0xbe, 0xec, 0x60, 0x0c, 0xf8, 0x00, 0x00, 0x00, 0x00, 0x00, 0x08,
    0xdd, 0xa4, 0x03, 0xfc, 0x00, 0x00, 0x00, 0x00, 0x00, 0x00, 0x08, 0xfe, 0xdf, 0xfe, 0xff, 0x80,
    0x00, 0x00, 0x00, 0x00, 0x00, 0x00, 0xcf, 0x20, 0x39, 0xdd, 0x80, 0x00, 0x00, 0x00, 0x00, 0x00,
    0x00, 0x00, 0x00, 0x00, 0x00, 0x00, 0x00, 0x00, 0x00, 0x00, 0x00, 0x00, 0x00, 0x00, 0x00, 0x00,
    0x00, 0x00, 0x00, 0x00, 0x00, 0x00, 0x0a, 0xff, 0x30, 0x00, 0x00, 0x00, 0x00, 0x09, 0xff, 0x40,
    0x6f, 0xf6, 0xaf, 0xf3, 0x00, 0x00, 0x00, 0x00, 0x00, 0x9f, 0xf4, 0x06, 0xff, 0x6a, 0xff, 0x30,
    0x00, 0x00, 0x00, 0x00, 0x09, 0xff, 0x40, 0x6f, 0xf6, 0xaf, 0xf3, 0x00, 0x00, 0x00, 0x00, 0x00,
    0x9f, 0xf4, 0x00, 0x1f, 0x5a, 0xff, 0x30, 0x00, 0x00, 0x00, 0x00, 0x09, 0xff, 0x40, 0x03, 0xf3,
    0xaf, 0xf3, 0x00, 0x00, 0x00, 0x00, 0x00, 0x9f, 0xf4, 0x00, 0xac, 0x0a, 0xff, 0x30, 0x00, 0x00,
    0x00, 0x00, 0x09, 0xff, 0x55, 0xbd, 0x20, 0xaf, 0xf3, 0x00, 0x00, 0x00, 0x00, 0x00, 0x9f, 0xfe,
    0xc7, 0x10, 0x0a, 0xff, 0x30, 0x00, 0x00, 0x00, 0x00, 0x09, 0xff, 0x40, 0x00, 0x00, 0xaf, 0xf3,
    0x00, 0x00, 0x00, 0x00, 0x00, 0x9f, 0xf4, 0x00, 0x00, 0x0a, 0xff, 0x30, 0x00, 0x00, 0x00, 0x00,
    0x09, 0xff, 0x40, 0x00, 0x00, 0xaf, 0xf3, 0x00, 0x00, 0x00, 0x00, 0x00, 0x9f, 0xf4, 0x00, 0x00,
    0x0a, 0xff, 0x30, 0x00, 0x00, 0x00, 0x00, 0x09, 0xff, 0x40, 0x00, 0x00, 0x9f, 0xf4, 0x00, 0x00,
    0x00, 0x00, 0x00, 0xaf, 0xf3, 0x00, 0x00, 0x08, 0xff, 0x50, 0x00, 0x00, 0x00, 0x00, 0x0b, 0xff,
    0x20, 0x00, 0x00, 0x6f, 0xf8, 0x00, 0x00, 0x00, 0x00, 0x00, 0xef, 0xf0, 0x00, 0x00, 0x04, 0xff,
    0xd0, 0x00, 0x00, 0x00, 0x00, 0x4f, 0xfc, 0x00, 0x00, 0x00, 0x0e, 0xff, 0x80, 0x00, 0x00, 0x00,
    0x1d, 0xff, 0x80, 0x00, 0x00, 0x00, 0x8f, 0xff, 0xb5, 0x20, 0x13, 0x7d, 0xff, 0xe1, 0x00, 0x00,
    0x00, 0x01, 0xcf, 0xff, 0xff, 0xff, 0xff, 0xff, 0xf5, 0x00, 0x00, 0x00, 0x00, 0x01, 0xaf, 0xff,
    0xff, 0xff, 0xff, 0xe4, 0x00, 0x00, 0x00, 0x00, 0x00, 0x00, 0x39, 0xce, 0xff, 0xdb, 0x61, 0x00,
    0x00, 0x00, 0x00, 0x00, 0x00, 0x04, 0xce, 0xc6, 0x10, 0xcf, 0x30, 0x00, 0x00, 0x00, 0x02, 0xff,
    0xcf, 0xff, 0xef, 0xd0, 0x00, 0x00, 0x00, 0x00, 0x7f, 0x80, 0x17, 0xce, 0xb3, 0x00, 0x00, 0x00,
    0x00, 0x00, 0x00, 0x00, 0x00, 0x00, 0x00, 0x00, 0x00, 0x00, 0x1f, 0xf8, 0x00, 0x00, 0x00, 0x2f,
    0xf8, 0x0a, 0xff, 0x31, 0xff, 0x80, 0x00, 0x00, 0x02, 0xff, 0x80, 0xaf, 0xf3, 0x1f, 0xf8, 0x00,
    0x00, 0x00, 0x2f, 0xf8, 0x0a, 0xff, 0x21, 0xff, 0x80, 0x00, 0x00, 0x02, 0xff, 0x80, 0x05, 0xf2,
    0x1f, 0xf8, 0x00, 0x00, 0x00, 0x2f, 0xf8, 0x00, 0x6e, 0x01, 0xff, 0x80, 0x00, 0x00, 0x02, 0xff,
    0x80, 0x1d, 0x90, 0x1f, 0xf8, 0x00, 0x00, 0x00, 0x2f, 0xf9, 0x5d, 0xb0, 0x01, 0xff, 0x80, 0x00,
    0x00, 0x02, 0xff, 0xfc, 0x60, 0x00, 0x1f, 0xf8, 0x00, 0x00, 0x00, 0x2f, 0xf8, 0x00, 0x00, 0x01,
    0xff, 0x90, 0x00, 0x00, 0x03, 0xff, 0x80, 0x00, 0x00, 0x1f, 0xfa, 0x00, 0x00, 0x00, 0x7f, 0xf8,
    0x00, 0x00, 0x00, 0xff, 0xe1, 0x00, 0x00, 0x1d, 0xff, 0x80, 0x00, 0x00, 0x0c, 0xff, 0xb3, 0x11,
    0x6d, 0xfe, 0xf8, 0x00, 0x00, 0x00, 0x7f, 0xff, 0xff, 0xff, 0xf9, 0xcf, 0x80, 0x00, 0x00, 0x00,
    0xbf, 0xff, 0xff, 0xfb, 0x1c, 0xf8, 0x00, 0x00, 0x00, 0x00, 0x6b, 0xee, 0xc6, 0x00, 0xcf, 0x80,
    0x00, 0x00, 0xaf, 0xf3, 0x00, 0x00, 0x00, 0x00, 0x00, 0x9f, 0xf4, 0x06, 0xff, 0x6a, 0xff, 0x30,
    0x00, 0x00, 0x00, 0x00, 0x09, 0xff, 0x40, 0x6f, 0xf6, 0xaf, 0xf3, 0x00, 0x00, 0x00, 0x00, 0x00,
    0x9f, 0xf4, 0x06, 0xff, 0x6a, 0xff, 0x30, 0x00, 0x00, 0x00, 0x00, 0x09, 0xff, 0x40, 0x01, 0xf5,
    0xaf, 0xf3, 0x00, 0x00, 0x00, 0x00, 0x00, 0x9f, 0xf4, 0x00, 0x3f, 0x3a, 0xff, 0x30, 0x00, 0x00,
    0x00, 0x00, 0x09, 0xff, 0x40, 0x0a, 0xc0, 0xaf, 0xf3, 0x00, 0x00, 0x00, 0x00, 0x00, 0x9f, 0xf5,
    0x5b, 0xd2, 0x0a, 0xff, 0x30, 0x00, 0x00, 0x00, 0x00, 0x09, 0xff, 0xec, 0x71, 0x00, 0xaf, 0xf3,
    0x00, 0x00, 0x00, 0x00, 0x00, 0x9f, 0xf4, 0x00, 0x00, 0x0a, 0xff, 0x30, 0x00, 0x00, 0x00, 0x00,
    0x09, 0xff, 0x40, 0x00, 0x00, 0xaf, 0xf3, 0x00, 0x00, 0x00, 0x00, 0x00, 0x9f, 0xf4, 0x00, 0x00,
    0x0a, 0xff, 0x30, 0x00, 0x00, 0x00, 0x00, 0x09, 0xff, 0x40, 0x00, 0x00, 0xaf, 0xf3, 0x00, 0x00,
    0x00, 0x00, 0x00, 0x9f, 0xf4, 0x00, 0x00, 0x09, 0xff, 0x40, 0x00, 0x00, 0x00, 0x00, 0x0a, 0xff,
    0x30, 0x00, 0x00, 0x8f, 0xf5, 0x00, 0x00, 0x00, 0x00, 0x00, 0xbf, 0xf2, 0x00, 0x00, 0x06, 0xff,
    0x80, 0x00, 0x00, 0x00, 0x00, 0x0e, 0xff, 0x00, 0x00, 0x00, 0x4f, 0xfd, 0x00, 0x00, 0x00, 0x00,
    0x04, 0xff, 0xc0, 0x00, 0x00, 0x00, 0xef, 0xf8, 0x00, 0x00, 0x00, 0x01, 0xdf, 0xf8, 0x00, 0x00,
    0x00, 0x08, 0xff, 0xfb, 0x52, 0x01, 0x37, 0xdf, 0xfe, 0x10, 0x00, 0x00, 0x00, 0x1c, 0xff, 0xff,
    0xff, 0xff, 0xff, 0xff, 0x50, 0x00, 0x00, 0x00, 0x00, 0x1a, 0xff, 0xff, 0xff, 0xff, 0xfe, 0x40,
    0x00, 0x00, 0x00, 0x00, 0x00, 0x03, 0x9c, 0xef, 0xfd, 0xb6, 0x10, 0x00, 0x00, 0x00, 0x00, 0x00,
    0x00, 0x00, 0x00, 0x00, 0x00, 0x00, 0x00, 0x00, 0x00, 0x00, 0x00, 0x00, 0x00, 0x00, 0x00, 0x00,
    0x00, 0x00, 0x00, 0x00, 0x00, 0x00, 0x00, 0x00, 0x00, 0x0c, 0xff, 0x30, 0x00, 0x00, 0x00, 0x00,
    0x00, 0x00, 0x00, 0x00, 0x00, 0xcf, 0xf3, 0x00, 0x00, 0x00, 0x00, 0x00, 0x00, 0x00, 0x00, 0x00,
    0x0c, 0xff, 0x30, 0x00, 0x00, 0x00, 0x00, 0x00, 0x00, 0x1f, 0xf8, 0x00, 0x00, 0x00, 0x2f, 0xf8,
    0x0a, 0xff, 0x31, 0xff, 0x80, 0x00, 0x00, 0x02, 0xff, 0x80, 0xaf, 0xf3, 0x1f, 0xf8, 0x00, 0x00,
    0x00, 0x2f, 0xf8, 0x0a, 0xff, 0x21, 0xff, 0x80, 0x00, 0x00, 0x02, 0xff, 0x80, 0x05, 0xf2, 0x1f,
    0xf8, 0x00, 0x00, 0x00, 0x2f, 0xf8, 0x00, 0x6e, 0x01, 0xff, 0x80, 0x00, 0x00, 0x02, 0xff, 0x80,
    0x1d, 0x90, 0x1f, 0xf8, 0x00, 0x00, 0x00, 0x2f, 0xf9, 0x5d, 0xb0, 0x01, 0xff, 0x80, 0x00, 0x00,
    0x02, 0xff, 0xfc, 0x60, 0x00, 0x1f, 0xf8, 0x00, 0x00, 0x00, 0x2f, 0xf8, 0x00, 0x00, 0x01, 0xff,
    0x90, 0x00, 0x00, 0x03, 0xff, 0x80, 0x00, 0x00, 0x1f, 0xfa, 0x00, 0x00, 0x00, 0x7f, 0xf8, 0x00,
    0x00, 0x00, 0xff, 0xe1, 0x00, 0x00, 0x1d, 0xff, 0x80, 0x00, 0x00, 0x0c, 0xff, 0xb3, 0x11, 0x6d,
    0xfe, 0xf8, 0x00, 0x00, 0x00, 0x7f, 0xff, 0xff, 0xff, 0xf9, 0xcf, 0x80, 0x00, 0x00, 0x00, 0xbf,
    0xff, 0xff, 0xfb, 0x1c, 0xf8, 0x00, 0x00, 0x00, 0x00, 0x6b, 0xee, 0xc6, 0x00, 0xcf, 0x80, 0x00,
    0x00, 0x00, 0x00, 0x00, 0x00, 0x00, 0x00, 0x00, 0x00, 0x00, 0x00, 0x00, 0x00, 0x00, 0x00, 0x00,
    0x00, 0x00, 0x00, 0x00, 0x00, 0x00, 0x0b, 0xff, 0x40, 0x00, 0x00, 0x00, 0x00, 0x00, 0x00, 0x00,
    0xbf, 0xf4, 0x00, 0x00, 0x00, 0x00, 0x00, 0x00, 0x00, 0x0b, 0xff, 0x40, 0x00, 0x00, 0x00, 0x00,
    0x00, 0x00, 0x00, 0x00, 0x6f, 0xfe, 0x10, 0x00, 0x00, 0x00, 0x00, 0x00, 0x00, 0x00, 0x08, 0xff,
    0x70, 0x00, 0x00, 0x00, 0x00, 0x00, 0x00, 0x00, 0x00, 0xbf, 0xe1, 0x00, 0x00, 0x00, 0x00, 0x00,
    0x00, 0x00, 0x00, 0x1c, 0xf7, 0x00, 0x00, 0x00, 0x00, 0x00, 0x00, 0x00, 0x00, 0x00, 0x00, 0x00,
    0x00, 0x00, 0x00, 0x00, 0x00, 0x00, 0x00, 0x00, 0x00, 0x00, 0x00, 0x00, 0x00, 0x9f, 0xfc, 0x00,
    0x00, 0x00, 0x00, 0x00, 0x00, 0xcf, 0xf7, 0x1d, 0xff, 0x70, 0x00, 0x00, 0x00, 0x00, 0x07, 0xff,
    0xc0, 0x05, 0xff, 0xe2, 0x00, 0x00, 0x00, 0x00, 0x2e, 0xff, 0x20, 0x00, 0xaf, 0xfa, 0x00, 0x00,
    0x00, 0x00, 0xaf, 0xf7, 0x00, 0x00, 0x2e, 0xff, 0x50, 0x00, 0x00, 0x05, 0xff, 0xc0, 0x00, 0x00,
    0x06, 0xff, 0xd1, 0x00, 0x00, 0x1d, 0xff, 0x30, 0x00, 0x00, 0x00, 0xcf, 0xf8, 0x00, 0x00, 0x8f,
    0xf7, 0x00, 0x00, 0x00, 0x00, 0x2f, 0xff, 0x20, 0x03, 0xff, 0xc0, 0x00, 0x00, 0x00, 0x00, 0x08,
    0xff, 0xa0, 0x0b, 0xff, 0x30, 0x00, 0x00, 0x00, 0x00, 0x00, 0xdf, 0xf4, 0x5f, 0xf8, 0x00, 0x00,
    0x00, 0x00, 0x00, 0x00, 0x4f, 0xfc, 0xdf, 0xc0, 0x00, 0x00, 0x00, 0x00, 0x00, 0x00, 0x09, 0xff,
    0xff, 0x30, 0x00, 0x00, 0x00, 0x00, 0x00, 0x00, 0x01, 0xef, 0xf8, 0x00, 0x00, 0x00, 0x00, 0x00,
    0x00, 0x00, 0x00, 0xaf, 0xf3, 0x00, 0x00, 0x00, 0x00, 0x00, 0x00, 0x00, 0x00, 0xaf, 0xf3, 0x00,
    0x00, 0x00, 0x00, 0x00, 0x00, 0x00, 0x00, 0xaf, 0xf3, 0x00, 0x00, 0x00, 0x00, 0x00, 0x00, 0x00,
    0x00, 0xaf, 0xf3, 0x00, 0x00, 0x00, 0x00, 0x00, 0x00, 0x00, 0x00, 0xaf, 0xf3, 0x00, 0x00, 0x00,
    0x00, 0x00, 0x00, 0x00, 0x00, 0xaf, 0xf3, 0x00, 0x00, 0x00, 0x00, 0x00, 0x00, 0x00, 0x00, 0xaf,
    0xf3, 0x00, 0x00, 0x00, 0x00, 0x00, 0x00, 0x00, 0x00, 0xaf, 0xf3, 0x00, 0x00, 0x00, 0x00, 0x00,
    0x00, 0x00, 0x00, 0xaf, 0xf3, 0x00, 0x00, 0x00, 0x00, 0x00, 0x00, 0x9f, 0xfb, 0x00, 0x00, 0x00,
    0x00, 0x00, 0x00, 0xbf, 0xf4, 0x00, 0x00, 0x00, 0x00, 0x00, 0x01, 0xdf, 0xb0, 0x00, 0x00, 0x00,
    0x00, 0x00, 0x02, 0xef, 0x40, 0x00, 0x00, 0x00, 0x00, 0x00, 0x00, 0x00, 0x00, 0x00, 0x05, 0xff,
    0x70, 0x00, 0x00, 0x00, 0x1f, 0xf8, 0x0e, 0xfd, 0x00, 0x00, 0x00, 0x07, 0xff, 0x30, 0x9f, 0xf3,
    0x00, 0x00, 0x00, 0xcf, 0xc0, 0x03, 0xff, 0x80, 0x00, 0x00, 0x2f, 0xf6, 0x00, 0x0d, 0xfd, 0x00,
    0x00, 0x07, 0xff, 0x10, 0x00, 0x7f, 0xf4, 0x00, 0x00, 0xdf, 0xa0, 0x00, 0x02, 0xff, 0x90, 0x00,
    0x3f, 0xf5, 0x00, 0x00, 0x0b, 0xfe, 0x00, 0x08, 0xfe, 0x00, 0x00, 0x00, 0x6f, 0xf4, 0x00, 0xef,
    0x90, 0x00, 0x00, 0x01, 0xef, 0x90, 0x4f, 0xf3, 0x00, 0x00, 0x00, 0x0a, 0xfe, 0x08, 0xfc, 0x00,
    0x00, 0x00, 0x00, 0x4f, 0xf3, 0xdf, 0x70, 0x00, 0x00, 0x00, 0x00, 0xdf, 0xaf, 0xf1, 0x00, 0x00,
    0x00, 0x00, 0x08, 0xff, 0xfb, 0x00, 0x00, 0x00, 0x00, 0x00, 0x2f, 0xff, 0x50, 0x00, 0x00, 0x00,
    0x00, 0x00, 0xcf, 0xe0, 0x00, 0x00, 0x00, 0x00, 0x00, 0x0c, 0xf9, 0x00, 0x00, 0x00, 0x00, 0x00,
    0x03, 0xff, 0x30, 0x00, 0x00, 0x00, 0x00, 0x00, 0xbf, 0xc0, 0x00, 0x00, 0x00, 0x04, 0x98, 0xcf,
    0xf5, 0x00, 0x00, 0x00, 0x00, 0x4f, 0xff, 0xf9, 0x00, 0x00, 0x00, 0x00, 0x02, 0xdf, 0xd7, 0x00,
    0x00, 0x00, 0x00, 0x00, 0x9f, 0xfc, 0x00, 0x00, 0x00, 0x00, 0x00, 0x00, 0xcf, 0xf7, 0x1d, 0xff,
    0x70, 0x00, 0x00, 0x00, 0x00, 0x07, 0xff, 0xc0, 0x05, 0xff, 0xe2, 0x00, 0x00, 0x00, 0x00, 0x2e,
    0xff, 0x20, 0x00, 0xaf, 0xfa, 0x00, 0x00, 0x00, 0x00, 0xaf, 0xf7, 0x00, 0x00, 0x2e, 0xff, 0x50,
    0x00, 0x00, 0x05, 0xff, 0xc0, 0x00, 0x00, 0x06, 0xff, 0xd1, 0x00, 0x00, 0x1d, 0xff, 0x30, 0x00,
    0x00, 0x00, 0xcf, 0xf8, 0x00, 0x00, 0x8f, 0xf7, 0x00, 0x00, 0x00, 0x00, 0x2f, 0xff, 0x20, 0x03,
    0xff, 0xc0, 0x00, 0x00, 0x00, 0x00, 0x08, 0xff, 0xa0, 0x0b, 0xff, 0x30, 0x00, 0x00, 0x00, 0x00,
    0x00, 0xdf, 0xf4, 0x5f, 0xf8, 0x00, 0x00, 0x00, 0x00, 0x00, 0x00, 0x4f, 0xfc, 0xdf, 0xc0, 0x00,
    0x00, 0x00, 0x00, 0x00, 0x00, 0x09, 0xff, 0xff, 0x30, 0x00, 0x00, 0x00, 0x00, 0x00, 0x00, 0x01,
    0xef, 0xf8, 0x00, 0x00, 0x00, 0x00, 0x00, 0x00, 0x00, 0x00, 0xaf, 0xf3, 0x00, 0x00, 0x00, 0x00,
    0x00, 0x00, 0x00, 0x00, 0xaf, 0xf3, 0x00, 0x00, 0x00, 0x00, 0x00, 0x00, 0x00, 0x00, 0xaf, 0xf3,
    0x00, 0x00, 0x00, 0x00, 0x00, 0x00, 0x00, 0x00, 0xaf, 0xf3, 0x00, 0x00, 0x00, 0x00, 0x00, 0x00,
    0x00, 0x00, 0xaf, 0xf3, 0x00, 0x00, 0x00, 0x00, 0x00, 0x00, 0x00, 0x00, 0xaf, 0xf3, 0x00, 0x00,
    0x00, 0x00, 0x00, 0x00, 0x00, 0x00, 0xaf, 0xf3, 0x00, 0x00, 0x00, 0x00, 0x00, 0x00, 0x00, 0x00,
    0xaf, 0xf3, 0x00, 0x00, 0x00, 0x00, 0x00, 0x00, 0x00, 0x00, 0xaf, 0xf3, 0x00, 0x00, 0x00, 0x00,
    0x00, 0x00, 0x00, 0x00, 0x00, 0x00, 0x00, 0x00, 0x00, 0x00, 0x00, 0x00, 0x00, 0x00, 0x00, 0x00,
    0x00, 0x00, 0x00, 0x00, 0x00, 0x00, 0x00, 0x00, 0xbf, 0xf4, 0x00, 0x00, 0x00, 0x00, 0x00, 0x00,
    0x00, 0x00, 0xbf, 0xf4, 0x00, 0x00, 0x00, 0x00, 0x00, 0x00, 0x00, 0x00, 0xbf, 0xf4, 0x00, 0x00,
    0x00, 0x00, 0x5f, 0xf7, 0x00, 0x00, 0x00, 0x01, 0xff, 0x80, 0xef, 0xd0, 0x00, 0x00, 0x00, 0x7f,
    0xf3, 0x09, 0xff, 0x30, 0x00, 0x00, 0x0c, 0xfc, 0x00, 0x3f, 0xf8, 0x00, 0x00, 0x02, 0xff, 0x60,
    0x00, 0xdf, 0xd0, 0x00, 0x00, 0x7f, 0xf1, 0x00, 0x07, 0xff, 0x40, 0x00, 0x0d, 0xfa, 0x00, 0x00,
    0x2f, 0xf9, 0x00, 0x03, 0xff, 0x50, 0x00, 0x00, 0xbf, 0xe0, 0x00, 0x8f, 0xe0, 0x00, 0x00, 0x06,
    0xff, 0x40, 0x0e, 0xf9, 0x00, 0x00, 0x00, 0x1e, 0xf9, 0x04, 0xff, 0x30, 0x00, 0x00, 0x00, 0xaf,
    0xe0, 0x8f, 0xc0, 0x00, 0x00, 0x00, 0x04, 0xff, 0x3d, 0xf7, 0x00, 0x00, 0x00, 0x00, 0x0d, 0xfa,
    0xff, 0x10, 0x00, 0x00, 0x00, 0x00, 0x8f, 0xff, 0xb0, 0x00, 0x00, 0x00, 0x00, 0x02, 0xff, 0xf5,
    0x00, 0x00, 0x00, 0x00, 0x00, 0x0c, 0xfe, 0x00, 0x00, 0x00, 0x00, 0x00, 0x00, 0xcf, 0x90, 0x00,
    0x00, 0x00, 0x00, 0x00, 0x3f, 0xf3, 0x00, 0x00, 0x00, 0x00, 0x00, 0x0b, 0xfc, 0x00, 0xef, 0xf1,
    0x00, 0x49, 0x8c, 0xff, 0x50, 0x0e, 0xff, 0x10, 0x04, 0xff, 0xff, 0x90, 0x00, 0xef, 0xf1, 0x00,
    0x2d, 0xfd, 0x70, 0x00, 0x00, 0x00, 0x00, 0x00, 0x00, 0x00, 0x0d, 0xfe, 0xd9, 0x20, 0x00, 0x00,
    0x00, 0x00, 0x00, 0x00, 0x00, 0x01, 0x7f, 0xe2, 0x00, 0x00, 0x00, 0x00, 0x00, 0x00, 0x00, 0x01,
    0x7f, 0xf4, 0x00, 0x00, 0x00, 0x00, 0x00, 0x00, 0x00, 0x0e, 0xfd, 0x70, 0x00, 0x00, 0x00, 0x00,
    0x00, 0x00, 0x00, 0x0e, 0xb0, 0x00, 0x00, 0x00, 0x00, 0x00, 0x00, 0x00, 0x00, 0x00, 0x00, 0x00,
    0x00, 0x00, 0x00, 0x9f, 0xfc, 0x00, 0x00, 0x00, 0x00, 0x00, 0x00, 0xcf, 0xf7, 0x1d, 0xff, 0x70,
    0x00, 0x00, 0x00, 0x00, 0x07, 0xff, 0xc0, 0x05, 0xff, 0xe2, 0x00, 0x00, 0x00, 0x00, 0x2e, 0xff,
    0x20, 0x00, 0xaf, 0xfa, 0x00, 0x00, 0x00, 0x00, 0xaf, 0xf7, 0x00, 0x00, 0x2e, 0xff, 0x50, 0x00,
    0x00, 0x05, 0xff, 0xc0, 0x00, 0x00, 0x06, 0xff, 0xd1, 0x00, 0x00, 0x1d, 0xff, 0x30, 0x00, 0x00,
    0x00, 0xcf, 0xf8, 0x00, 0x00, 0x8f, 0xf7, 0x00, 0x00, 0x00, 0x00, 0x2f, 0xff, 0x20, 0x03, 0xff,
    0xc0, 0x00, 0x00, 0x00, 0x00, 0x08, 0xff, 0xa0, 0x0b, 0xff, 0x30, 0x00, 0x00, 0x00, 0x00, 0x00,
    0xdf, 0xf4, 0x5f, 0xf8, 0x00, 0x00, 0x00, 0x00, 0x00, 0x00, 0x4f, 0xfc, 0xdf, 0xc0, 0x00, 0x00,
    0x00, 0x00, 0x00, 0x00, 0x09, 0xff, 0xff, 0x30, 0x00, 0x00, 0x00, 0x00, 0x00, 0x00, 0x01, 0xef,
    0xf8, 0x00, 0x00, 0x00, 0x00, 0x00, 0x00, 0x00, 0x00, 0xaf, 0xf3, 0x00, 0x00, 0x00, 0x00, 0x00,
    0x00, 0x00, 0x00, 0xaf, 0xf3, 0x00, 0x00, 0x00, 0x00, 0x00, 0x00, 0x00, 0x00, 0xaf, 0xf3, 0x00,
    0x00, 0x00, 0x00, 0x00, 0x00, 0x00, 0x00, 0xaf, 0xf3, 0x00, 0x00, 0x00, 0x00, 0x00, 0x00, 0x00,
    0x00, 0xaf, 0xf3, 0x00, 0x00, 0x00, 0x00, 0x00, 0x00, 0x00, 0x00, 0xaf, 0xf3, 0x00, 0x00, 0x00,
    0x00, 0x00, 0x00, 0x00, 0x00, 0xaf, 0xf3, 0x00, 0x00, 0x00, 0x00, 0x00, 0x00, 0x00, 0x00, 0xaf,
    0xf3, 0x00, 0x00, 0x00, 0x00, 0x00, 0x00, 0x00, 0x00, 0xaf, 0xf3, 0x00, 0x00, 0x00, 0x00, 0x00,
    0x00, 0x1f, 0xfe, 0xd9, 0x20, 0x00, 0x00, 0x00, 0x00, 0x00, 0x29, 0xfe, 0x10, 0x00, 0x00, 0x00,
    0x00, 0x01, 0x9f, 0xf2, 0x00, 0x00, 0x00, 0x00, 0x02, 0xff, 0xc5, 0x00, 0x00, 0x00, 0x00, 0x00,
    0x2f, 0x80, 0x00, 0x00, 0x00, 0x00, 0x00, 0x00, 0x00, 0x00, 0x00, 0x00, 0x00, 0x00, 0x00, 0x00,
    0x00, 0x00, 0x00, 0x05, 0xff, 0x70, 0x00, 0x00, 0x00, 0x1f, 0xf8, 0x0e, 0xfd, 0x00, 0x00, 0x00,
    0x07, 0xff, 0x30, 0x9f, 0xf3, 0x00, 0x00, 0x00, 0xcf, 0xc0, 0x03, 0xff, 0x80, 0x00, 0x00, 0x2f,
    0xf6, 0x00, 0x0d, 0xfd, 0x00, 0x00, 0x07, 0xff, 0x10, 0x00, 0x7f, 0xf4, 0x00, 0x00, 0xdf, 0xa0,
    0x00, 0x02, 0xff, 0x90, 0x00, 0x3f, 0xf5, 0x00, 0x00, 0x0b, 0xfe, 0x00, 0x08, 0xfe, 0x00, 0x00,
    0x00, 0x6f, 0xf4, 0x00, 0xef, 0x90, 0x00, 0x00, 0x01, 0xef, 0x90, 0x4f, 0xf3, 0x00, 0x00, 0x00,
    0x0a, 0xfe, 0x08, 0xfc, 0x00, 0x00, 0x00, 0x00, 0x4f, 0xf3, 0xdf, 0x70, 0x00, 0x00, 0x00, 0x00,
    0xdf, 0xaf, 0xf1, 0x00, 0x00, 0x00, 0x00, 0x08, 0xff, 0xfb, 0x00, 0x00, 0x00, 0x00, 0x00, 0x2f,
    0xff, 0x50, 0x00, 0x00, 0x00, 0x00, 0x00, 0xcf, 0xe0, 0x00, 0x00, 0x00, 0x00, 0x00, 0x0c, 0xf9,
    0x00, 0x00, 0x00, 0x00, 0x00, 0x03, 0xff, 0x30, 0x00, 0x00, 0x00, 0x00, 0x00, 0xbf, 0xc0, 0x00,
    0x00, 0x00, 0x04, 0x98, 0xcf, 0xf5, 0x00, 0x00, 0x00, 0x00, 0x4f, 0xff, 0xf9, 0x00, 0x00, 0x00,
    0x00, 0x02, 0xdf, 0xd7, 0x00, 0x00, 0x00, 0x00, 0x00, 0x00, 0x00, 0x00, 0x5c, 0xeb, 0x61, 0x0d,
    0xf1, 0x00, 0x00, 0x00, 0x00, 0x03, 0xff, 0xcf, 0xff, 0xef, 0xc0, 0x00, 0x00, 0x00, 0x00, 0x08,
    0xf7, 0x01, 0x7c, 0xeb, 0x20, 0x00, 0x00, 0x00, 0x00, 0x00, 0x00, 0x00, 0x00, 0x00, 0x00, 0x00,
    0x00, 0x00, 0x00, 0x00, 0x00, 0x00, 0x00, 0x00, 0x00, 0x00, 0x00, 0x9f, 0xfc, 0x00, 0x00, 0x00,
    0x00, 0x00, 0x00, 0xcf, 0xf7, 0x1d, 0xff, 0x70, 0x00, 0x00, 0x00, 0x00, 0x07, 0xff, 0xc0, 0x05,
    0xff, 0xe2, 0x00, 0x00, 0x00, 0x00, 0x2e, 0xff, 0x20, 0x00, 0xaf, 0xfa, 0x00, 0x00, 0x00, 0x00,
    0xaf, 0xf7, 0x00, 0x00, 0x2e, 0xff, 0x50, 0x00, 0x00, 0x05, 0xff, 0xc0, 0x00, 0x00, 0x06, 0xff,
    0xd1, 0x00, 0x00, 0x1d, 0xff, 0x30, 0x00, 0x00, 0x00, 0xcf, 0xf8, 0x00, 0x00, 0x8f, 0xf7, 0x00,
    0x00, 0x00, 0x00, 0x2f, 0xff, 0x20, 0x03, 0xff, 0xc0, 0x00, 0x00, 0x00, 0x00, 0x08, 0xff, 0xa0,
    0x0b, 0xff, 0x30, 0x00, 0x00, 0x00, 0x00, 0x00, 0xdf, 0xf4, 0x5f, 0xf8, 0x00, 0x00, 0x00, 0x00,
    0x00, 0x00, 0x4f, 0xfc, 0xdf, 0xc0, 0x00, 0x00, 0x00, 0x00, 0x00, 0x00, 0x09, 0xff, 0xff, 0x30,
    0x00, 0x00, 0x00, 0x00, 0x00, 0x00, 0x01, 0xef, 0xf8, 0x00, 0x00, 0x00, 0x00, 0x00, 0x00, 0x00,
    0x00, 0xaf, 0xf3, 0x00, 0x00, 0x00, 0x00, 0x00, 0x00, 0x00, 0x00, 0xaf, 0xf3, 0x00, 0x00, 0x00,
    0x00, 0x00, 0x00, 0x00, 0x00, 0xaf, 0xf3, 0x00, 0x00, 0x00, 0x00, 0x00, 0x00, 0x00, 0x00, 0xaf,
    0xf3, 0x00, 0x00, 0x00, 0x00, 0x00, 0x00, 0x00, 0x00, 0xaf, 0xf3, 0x00, 0x00, 0x00, 0x00, 0x00,
    0x00, 0x00, 0x00, 0xaf, 0xf3, 0x00, 0x00, 0x00, 0x00, 0x00, 0x00, 0x00, 0x00, 0xaf, 0xf3, 0x00,
    0x00, 0x00, 0x00, 0x00, 0x00, 0x00, 0x00, 0xaf, 0xf3, 0x00, 0x00, 0x00, 0x00, 0x00, 0x00, 0x00,
    0x00, 0xaf, 0xf3, 0x00, 0x00, 0x00, 0x00, 0x00, 0x01, 0x9e, 0xd9, 0x30, 0x6f, 0x90, 0x00, 0x00,
    0xbf, 0xdd, 0xff, 0xef, 0xf5, 0x00, 0x00, 0x1f, 0xe0, 0x04, 0xae, 0xd6, 0x00, 0x00, 0x00, 0x00,
    0x00, 0x00, 0x00, 0x00, 0x00, 0x5f, 0xf7, 0x00, 0x00, 0x00, 0x01, 0xff, 0x80, 0xef, 0xd0, 0x00,
    0x00, 0x00, 0x7f, 0xf3, 0x09, 0xff, 0x30, 0x00, 0x00, 0x0c, 0xfc, 0x00, 0x3f, 0xf8, 0x00, 0x00,
    0x02, 0xff, 0x60, 0x00, 0xdf, 0xd0, 0x00, 0x00, 0x7f, 0xf1, 0x00, 0x07, 0xff, 0x40, 0x00, 0x0d,
    0xfa, 0x00, 0x00, 0x2f, 0xf9, 0x00, 0x03, 0xff, 0x50, 0x00, 0x00, 0xbf, 0xe0, 0x00, 0x8f, 0xe0,
    0x00, 0x00, 0x06, 0xff, 0x40, 0x0e, 0xf9, 0x00, 0x00, 0x00, 0x1e, 0xf9, 0x04, 0xff, 0x30, 0x00,
    0x00, 0x00, 0xaf, 0xe0, 0x8f, 0xc0, 0x00, 0x00, 0x00, 0x04, 0xff, 0x3d, 0xf7, 0x00, 0x00, 0x00,
    0x00, 0x0d, 0xfa, 0xff, 0x10, 0x00, 0x00, 0x00, 0x00, 0x8f, 0xff, 0xb0, 0x00, 0x00, 0x00, 0x00,
    0x02, 0xff, 0xf5, 0x00, 0x00, 0x00, 0x00, 0x00, 0x0c, 0xfe, 0x00, 0x00, 0x00, 0x00, 0x00, 0x00,
    0xcf, 0x90, 0x00, 0x00, 0x00, 0x00, 0x00, 0x3f, 0xf3, 0x00, 0x00, 0x00, 0x00, 0x00, 0x0b, 0xfc,
    0x00, 0x00, 0x00, 0x00, 0x49, 0x8c, 0xff, 0x50, 0x00, 0x00, 0x00, 0x04, 0xff, 0xff, 0x90, 0x00,
    0x00, 0x00, 0x00, 0x2d, 0xfd, 0x70, 0x00, 0x00, 0x00, 0x00,
};

/*---------------------
 *  GLYPH DESCRIPTION
 *--------------------*/
static const lv_font_fmt_txt_glyph_dsc_t glyph_dsc[] = {
    {.bitmap_index = 0, .adv_w = 0, .box_w = 0, .box_h = 0, .ofs_x = 0, .ofs_y = 0},
    {.bitmap_index = 0, .adv_w = 128, .box_w = 0, .box_h = 0, .ofs_x = 0, .ofs_y = 0},
    {.bitmap_index = 0, .adv_w = 128, .box_w = 4, .box_h = 22, .ofs_x = 2, .ofs_y = 0},
    {.bitmap_index = 44, .adv_w = 176, .box_w = 9, .box_h = 8, .ofs_x = 1, .ofs_y = 14},
    {.bitmap_index = 80, .adv_w = 272, .box_w = 17, .box_h = 22, .ofs_x = 0, .ofs_y = 0},
    {.bitmap_index = 267, .adv_w = 272, .box_w = 15, .box_h = 26, .ofs_x = 1, .ofs_y = -3},
    {.bitmap_index = 462, .adv_w = 432, .box_w = 24, .box_h = 22, .ofs_x = 1, .ofs_y = 0},
    {.bitmap_index = 726, .adv_w = 320, .box_w = 19, .box_h = 22, .ofs_x = 1, .ofs_y = 0},
    {.bitmap_index = 935, .adv_w = 96, .box_w = 4, .box_h = 8, .ofs_x = 1, .ofs_y = 14},
    {.bitmap_index = 951, .adv_w = 160, .box_w = 8, .box_h = 28, .ofs_x = 1, .ofs_y = -6},
    {.bitmap_index = 1063, .adv_w = 160, .box_w = 8, .box_h = 28, .ofs_x = 1, .ofs_y = -6},
    {.bitmap_index = 1175, .adv_w = 192, .box_w = 11, .box_h = 9, .ofs_x = 0, .ofs_y = 13},
    {.bitmap_index = 1225, .adv_w = 288, .box_w = 15, .box_h = 14, .ofs_x = 1, .ofs_y = 4},
    {.bitmap_index = 1330, .adv_w = 128, .box_w = 4, .box_h = 7, .ofs_x = 2, .ofs_y = -4},
    {.bitmap_index = 1344, .adv_w = 160, .box_w = 10, .box_h = 3, .ofs_x = 0, .ofs_y = 6},
    {.bitmap_index = 1359, .adv_w = 128, .box_w = 4, .box_h = 3, .ofs_x = 2, .ofs_y = 0},
    {.bitmap_index = 1365, .adv_w = 128, .box_w = 9, .box_h = 22, .ofs_x = 0, .ofs_y = 0},
    {.bitmap_index = 1464, .adv_w = 272, .box_w = 15, .box_h = 22, .ofs_x = 1, .ofs_y = 0},
    {.bitmap_index = 1629, .adv_w = 272, .box_w = 9, .box_h = 22, .ofs_x = 3, .ofs_y = 0},
    {.bitmap_index = 1728, .adv_w = 272, .box_w = 16, .box_h = 22, .ofs_x = 0, .ofs_y = 0},
    {.bitmap_index = 1904, .adv_w = 272, .box_w = 15, .box_h = 22, .ofs_x = 1, .ofs_y = 0},
    {.bitmap_index = 2069, .adv_w = 272, .box_w = 16, .box_h = 22, .ofs_x = 0, .ofs_y = 0},
    {.bitmap_index = 2245, .adv_w = 272, .box_w = 15, .box_h = 22, .ofs_x = 1, .ofs_y = 0},
    {.bitmap_index = 2410, .adv_w = 272, .box_w = 15, .box_h = 22, .ofs_x = 1, .ofs_y = 0},
    {.bitmap_index = 2575, .adv_w = 272, .box_w = 15, .box_h = 22, .ofs_x = 1, .ofs_y = 0},
    {.bitmap_index = 2740, .adv_w = 272, .box_w = 15, .box_h = 22, .ofs_x = 1, .ofs_y = 0},
    {.bitmap_index = 2905, .adv_w = 272, .box_w = 15, .box_h = 22, .ofs_x = 1, .ofs_y = 0},
    {.bitmap_index = 3070, .adv_w = 128, .box_w = 4, .box_h = 16, .ofs_x = 2, .ofs_y = 0},
    {.bitmap_index = 3102, .adv_w = 128, .box_w = 4, .box_h = 20, .ofs_x = 2, .ofs_y = -4},
    {.bitmap_index = 3142, .adv_w = 288, .box_w = 15, .box_h = 15, .ofs_x = 1, .ofs_y = 3},
    {.bitmap_index = 3255, .adv_w = 288, .box_w = 15, .box_h = 10, .ofs_x = 1, .ofs_y = 5},
    {.bitmap_index = 3330, .adv_w = 288, .box_w = 15, .box_h = 15, .ofs_x = 1, .ofs_y = 3},
    {.bitmap_index = 3443, .adv_w = 272, .box_w = 15, .box_h = 22, .ofs_x = 1, .ofs_y = 0},
    {.bitmap_index = 3608, .adv_w = 480, .box_w = 29, .box_h = 28, .ofs_x = 1, .ofs_y = -6},
    {.bitmap_index = 4014, .adv_w = 320, .box_w = 20, .box_h = 22, .ofs_x = 0, .ofs_y = 0},
    {.bitmap_index = 4234, .adv_w = 320, .box_w = 17, .box_h = 22, .ofs_x = 2, .ofs_y = 0},
    {.bitmap_index = 4421, .adv_w = 352, .box_w = 20, .box_h = 22, .ofs_x = 1, .ofs_y = 0},
    {.bitmap_index = 4641, .adv_w = 352, .box_w = 19, .box_h = 22, .ofs_x = 2, .ofs_y = 0},
    {.bitmap_index = 4850, .adv_w = 320, .box_w = 17, .box_h = 22, .ofs_x = 2, .ofs_y = 0},
    {.bitmap_index = 5037, .adv_w = 288, .box_w = 15, .box_h = 22, .ofs_x = 2, .ofs_y = 0},
    {.bitmap_index = 5202, .adv_w = 368, .box_w = 21, .box_h = 22, .ofs_x = 1, .ofs_y = 0},
    {.bitmap_index = 5433, .adv_w = 352, .box_w = 18, .box_h = 22, .ofs_x = 2, .ofs_y = 0},
    {.bitmap_index = 5631, .adv_w = 128, .box_w = 4, .box_h = 22, .ofs_x = 2, .ofs_y = 0},
    {.bitmap_index = 5675, .adv_w = 240, .box_w = 13, .box_h = 22, .ofs_x = 0, .ofs_y = 0},
    {.bitmap_index = 5818, .adv_w = 320, .box_w = 18, .box_h = 22, .ofs_x = 2, .ofs_y = 0},
    {.bitmap_index = 6016, .adv_w = 272, .box_w = 14, .box_h = 22, .ofs_x = 2, .ofs_y = 0},
    {.bitmap_index = 6170, .adv_w = 400, .box_w = 21, .box_h = 22, .ofs_x = 2, .ofs_y = 0},
    {.bitmap_index = 6401, .adv_w = 352, .box_w = 18, .box_h = 22, .ofs_x = 2, .ofs_y = 0},
    {.bitmap_index = 6599, .adv_w = 368, .box_w = 21, .box_h = 22, .ofs_x = 1, .ofs_y = 0},
    {.bitmap_index = 6830, .adv_w = 320, .box_w = 17, .box_h = 22, .ofs_x = 2, .ofs_y = 0},
    {.bitmap_index = 7017, .adv_w = 368, .box_w = 22, .box_h = 23, .ofs_x = 1, .ofs_y = -1},
    {.bitmap_index = 7270, .adv_w = 352, .box_w = 20, .box_h = 22, .ofs_x = 2, .ofs_y = 0},
    {.bitmap_index = 7490, .adv_w = 320, .box_w = 18, .box_h = 22, .ofs_x = 1, .ofs_y = 0},
    {.bitmap_index = 7688, .adv_w = 288, .box_w = 18, .box_h = 22, .ofs_x = 0, .ofs_y = 0},
    {.bitmap_index = 7886, .adv_w = 352, .box_w = 18, .box_h = 22, .ofs_x = 2, .ofs_y = 0},
    {.bitmap_index = 8084, .adv_w = 320, .box_w = 20, .box_h = 22, .ofs_x = 0, .ofs_y = 0},
    {.bitmap_index = 8304, .adv_w = 448, .box_w = 28, .box_h = 22, .ofs_x = 0, .ofs_y = 0},
    {.bitmap_index = 8612, .adv_w = 320, .box_w = 20, .box_h = 22, .ofs_x = 0, .ofs_y = 0},
    {.bitmap_index = 8832, .adv_w = 320, .box_w = 20, .box_h = 22, .ofs_x = 0, .ofs_y = 0},
    {.bitmap_index = 9052, .adv_w = 288, .box_w = 18, .box_h = 22, .ofs_x = 0, .ofs_y = 0},
    {.bitmap_index = 9250, .adv_w = 128, .box_w = 6, .box_h = 28, .ofs_x = 2, .ofs_y = -6},
    {.bitmap_index = 9334, .adv_w = 128, .box_w = 9, .box_h = 22, .ofs_x = 0, .ofs_y = 0},
    {.bitmap_index = 9433, .adv_w = 128, .box_w = 7, .box_h = 28, .ofs_x = 0, .ofs_y = -6},
    {.bitmap_index = 9531, .adv_w = 224, .box_w = 14, .box_h = 12, .ofs_x = 0, .ofs_y = 10},
    {.bitmap_index = 9615, .adv_w = 272, .box_w = 19, .box_h = 2, .ofs_x = -1, .ofs_y = -6},
    {.bitmap_index = 9634, .adv_w = 160, .box_w = 6, .box_h = 4, .ofs_x = 1, .ofs_y = 18},
    {.bitmap_index = 9646, .adv_w = 272, .box_w = 15, .box_h = 16, .ofs_x = 1, .ofs_y = 0},
    {.bitmap_index = 9766, .adv_w = 272, .box_w = 15, .box_h = 22, .ofs_x = 1, .ofs_y = 0},
    {.bitmap_index = 9931, .adv_w = 240, .box_w = 14, .box_h = 16, .ofs_x = 1, .ofs_y = 0},
    {.bitmap_index = 10043, .adv_w = 272, .box_w = 14, .box_h = 22, .ofs_x = 1, .ofs_y = 0},
    {.bitmap_index = 10197, .adv_w = 272, .box_w = 15, .box_h = 16, .ofs_x = 1, .ofs_y = 0},
    {.bitmap_index = 10317, .adv_w = 128, .box_w = 10, .box_h = 22, .ofs_x = 0, .ofs_y = 0},
    {.bitmap_index = 10427, .adv_w = 272, .box_w = 15, .box_h = 22, .ofs_x = 0, .ofs_y = -6},
    {.bitmap_index = 10592, .adv_w = 272, .box_w = 14, .box_h = 22, .ofs_x = 1, .ofs_y = 0},
    {.bitmap_index = 10746, .adv_w = 112, .box_w = 3, .box_h = 22, .ofs_x = 2, .ofs_y = 0},
    {.bitmap_index = 10779, .adv_w = 112, .box_w = 7, .box_h = 28, .ofs_x = -2, .ofs_y = -6},
    {.bitmap_index = 10877, .adv_w = 240, .box_w = 13, .box_h = 22, .ofs_x = 2, .ofs_y = 0},
    {.bitmap_index = 11020, .adv_w = 112, .box_w = 4, .box_h = 22, .ofs_x = 1, .ofs_y = 0},
    {.bitmap_index = 11064, .adv_w = 400, .box_w = 23, .box_h = 16, .ofs_x = 1, .ofs_y = 0},
    {.bitmap_index = 11248, .adv_w = 272, .box_w = 14, .box_h = 16, .ofs_x = 1, .ofs_y = 0},
    {.bitmap_index = 11360, .adv_w = 272, .box_w = 15, .box_h = 16, .ofs_x = 1, .ofs_y = 0},
    {.bitmap_index = 11480, .adv_w = 272, .box_w = 15, .box_h = 22, .ofs_x = 1, .ofs_y = -6},
    {.bitmap_index = 11645, .adv_w = 272, .box_w = 14, .box_h = 22, .ofs_x = 1, .ofs_y = -6},
    {.bitmap_index = 11799, .adv_w = 160, .box_w = 10, .box_h = 16, .ofs_x = 1, .ofs_y = 0},
    {.bitmap_index = 11879, .adv_w = 240, .box_w = 14, .box_h = 16, .ofs_x = 0, .ofs_y = 0},
    {.bitmap_index = 11991, .adv_w = 128, .box_w = 9, .box_h = 21, .ofs_x = 0, .ofs_y = 0},
    {.bitmap_index = 12086, .adv_w = 272, .box_w = 14, .box_h = 16, .ofs_x = 1, .ofs_y = 0},
    {.bitmap_index = 12198, .adv_w = 240, .box_w = 15, .box_h = 16, .ofs_x = 0, .ofs_y = 0},
    {.bitmap_index = 12318, .adv_w = 352, .box_w = 22, .box_h = 16, .ofs_x = 0, .ofs_y = 0},
    {.bitmap_index = 12494, .adv_w = 240, .box_w = 15, .box_h = 16, .ofs_x = 0, .ofs_y = 0},
    {.bitmap_index = 12614, .adv_w = 240, .box_w = 15, .box_h = 22, .ofs_x = 0, .ofs_y = -6},
    {.bitmap_index = 12779, .adv_w = 240, .box_w = 15, .box_h = 16, .ofs_x = 0, .ofs_y = 0},
    {.bitmap_index = 12899, .adv_w = 160, .box_w = 10, .box_h = 28, .ofs_x = 0, .ofs_y = -6},
    {.bitmap_index = 13039, .adv_w = 128, .box_w = 4, .box_h = 28, .ofs_x = 2, .ofs_y = -6},
    {.bitmap_index = 13095, .adv_w = 160, .box_w = 10, .box_h = 28, .ofs_x = 0, .ofs_y = -6},
    {.bitmap_index = 13235, .adv_w = 288, .box_w = 16, .box_h = 5, .ofs_x = 1, .ofs_y = 8},
    {.bitmap_index = 13275, .adv_w = 320, .box_w = 20, .box_h = 28, .ofs_x = 0, .ofs_y = 0},
    {.bitmap_index = 13555, .adv_w = 320, .box_w = 20, .box_h = 28, .ofs_x = 0, .ofs_y = 0},
    {.bitmap_index = 13835, .adv_w = 320, .box_w = 20, .box_h = 28, .ofs_x = 0, .ofs_y = 0},
    {.bitmap_index = 14115, .adv_w = 320, .box_w = 20, .box_h = 27, .ofs_x = 0, .ofs_y = 0},
    {.bitmap_index = 14385, .adv_w = 320, .box_w = 17, .box_h = 28, .ofs_x = 2, .ofs_y = 0},
    {.bitmap_index = 14623, .adv_w = 320, .box_w = 17, .box_h = 28, .ofs_x = 2, .ofs_y = 0},
    {.bitmap_index = 14861, .adv_w = 320, .box_w = 17, .box_h = 28, .ofs_x = 2, .ofs_y = 0},
    {.bitmap_index = 15099, .adv_w = 128, .box_w = 7, .box_h = 28, .ofs_x = 0, .ofs_y = 0},
    {.bitmap_index = 15197, .adv_w = 128, .box_w = 6, .box_h = 28, .ofs_x = 2, .ofs_y = 0},
    {.bitmap_index = 15281, .adv_w = 368, .box_w = 21, .box_h = 28, .ofs_x = 1, .ofs_y = 0},
    {.bitmap_index = 15575, .adv_w = 368, .box_w = 21, .box_h = 28, .ofs_x = 1, .ofs_y = 0},
    {.bitmap_index = 15869, .adv_w = 368, .box_w = 21, .box_h = 28, .ofs_x = 1, .ofs_y = 0},
    {.bitmap_index = 16163, .adv_w = 368, .box_w = 21, .box_h = 27, .ofs_x = 1, .ofs_y = 0},
    {.bitmap_index = 16447, .adv_w = 352, .box_w = 18, .box_h = 28, .ofs_x = 2, .ofs_y = 0},
    {.bitmap_index = 16699, .adv_w = 352, .box_w = 18, .box_h = 28, .ofs_x = 2, .ofs_y = 0},
    {.bitmap_index = 16951, .adv_w = 320, .box_w = 20, .box_h = 28, .ofs_x = 0, .ofs_y = 0},
    {.bitmap_index = 17231, .adv_w = 272, .box_w = 15, .box_h = 21, .ofs_x = 1, .ofs_y = 0},
    {.bitmap_index = 17389, .adv_w = 272, .box_w = 15, .box_h = 21, .ofs_x = 1, .ofs_y = 0},
    {.bitmap_index = 17547, .adv_w = 272, .box_w = 15, .box_h = 21, .ofs_x = 1, .ofs_y = 0},
    {.bitmap_index = 17705, .adv_w = 272, .box_w = 15, .box_h = 20, .ofs_x = 1, .ofs_y = 0},
    {.bitmap_index = 17855, .adv_w = 272, .box_w = 15, .box_h = 21, .ofs_x = 1, .ofs_y = 0},
    {.bitmap_index = 18013, .adv_w = 272, .box_w = 15, .box_h = 21, .ofs_x = 1, .ofs_y = 0},
    {.bitmap_index = 18171, .adv_w = 272, .box_w = 15, .box_h = 21, .ofs_x = 1, .ofs_y = 0},
    {.bitmap_index = 18329, .adv_w = 128, .box_w = 6, .box_h = 21, .ofs_x = 0, .ofs_y = 0},
    {.bitmap_index = 18392, .adv_w = 128, .box_w = 7, .box_h = 21, .ofs_x = 2, .ofs_y = 0},
    {.bitmap_index = 18466, .adv_w = 272, .box_w = 15, .box_h = 21, .ofs_x = 1, .ofs_y = 0},
    {.bitmap_index = 18624, .adv_w = 272, .box_w = 15, .box_h = 21, .ofs_x = 1, .ofs_y = 0},
    {.bitmap_index = 18782, .adv_w = 272, .box_w = 15, .box_h = 21, .ofs_x = 1, .ofs_y = 0},
    {.bitmap_index = 18940, .adv_w = 272, .box_w = 15, .box_h = 20, .ofs_x = 1, .ofs_y = 0},
    {.bitmap_index = 19090, .adv_w = 272, .box_w = 14, .box_h = 21, .ofs_x = 1, .ofs_y = 0},
    {.bitmap_index = 19237, .adv_w = 272, .box_w = 14, .box_h = 21, .ofs_x = 1, .ofs_y = 0},
    {.bitmap_index = 19384, .adv_w = 240, .box_w = 15, .box_h = 27, .ofs_x = 0, .ofs_y = -6},
    {.bitmap_index = 19587, .adv_w = 320, .box_w = 20, .box_h = 28, .ofs_x = 0, .ofs_y = 0},
    {.bitmap_index = 19867, .adv_w = 272, .box_w = 15, .box_h = 21, .ofs_x = 1, .ofs_y = 0},
    {.bitmap_index = 20025, .adv_w = 352, .box_w = 22, .box_h = 22, .ofs_x = -1, .ofs_y = 0},
    {.bitmap_index = 20267, .adv_w = 272, .box_w = 16, .box_h = 22, .ofs_x = 1, .ofs_y = 0},
    {.bitmap_index = 20443, .adv_w = 128, .box_w = 10, .box_h = 27, .ofs_x = -1, .ofs_y = 0},
    {.bitmap_index = 20578, .adv_w = 128, .box_w = 11, .box_h = 20, .ofs_x = -1, .ofs_y = 0},
    {.bitmap_index = 20688, .adv_w = 352, .box_w = 18, .box_h = 27, .ofs_x = 2, .ofs_y = 0},
    {.bitmap_index = 20931, .adv_w = 272, .box_w = 14, .box_h = 20, .ofs_x = 1, .ofs_y = 0},
    {.bitmap_index = 21071, .adv_w = 416, .box_w = 25, .box_h = 22, .ofs_x = 1, .ofs_y = 0},
    {.bitmap_index = 21346, .adv_w = 320, .box_w = 18, .box_h = 16, .ofs_x = 1, .ofs_y = 0},
    {.bitmap_index = 21490, .adv_w = 416, .box_w = 23, .box_h = 22, .ofs_x = 2, .ofs_y = 0},
    {.bitmap_index = 21743, .adv_w = 320, .box_w = 19, .box_h = 16, .ofs_x = 1, .ofs_y = 0},
    {.bitmap_index = 21895, .adv_w = 320, .box_w = 20, .box_h = 27, .ofs_x = 0, .ofs_y = -5},
    {.bitmap_index = 22165, .adv_w = 272, .box_w = 15, .box_h = 21, .ofs_x = 1, .ofs_y = -5},
    {.bitmap_index = 22323, .adv_w = 320, .box_w = 20, .box_h = 28, .ofs_x = 0, .ofs_y = 0},
    {.bitmap_index = 22603, .adv_w = 272, .box_w = 15, .box_h = 23, .ofs_x = 1, .ofs_y = 0},
    {.bitmap_index = 22776, .adv_w = 320, .box_w = 20, .box_h = 28, .ofs_x = 0, .ofs_y = 0},
    {.bitmap_index = 23056, .adv_w = 272, .box_w = 15, .box_h = 27, .ofs_x = 1, .ofs_y = 0},
    {.bitmap_index = 23259, .adv_w = 320, .box_w = 20, .box_h = 28, .ofs_x = 0, .ofs_y = 0},
    {.bitmap_index = 23539, .adv_w = 272, .box_w = 15, .box_h = 27, .ofs_x = 1, .ofs_y = 0},
    {.bitmap_index = 23742, .adv_w = 320, .box_w = 20, .box_h = 28, .ofs_x = 0, .ofs_y = 0},
    {.bitmap_index = 24022, .adv_w = 272, .box_w = 15, .box_h = 28, .ofs_x = 1, .ofs_y = 0},
    {.bitmap_index = 24232, .adv_w = 320, .box_w = 20, .box_h = 28, .ofs_x = 0, .ofs_y = 0},
    {.bitmap_index = 24512, .adv_w = 272, .box_w = 15, .box_h = 26, .ofs_x = 1, .ofs_y = 0},
    {.bitmap_index = 24707, .adv_w = 320, .box_w = 20, .box_h = 30, .ofs_x = 0, .ofs_y = -5},
    {.bitmap_index = 25007, .adv_w = 272, .box_w = 15, .box_h = 26, .ofs_x = 1, .ofs_y = -5},
    {.bitmap_index = 25202, .adv_w = 320, .box_w = 20, .box_h = 28, .ofs_x = 0, .ofs_y = 0},
    {.bitmap_index = 25482, .adv_w = 272, .box_w = 15, .box_h = 27, .ofs_x = 1, .ofs_y = 0},
    {.bitmap_index = 25685, .adv_w = 320, .box_w = 20, .box_h = 28, .ofs_x = 0, .ofs_y = 0},
    {.bitmap_index = 25965, .adv_w = 272, .box_w = 15, .box_h = 27, .ofs_x = 1, .ofs_y = 0},
    {.bitmap_index = 26168, .adv_w = 320, .box_w = 20, .box_h = 28, .ofs_x = 0, .ofs_y = 0},
    {.bitmap_index = 26448, .adv_w = 272, .box_w = 15, .box_h = 28, .ofs_x = 1, .ofs_y = 0},
    {.bitmap_index = 26658, .adv_w = 320, .box_w = 20, .box_h = 28, .ofs_x = 0, .ofs_y = 0},
    {.bitmap_index = 26938, .adv_w = 272, .box_w = 15, .box_h = 26, .ofs_x = 1, .ofs_y = 0},
    {.bitmap_index = 27133, .adv_w = 320, .box_w = 20, .box_h = 30, .ofs_x = 0, .ofs_y = -5},
    {.bitmap_index = 27433, .adv_w = 272, .box_w = 15, .box_h = 26, .ofs_x = 1, .ofs_y = -5},
    {.bitmap_index = 27628, .adv_w = 320, .box_w = 17, .box_h = 27, .ofs_x = 2, .ofs_y = -5},
    {.bitmap_index = 27858, .adv_w = 272, .box_w = 15, .box_h = 21, .ofs_x = 1, .ofs_y = -5},
    {.bitmap_index = 28016, .adv_w = 320, .box_w = 17, .box_h = 28, .ofs_x = 2, .ofs_y = 0},
    {.bitmap_index = 28254, .adv_w = 272, .box_w = 15, .box_h = 23, .ofs_x = 1, .ofs_y = 0},
    {.bitmap_index = 28427, .adv_w = 320, .box_w = 17, .box_h = 27, .ofs_x = 2, .ofs_y = 0},
    {.bitmap_index = 28657, .adv_w = 272, .box_w = 15, .box_h = 21, .ofs_x = 1, .ofs_y = 0},
    {.bitmap_index = 28815, .adv_w = 320, .box_w = 17, .box_h = 28, .ofs_x = 2, .ofs_y = 0},
    {.bitmap_index = 29053, .adv_w = 272, .box_w = 15, .box_h = 27, .ofs_x = 1, .ofs_y = 0},
    {.bitmap_index = 29256, .adv_w = 320, .box_w = 17, .box_h = 28, .ofs_x = 2, .ofs_y = 0},
    {.bitmap_index = 29494, .adv_w = 272, .box_w = 15, .box_h = 27, .ofs_x = 1, .ofs_y = 0},
    {.bitmap_index = 29697, .adv_w = 320, .box_w = 17, .box_h = 28, .ofs_x = 2, .ofs_y = 0},
    {.bitmap_index = 29935, .adv_w = 272, .box_w = 15, .box_h = 28, .ofs_x = 1, .ofs_y = 0},
    {.bitmap_index = 30145, .adv_w = 320, .box_w = 17, .box_h = 28, .ofs_x = 2, .ofs_y = 0},
    {.bitmap_index = 30383, .adv_w = 272, .box_w = 15, .box_h = 26, .ofs_x = 1, .ofs_y = 0},
    {.bitmap_index = 30578, .adv_w = 320, .box_w = 17, .box_h = 30, .ofs_x = 2, .ofs_y = -5},
    {.bitmap_index = 30833, .adv_w = 272, .box_w = 15, .box_h = 26, .ofs_x = 1, .ofs_y = -5},
    {.bitmap_index = 31028, .adv_w = 128, .box_w = 7, .box_h = 28, .ofs_x = 1, .ofs_y = 0},
    {.bitmap_index = 31126, .adv_w = 112, .box_w = 7, .box_h = 23, .ofs_x = 0, .ofs_y = 0},
    {.bitmap_index = 31207, .adv_w = 128, .box_w = 4, .box_h = 27, .ofs_x = 2, .ofs_y = -5},
    {.bitmap_index = 31261, .adv_w = 112, .box_w = 4, .box_h = 27, .ofs_x = 1, .ofs_y = -5},
    {.bitmap_index = 31315, .adv_w = 368, .box_w = 21, .box_h = 27, .ofs_x = 1, .ofs_y = -5},
    {.bitmap_index = 31599, .adv_w = 272, .box_w = 15, .box_h = 21, .ofs_x = 1, .ofs_y = -5},
    {.bitmap_index = 31757, .adv_w = 368, .box_w = 21, .box_h = 28, .ofs_x = 1, .ofs_y = 0},
    {.bitmap_index = 32051, .adv_w = 272, .box_w = 15, .box_h = 23, .ofs_x = 1, .ofs_y = 0},
    {.bitmap_index = 32224, .adv_w = 368, .box_w = 21, .box_h = 28, .ofs_x = 1, .ofs_y = 0},
    {.bitmap_index = 32518, .adv_w = 272, .box_w = 15, .box_h = 27, .ofs_x = 1, .ofs_y = 0},
    {.bitmap_index = 32721, .adv_w = 368, .box_w = 21, .box_h = 28, .ofs_x = 1, .ofs_y = 0},
    {.bitmap_index = 33015, .adv_w = 272, .box_w = 15, .box_h = 27, .ofs_x = 1, .ofs_y = 0},
    {.bitmap_index = 33218, .adv_w = 368, .box_w = 21, .box_h = 28, .ofs_x = 1, .ofs_y = 0},
    {.bitmap_index = 33512, .adv_w = 272, .box_w = 15, .box_h = 28, .ofs_x = 1, .ofs_y = 0},
    {.bitmap_index = 33722, .adv_w = 368, .box_w = 21, .box_h = 28, .ofs_x = 1, .ofs_y = 0},
    {.bitmap_index = 34016, .adv_w = 272, .box_w = 15, .box_h = 26, .ofs_x = 1, .ofs_y = 0},
    {.bitmap_index = 34211, .adv_w = 368, .box_w = 21, .box_h = 30, .ofs_x = 1, .ofs_y = -5},
    {.bitmap_index = 34526, .adv_w = 272, .box_w = 15, .box_h = 26, .ofs_x = 1, .ofs_y = -5},
    {.bitmap_index = 34721, .adv_w = 416, .box_w = 25, .box_h = 28, .ofs_x = 1, .ofs_y = 0},
    {.bitmap_index = 35071, .adv_w = 320, .box_w = 18, .box_h = 21, .ofs_x = 1, .ofs_y = 0},
    {.bitmap_index = 35260, .adv_w = 416, .box_w = 25, .box_h = 28, .ofs_x = 1, .ofs_y = 0},
    {.bitmap_index = 35610, .adv_w = 320, .box_w = 18, .box_h = 21, .ofs_x = 1, .ofs_y = 0},
    {.bitmap_index = 35799, .adv_w = 416, .box_w = 25, .box_h = 28, .ofs_x = 1, .ofs_y = 0},
    {.bitmap_index = 36149, .adv_w = 320, .box_w = 18, .box_h = 23, .ofs_x = 1, .ofs_y = 0},
    {.bitmap_index = 36356, .adv_w = 416, .box_w = 25, .box_h = 27, .ofs_x = 1, .ofs_y = 0},
    {.bitmap_index = 36694, .adv_w = 320, .box_w = 18, .box_h = 20, .ofs_x = 1, .ofs_y = 0},
    {.bitmap_index = 36874, .adv_w = 416, .box_w = 25, .box_h = 27, .ofs_x = 1, .ofs_y = -5},
    {.bitmap_index = 37212, .adv_w = 320, .box_w = 18, .box_h = 21, .ofs_x = 1, .ofs_y = -5},
    {.bitmap_index = 37401, .adv_w = 352, .box_w = 18, .box_h = 27, .ofs_x = 2, .ofs_y = -5},
    {.bitmap_index = 37644, .adv_w = 272, .box_w = 14, .box_h = 21, .ofs_x = 1, .ofs_y = -5},
    {.bitmap_index = 37791, .adv_w = 352, .box_w = 18, .box_h = 28, .ofs_x = 2, .ofs_y = 0},
    {.bitmap_index = 38043, .adv_w = 272, .box_w = 14, .box_h = 23, .ofs_x = 1, .ofs_y = 0},
    {.bitmap_index = 38204, .adv_w = 416, .box_w = 23, .box_h = 28, .ofs_x = 2, .ofs_y = 0},
    {.bitmap_index = 38526, .adv_w = 320, .box_w = 19, .box_h = 21, .ofs_x = 1, .ofs_y = 0},
    {.bitmap_index = 38726, .adv_w = 416, .box_w = 23, .box_h = 28, .ofs_x = 2, .ofs_y = 0},
    {.bitmap_index = 39048, .adv_w = 320, .box_w = 19, .box_h = 21, .ofs_x = 1, .ofs_y = 0},
    {.bitmap_index = 39248, .adv_w = 416, .box_w = 23, .box_h = 28, .ofs_x = 2, .ofs_y = 0},
    {.bitmap_index = 39570, .adv_w = 320, .box_w = 19, .box_h = 23, .ofs_x = 1, .ofs_y = 0},
    {.bitmap_index = 39789, .adv_w = 416, .box_w = 23, .box_h = 27, .ofs_x = 2, .ofs_y = 0},
    {.bitmap_index = 40100, .adv_w = 320, .box_w = 19, .box_h = 20, .ofs_x = 1, .ofs_y = 0},
    {.bitmap_index = 40290, .adv_w = 416, .box_w = 23, .box_h = 27, .ofs_x = 2, .ofs_y = -5},
    {.bitmap_index = 40601, .adv_w = 320, .box_w = 19, .box_h = 21, .ofs_x = 1, .ofs_y = -5},
    {.bitmap_index = 40801, .adv_w = 320, .box_w = 20, .box_h = 28, .ofs_x = 0, .ofs_y = 0},
    {.bitmap_index = 41081, .adv_w = 240, .box_w = 15, .box_h = 27, .ofs_x = 0, .ofs_y = -6},
    {.bitmap_index = 41284, .adv_w = 320, .box_w = 20, .box_h = 27, .ofs_x = 0, .ofs_y = -5},
    {.bitmap_index = 41554, .adv_w = 240, .box_w = 15, .box_h = 22, .ofs_x = 0, .ofs_y = -6},
    {.bitmap_index = 41719, .adv_w = 320, .box_w = 20, .box_h = 28, .ofs_x = 0, .ofs_y = 0},
    {.bitmap_index = 41999, .adv_w = 240, .box_w = 15, .box_h = 29, .ofs_x = 0, .ofs_y = -6},
    {.bitmap_index = 42217, .adv_w = 320, .box_w = 20, .box_h = 27, .ofs_x = 0, .ofs_y = 0},
    {.bitmap_index = 42487, .adv_w = 240, .box_w = 15, .box_h = 26, .ofs_x = 0, .ofs_y = -6},
};

/*---------------------
 *  CHARACTER MAPPING
 *--------------------*/
static const uint16_t unicode_list_vn[] = {
    0, 1, 2, 3, 8, 9, 10, 12, 13, 18, 19, 20,
    21, 25, 26, 29, 32, 33, 34, 35, 40, 41, 42, 44,
    45, 50, 51, 52, 53, 57, 58, 61, 66, 67, 80, 81,
    104, 105, 168, 169, 224, 225, 239, 240, 7648, 7649, 7650, 7651,
    7652, 7653, 7654, 7655, 7656, 7657, 7658, 7659, 7660, 7661, 7662, 7663,
    7664, 7665, 7666, 7667, 7668, 7669, 7670, 7671, 7672, 7673, 7674, 7675,
    7676, 7677, 7678, 7679, 7680, 7681, 7682, 7683, 7684, 7685, 7686, 7687,
    7688, 7689, 7690, 7691, 7692, 7693, 7694, 7695, 7696, 7697, 7698, 7699,
    7700, 7701, 7702, 7703, 7704, 7705, 7706, 7707, 7708, 7709, 7710, 7711,
    7712, 7713, 7714, 7715, 7716, 7717, 7718, 7719, 7720, 7721, 7722, 7723,
    7724, 7725, 7726, 7727, 7728, 7729, 7730, 7731, 7732, 7733, 7734, 7735,
    7736, 7737,
};

static const lv_font_fmt_txt_cmap_t cmaps[] = {
    {
        .range_start = 0x20, .range_length = 95, .glyph_id_start = 1,
        .unicode_list = NULL, .glyph_id_ofs_list = NULL, .list_length = 0, .type = LV_FONT_FMT_TXT_CMAP_FORMAT0_TINY
    },
    {
        .range_start = 192, .range_length = 7738, .glyph_id_start = 96,
        .unicode_list = unicode_list_vn, .glyph_id_ofs_list = NULL, .list_length = 134, .type = LV_FONT_FMT_TXT_CMAP_SPARSE_TINY
    }
};

/*--------------------
 *  ALL CUSTOM DATA
 *--------------------*/
static const lv_font_fmt_txt_dsc_t font_dsc = {
    .glyph_bitmap = glyph_bitmap,
    .glyph_dsc = glyph_dsc,
    .cmaps = cmaps,
    .kern_dsc = NULL,
    .kern_scale = 0,
    .cmap_num = 2,
    .bpp = 4,
    .kern_classes = 0,
    .bitmap_format = 0,
};

/*-----------------
 *  PUBLIC FONT
 *----------------*/
const lv_font_t lv_font_vn_30 = {
    .get_glyph_dsc = lv_font_get_glyph_dsc_fmt_txt,
    .get_glyph_bitmap = lv_font_get_bitmap_fmt_txt,
    .line_height = 35,
    .base_line = 7,
    .subpx = LV_FONT_SUBPX_NONE,
    .underline_position = 0,
    .underline_thickness = 0,
    .dsc = &font_dsc,
    .fallback = &lv_font_montserrat_30,  /* symbols + any missing glyph fall back here */
};

#endif /* LV_FONT_VN_30 */

#endif /* VIETHUD_P4 */
